Workbook

Sheet 1201
B1: ◈ KK저장소 복합단가 운영표 - 단지저장소
B5: 이 월 재 고 | G5: [단위:리터/원]
B7: 유종 | D7: 탱크용량 | E7: 재고수량 | F7: 재고율 | G7: 단가
C8: G | D8: 0 | E8: 0 | F8: 0 | G8: 0
C9: K | D9: 200000 | E9: 55700 | F9: 0.2785 | G9: 1058.7304
C10: D | D10: 500000 | E10: 66705 | F10: 0.13341 | G10: 1490.0255
B13: 출고내역(K) | G13: [단위:리터/원] | J13: 출고내역(LD) | O13: [단위:리터/원]
B14: 유종 | C14: 일반매출(사내이관 포함) | J14: 유종 | K14: 일반매출(사내이관 포함)
C15: 거래처명 | D15: 수량 | E15: 출고단가 | F15: 재고단가 | G15: 단가차액 | H15: 이익 | K15: 거래처명 | L15: 수량 | M15: 출고단가 | N15: 재고단가 | O15: 단가차액 | P15: 이익
B16: 실내 등유 | D16: 5000 | F16: 1058.7304 | G16: -1058.7304 | H16: -5293652.1 | J16: 경유 | L16: 3000 | N16: 1490.0255 | O16: -1490.0255 | P16: -4470076.6
B23: 소 계 | D23: 5000 | H23: -5293652.1 | J23: 소 계 | L23: 3000 | P23: -4470076.6
B26: 마 감 재 고 | G26: [단위:리터/원] | J26: 입 고 내 역 | O26: [단위:리터/원]
B27: 유종 | C27: 수량 | E27: 단가 | G27: 환산금액 | J27: 유종 | K27: 수량 | M27: 사입단가 | O27: 환산금액
B28: G | C28: 0 | E28: 0 | G28: 0 | J28: G | K28: 0 | O28: 0
B29: K | C29: 50700 | E29: 1058.7304 | G29: 53677632 | J29: K | O29: 0
B30: D | C30: 63705 | E30: 1490.0255 | G30: 94922077 | J30: D | O30: 0
B33: 복 합 단 가
B34: 유종 | C34: 수량 | E34: 금액 | G34: 복 합 단 가
B35: G | C35: 0 | E35: 0 | G35: 0
B36: K | C36: 50700 | E36: 53677632 | G36: 1058.7304
B37: D | C37: 63705 | E37: 94922077 | G37: 1490.0255
B39: 재 고 현 황 | O39: [단위:리터/원]
C40: 전일 | F40: 금일 | N40: 복합단가 | O40: 증감
C41: 재고 | F41: 입고 | H41: 출고 | K41: 마 감 재 고 | M41: 재고율
B42: 휘발유 | P42: .
B43: 등 유 | C43: 55700 | F43: 0 | H43: 5000 | K43: 50764 | M43: 0.25382 | N43: 1058.7304 | O43: 64
B44: 경 유 | C44: 66705 | F44: 0 | H44: 3000 | K44: 62574 | M44: 0.125148 | N44: 1490.0255 | O44: -1131
G45: 복합단가의 재고수량과 단가는 보관물량 제외니 참고해주세요!

Sheet 1202
B1: ◈ KK저장소 복합단가 운영표 - 단지저장소
B5: 이 월 재 고 | G5: [단위:리터/원]
B7: 유종 | D7: 탱크용량 | E7: 재고수량 | F7: 재고율 | G7: 단가
C8: G | D8: 0 | E8: 0 | F8: 0 | G8: 0
C9: K | D9: 200000 | E9: =SUM('1201'!K43:L43) -> 50764 | F9: =E9/D9 -> 0.25382 | G9: =SUM('1201'!N43) -> 1058.7304
C10: D | D10: 500000 | E10: =SUM('1201'!K44:L44) -> 62574 | F10: =E10/D10 -> 0.125148 | G10: =SUM('1201'!N44) -> 1490.0255
B13: 출고내역(K) | G13: [단위:리터/원] | J13: 출고내역(LD) | O13: [단위:리터/원]
B14: 유종 | C14: 일반매출(사내이관 포함) | J14: 유종 | K14: 일반매출(사내이관 포함)
C15: 거래처명 | D15: 수량 | E15: 출고단가 | F15: 재고단가 | G15: 단가차액 | H15: 이익 | K15: 거래처명 | L15: 수량 | M15: 출고단가 | N15: 재고단가 | O15: 단가차액 | P15: 이익
B16: 실내 등유 | F16: =IF(D16="","",(SUM($G$9))) | G16: =IF(D16="","",(SUM(E16)-F16)) | H16: =IF(D16="","",(D16*G16)) | J16: 경유 | L16: 3000 | N16: =IF(L16="","",($G$10)) -> 1490.0255 | O16: =IF(L16="","",(SUM(M16)-N16)) -> -1490.0255 | P16: =IF(L16="","",(L16*O16)) -> -4470076.6
F17: =IF(D17="","",(SUM($G$9))) | G17: =IF(D17="","",(SUM(E17)-F17)) | H17: =IF(D17="","",(D17*G17)) | L17: 6000 | N17: =IF(L17="","",($G$10)) -> 1490.0255 | O17: =IF(L17="","",(SUM(M17)-N17)) -> -1490.0255 | P17: =IF(L17="","",(L17*O17)) -> -8940153.2
F18: =IF(D18="","",(SUM($G$9))) | G18: =IF(D18="","",(SUM(E18)-F18)) | H18: =IF(D18="","",(D18*G18)) | N18: =IF(L18="","",($G$10)) | O18: =IF(L18="","",(SUM(M18)-N18)) | P18: =IF(L18="","",(L18*O18))
F19: =IF(D19="","",(SUM($G$9))) | G19: =IF(D19="","",(SUM(E19)-F19)) | H19: =IF(D19="","",(D19*G19)) | N19: =IF(L19="","",($G$10)) | O19: =IF(L19="","",(SUM(M19)-N19)) | P19: =IF(L19="","",(L19*O19))
F20: =IF(D20="","",(SUM($G$9))) | G20: =IF(D20="","",(SUM(E20)-F20)) | H20: =IF(D20="","",(D20*G20)) | N20: =IF(L20="","",($G$10)) | O20: =IF(L20="","",(SUM(M20)-N20)) | P20: =IF(L20="","",(L20*O20))
F21: =IF(D21="","",(SUM($G$9))) | G21: =IF(D21="","",(SUM(E21)-F21)) | H21: =IF(D21="","",(D21*G21)) | N21: =IF(L21="","",($G$10)) | O21: =IF(L21="","",(SUM(M21)-N21)) | P21: =IF(L21="","",(L21*O21))
F22: =IF(D22="","",(SUM($G$9))) | G22: =IF(D22="","",(SUM(E22)-F22)) | H22: =IF(D22="","",(D22*G22)) | N22: =IF(L22="","",($G$10)) | O22: =IF(L22="","",(SUM(M22)-N22)) | P22: =IF(L22="","",(L22*O22))
B23: 소 계 | D23: =SUM(D16:D22) -> 0 | H23: =SUM(H16:H22) -> 0 | J23: 소 계 | L23: =SUM(L16:L22) -> 9000 | P23: =SUM(P16:P22) -> -13410230
B26: 마 감 재 고 | G26: [단위:리터/원] | J26: 입 고 내 역 | O26: [단위:리터/원]
B27: 유종 | C27: 수량 | E27: 단가 | G27: 환산금액 | J27: 유종 | K27: 수량 | M27: 사입단가 | O27: 환산금액
B28: G | C28: 0 | E28: 0 | G28: 0 | J28: G | K28: 0 | O28: 0
B29: K | C29: =$E$9-$D$23 -> 50764 | E29: =$G$9 -> 1058.7304 | G29: =C29*E29 -> 53745391 | J29: K | O29: =K29*M29 -> 0
B30: D | C30: =$E$10-$L$23 -> 53574 | E30: =$G$10 -> 1490.0255 | G30: =C30*E30 -> 79826628 | J30: D | O30: =K30*M30 -> 0
B33: 복 합 단 가
B34: 유종 | C34: 수량 | E34: 금액 | G34: 복 합 단 가
B35: G | C35: 0 | E35: 0 | G35: 0
B36: K | C36: =$C$29+$K$29 -> 50764 | E36: =$G$29+$O$29-K36 -> 53745391 | G36: =E36/C36 -> 1058.7304
B37: D | C37: =$C$30+$K$30 -> 53574 | E37: =$G$30+$O$30 -> 79826628 | G37: =E37/C37 -> 1490.0255
B39: 재 고 현 황 | O39: [단위:리터/원]
C40: 전일 | F40: 금일 | N40: 복합단가 | O40: 증감
C41: 재고 | F41: 입고 | H41: 출고 | K41: 마 감 재 고 | M41: 재고율
B42: 휘발유 | P42: .
B43: 등 유 | C43: =SUM($E$9) -> 50764 | F43: =$K$29 -> 0 | H43: =$D$23 -> 0 | K43: =$C$43-$H$43+$F$43+$O$43 -> 50764 | M43: =SUM($K$43)/$D$9 -> 0.25382 | N43: =$G$36 -> 1058.7304
B44: 경 유 | C44: =SUM($E$10) -> 62574 | F44: =$K$30 -> 0 | H44: =$L$23 -> 9000 | K44: =$C$44-$H$44+$F$44+$O$44 -> 53574 | M44: =SUM($K$44)/D10 -> 0.107148 | N44: =$G$37 -> 1490.0255
G45: 복합단가의 재고수량과 단가는 보관물량 제외니 참고해주세요!

Sheet 1203
B1: ◈ KK저장소 복합단가 운영표 - 단지저장소
B5: 이 월 재 고 | G5: [단위:리터/원]
B7: 유종 | D7: 탱크용량 | E7: 재고수량 | F7: 재고율 | G7: 단가
C8: G | D8: 0 | E8: 0 | F8: 0 | G8: 0
C9: K | D9: 200000 | E9: =SUM('1202'!K43:L43) -> 50764 | F9: =E9/D9 -> 0.25382 | G9: =SUM('1202'!N43) -> 1058.7304
C10: D | D10: 500000 | E10: =SUM('1202'!K44:L44) -> 53574 | F10: =E10/D10 -> 0.107148 | G10: =SUM('1202'!N44) -> 1490.0255
B13: 출고내역(K) | G13: [단위:리터/원] | J13: 출고내역(LD) | O13: [단위:리터/원]
B14: 유종 | C14: 일반매출(사내이관 포함) | J14: 유종 | K14: 일반매출(사내이관 포함)
C15: 거래처명 | D15: 수량 | E15: 출고단가 | F15: 재고단가 | G15: 단가차액 | H15: 이익 | K15: 거래처명 | L15: 수량 | M15: 출고단가 | N15: 재고단가 | O15: 단가차액 | P15: 이익
B16: 실내 등유 | D16: 5700 | F16: =IF(D16="","",(SUM($G$9))) -> 1058.7304 | G16: =IF(D16="","",(SUM(E16)-F16)) -> -1058.7304 | H16: =IF(D16="","",(D16*G16)) -> -6034763.4 | J16: 경유 | L16: 1000 | N16: =IF(L16="","",($G$10)) -> 1490.0255 | O16: =IF(L16="","",(SUM(M16)-N16)) -> -1490.0255 | P16: =IF(L16="","",(L16*O16)) -> -1490025.5
D17: 1700 | F17: =IF(D17="","",(SUM($G$9))) -> 1058.7304 | G17: =IF(D17="","",(SUM(E17)-F17)) -> -1058.7304 | H17: =IF(D17="","",(D17*G17)) -> -1799841.7 | L17: 3000 | N17: =IF(L17="","",($G$10)) -> 1490.0255 | O17: =IF(L17="","",(SUM(M17)-N17)) -> -1490.0255 | P17: =IF(L17="","",(L17*O17)) -> -4470076.6
D18: 1000 | F18: =IF(D18="","",(SUM($G$9))) -> 1058.7304 | G18: =IF(D18="","",(SUM(E18)-F18)) -> -1058.7304 | H18: =IF(D18="","",(D18*G18)) -> -1058730.4 | N18: =IF(L18="","",($G$10)) | O18: =IF(L18="","",(SUM(M18)-N18)) | P18: =IF(L18="","",(L18*O18))
F19: =IF(D19="","",(SUM($G$9))) | G19: =IF(D19="","",(SUM(E19)-F19)) | H19: =IF(D19="","",(D19*G19)) | N19: =IF(L19="","",($G$10)) | O19: =IF(L19="","",(SUM(M19)-N19)) | P19: =IF(L19="","",(L19*O19))
F20: =IF(D20="","",(SUM($G$9))) | G20: =IF(D20="","",(SUM(E20)-F20)) | H20: =IF(D20="","",(D20*G20)) | N20: =IF(L20="","",($G$10)) | O20: =IF(L20="","",(SUM(M20)-N20)) | P20: =IF(L20="","",(L20*O20))
F21: =IF(D21="","",(SUM($G$9))) | G21: =IF(D21="","",(SUM(E21)-F21)) | H21: =IF(D21="","",(D21*G21)) | N21: =IF(L21="","",($G$10)) | O21: =IF(L21="","",(SUM(M21)-N21)) | P21: =IF(L21="","",(L21*O21))
F22: =IF(D22="","",(SUM($G$9))) | G22: =IF(D22="","",(SUM(E22)-F22)) | H22: =IF(D22="","",(D22*G22)) | N22: =IF(L22="","",($G$10)) | O22: =IF(L22="","",(SUM(M22)-N22)) | P22: =IF(L22="","",(L22*O22))
B23: 소 계 | D23: =SUM(D16:D22) -> 8400 | H23: =SUM(H16:H22) -> -8893335.5 | J23: 소 계 | L23: =SUM(L16:L22) -> 4000 | P23: =SUM(P16:P22) -> -5960102.2
B26: 마 감 재 고 | G26: [단위:리터/원] | J26: 입 고 내 역 | O26: [단위:리터/원]
B27: 유종 | C27: 수량 | E27: 단가 | G27: 환산금액 | J27: 유종 | K27: 수량 | M27: 사입단가 | O27: 환산금액
B28: G | C28: 0 | E28: 0 | G28: 0 | J28: G | K28: 0 | O28: 0
B29: K | C29: =$E$9-$D$23 -> 42364 | E29: =$G$9 -> 1058.7304 | G29: =C29*E29 -> 44852055 | J29: K | O29: =K29*M29 -> 0
B30: D | C30: =$E$10-$L$23 -> 49574 | E30: =$G$10 -> 1490.0255 | G30: =C30*E30 -> 73866526 | J30: D | O30: =K30*M30 -> 0
B33: 복 합 단 가
B34: 유종 | C34: 수량 | E34: 금액 | G34: 복 합 단 가
B35: G | C35: 0 | E35: 0 | G35: 0
B36: K | C36: =$C$29+$K$29 -> 42364 | E36: =$G$29+$O$29-K36 -> 44852055 | G36: =E36/C36 -> 1058.7304
B37: D | C37: =$C$30+$K$30 -> 49574 | E37: =$G$30+$O$30 -> 73866526 | G37: =E37/C37 -> 1490.0255
B39: 재 고 현 황 | O39: [단위:리터/원]
C40: 전일 | F40: 금일 | N40: 복합단가 | O40: 증감
C41: 재고 | F41: 입고 | H41: 출고 | K41: 마 감 재 고 | M41: 재고율
B42: 휘발유 | P42: .
B43: 등 유 | C43: =SUM($E$9) -> 50764 | F43: =$K$29 -> 0 | H43: =$D$23 -> 8400 | K43: =$C$43-$H$43+$F$43+$O$43 -> 42364 | M43: =SUM($K$43)/$D$9 -> 0.21182 | N43: =$G$36 -> 1058.7304
B44: 경 유 | C44: =SUM($E$10) -> 53574 | F44: =$K$30 -> 0 | H44: =$L$23 -> 4000 | K44: =$C$44-$H$44+$F$44+$O$44 -> 49574 | M44: =SUM($K$44)/D10 -> 0.099148 | N44: =$G$37 -> 1490.0255
G45: 복합단가의 재고수량과 단가는 보관물량 제외니 참고해주세요!

Sheet 1204
B1: ◈ KK저장소 복합단가 운영표 - 단지저장소
B5: 이 월 재 고 | G5: [단위:리터/원]
B7: 유종 | D7: 탱크용량 | E7: 재고수량 | F7: 재고율 | G7: 단가
C8: G | D8: 0 | E8: 0 | F8: 0 | G8: 0
C9: K | D9: 200000 | E9: =SUM('1203'!K43:L43) -> 42364 | F9: =E9/D9 -> 0.21182 | G9: =SUM('1203'!N43) -> 1058.7304
C10: D | D10: 500000 | E10: =SUM('1203'!K44:L44) -> 49574 | F10: =E10/D10 -> 0.099148 | G10: =SUM('1203'!N44) -> 1490.0255
B13: 출고내역(K) | G13: [단위:리터/원] | J13: 출고내역(LD) | O13: [단위:리터/원]
B14: 유종 | C14: 일반매출(사내이관 포함) | J14: 유종 | K14: 일반매출(사내이관 포함)
C15: 거래처명 | D15: 수량 | E15: 출고단가 | F15: 재고단가 | G15: 단가차액 | H15: 이익 | K15: 거래처명 | L15: 수량 | M15: 출고단가 | N15: 재고단가 | O15: 단가차액 | P15: 이익
B16: 실내 등유 | D16: 8000 | F16: =IF(D16="","",(SUM($G$9))) -> 1058.7304 | G16: =IF(D16="","",(SUM(E16)-F16)) -> -1058.7304 | H16: =IF(D16="","",(D16*G16)) -> -8469843.3 | J16: 경유 | L16: 1000 | N16: =IF(L16="","",($G$10)) -> 1490.0255 | O16: =IF(L16="","",(SUM(M16)-N16)) -> -1490.0255 | P16: =IF(L16="","",(L16*O16)) -> -1490025.5
D17: 2000 | F17: =IF(D17="","",(SUM($G$9))) -> 1058.7304 | G17: =IF(D17="","",(SUM(E17)-F17)) -> -1058.7304 | H17: =IF(D17="","",(D17*G17)) -> -2117460.8 | L17: 3000 | N17: =IF(L17="","",($G$10)) -> 1490.0255 | O17: =IF(L17="","",(SUM(M17)-N17)) -> -1490.0255 | P17: =IF(L17="","",(L17*O17)) -> -4470076.6
D18: 1500 | F18: =IF(D18="","",(SUM($G$9))) -> 1058.7304 | G18: =IF(D18="","",(SUM(E18)-F18)) -> -1058.7304 | H18: =IF(D18="","",(D18*G18)) -> -1588095.6 | L18: 3000 | N18: =IF(L18="","",($G$10)) -> 1490.0255 | O18: =IF(L18="","",(SUM(M18)-N18)) -> -1490.0255 | P18: =IF(L18="","",(L18*O18)) -> -4470076.6
D19: 20000 | F19: =IF(D19="","",(SUM($G$9))) -> 1058.7304 | G19: =IF(D19="","",(SUM(E19)-F19)) -> -1058.7304 | H19: =IF(D19="","",(D19*G19)) -> -21174608 | N19: =IF(L19="","",($G$10)) | O19: =IF(L19="","",(SUM(M19)-N19)) | P19: =IF(L19="","",(L19*O19))
D20: 1000 | F20: =IF(D20="","",(SUM($G$9))) -> 1058.7304 | G20: =IF(D20="","",(SUM(E20)-F20)) -> -1058.7304 | H20: =IF(D20="","",(D20*G20)) -> -1058730.4 | N20: =IF(L20="","",($G$10)) | O20: =IF(L20="","",(SUM(M20)-N20)) | P20: =IF(L20="","",(L20*O20))
F21: =IF(D21="","",(SUM($G$9))) | G21: =IF(D21="","",(SUM(E21)-F21)) | H21: =IF(D21="","",(D21*G21)) | N21: =IF(L21="","",($G$10)) | O21: =IF(L21="","",(SUM(M21)-N21)) | P21: =IF(L21="","",(L21*O21))
F22: =IF(D22="","",(SUM($G$9))) | G22: =IF(D22="","",(SUM(E22)-F22)) | H22: =IF(D22="","",(D22*G22)) | N22: =IF(L22="","",($G$10)) | O22: =IF(L22="","",(SUM(M22)-N22)) | P22: =IF(L22="","",(L22*O22))
B23: 소 계 | D23: =SUM(D16:D22) -> 32500 | H23: =SUM(H16:H22) -> -34408739 | J23: 소 계 | L23: =SUM(L16:L22) -> 7000 | P23: =SUM(P16:P22) -> -10430179
B26: 마 감 재 고 | G26: [단위:리터/원] | J26: 입 고 내 역 | O26: [단위:리터/원]
B27: 유종 | C27: 수량 | E27: 단가 | G27: 환산금액 | J27: 유종 | K27: 수량 | M27: 사입단가 | O27: 환산금액
B28: G | C28: 0 | E28: 0 | G28: 0 | J28: G | K28: 0 | O28: 0
B29: K | C29: =$E$9-$D$23 -> 9864 | E29: =$G$9 -> 1058.7304 | G29: =C29*E29 -> 10443317 | J29: K | K29: 20000 | M29: 1064.5 | O29: =K29*M29 -> 21290000
B30: D | C30: =$E$10-$L$23 -> 42574 | E30: =$G$10 -> 1490.0255 | G30: =C30*E30 -> 63436347 | J30: D | O30: =K30*M30 -> 0
B33: 복 합 단 가
B34: 유종 | C34: 수량 | E34: 금액 | G34: 복 합 단 가
B35: G | C35: 0 | E35: 0 | G35: 0
B36: K | C36: =$C$29+$K$29 -> 29864 | E36: =$G$29+$O$29-K36 -> 31733317 | G36: =E36/C36 -> 1062.5943
B37: D | C37: =$C$30+$K$30 -> 42574 | E37: =$G$30+$O$30 -> 63436347 | G37: =E37/C37 -> 1490.0255
B39: 재 고 현 황 | O39: [단위:리터/원]
C40: 전일 | F40: 금일 | N40: 복합단가 | O40: 증감
C41: 재고 | F41: 입고 | H41: 출고 | K41: 마 감 재 고 | M41: 재고율
B42: 휘발유 | P42: .
B43: 등 유 | C43: =SUM($E$9) -> 42364 | F43: =$K$29 -> 20000 | H43: =$D$23 -> 32500 | K43: =$C$43-$H$43+$F$43+$O$43 -> 29864 | M43: =SUM($K$43)/$D$9 -> 0.14932 | N43: =$G$36 -> 1062.5943
B44: 경 유 | C44: =SUM($E$10) -> 49574 | F44: =$K$30 -> 0 | H44: =$L$23 -> 7000 | K44: =$C$44-$H$44+$F$44+$O$44 -> 42574 | M44: =SUM($K$44)/D10 -> 0.085148 | N44: =$G$37 -> 1490.0255
G45: 복합단가의 재고수량과 단가는 보관물량 제외니 참고해주세요!

Sheet 1205
B1: ◈ KK저장소 복합단가 운영표 - 단지저장소
B5: 이 월 재 고 | G5: [단위:리터/원]
B7: 유종 | D7: 탱크용량 | E7: 재고수량 | F7: 재고율 | G7: 단가
C8: G | D8: 0 | E8: 0 | F8: 0 | G8: 0
C9: K | D9: 200000 | E9: =SUM('1204'!K43:L43) -> 29864 | F9: =E9/D9 -> 0.14932 | G9: =SUM('1204'!N43) -> 1062.5943
C10: D | D10: 500000 | E10: =SUM('1204'!K44:L44) -> 42574 | F10: =E10/D10 -> 0.085148 | G10: =SUM('1204'!N44) -> 1490.0255
B13: 출고내역(K) | G13: [단위:리터/원] | J13: 출고내역(LD) | O13: [단위:리터/원]
B14: 유종 | C14: 일반매출(사내이관 포함) | J14: 유종 | K14: 일반매출(사내이관 포함)
C15: 거래처명 | D15: 수량 | E15: 출고단가 | F15: 재고단가 | G15: 단가차액 | H15: 이익 | K15: 거래처명 | L15: 수량 | M15: 출고단가 | N15: 재고단가 | O15: 단가차액 | P15: 이익
B16: 실내 등유 | D16: 5150 | F16: =IF(D16="","",(SUM($G$9))) -> 1062.5943 | G16: =IF(D16="","",(SUM(E16)-F16)) -> -1062.5943 | H16: =IF(D16="","",(D16*G16)) -> -5472360.8 | J16: 경유 | L16: 3000 | N16: =IF(L16="","",($G$10)) -> 1490.0255 | O16: =IF(L16="","",(SUM(M16)-N16)) -> -1490.0255 | P16: =IF(L16="","",(L16*O16)) -> -4470076.6
D17: 1500 | F17: =IF(D17="","",(SUM($G$9))) -> 1062.5943 | G17: =IF(D17="","",(SUM(E17)-F17)) -> -1062.5943 | H17: =IF(D17="","",(D17*G17)) -> -1593891.5 | L17: 3000 | N17: =IF(L17="","",($G$10)) -> 1490.0255 | O17: =IF(L17="","",(SUM(M17)-N17)) -> -1490.0255 | P17: =IF(L17="","",(L17*O17)) -> -4470076.6
D18: 1000 | F18: =IF(D18="","",(SUM($G$9))) -> 1062.5943 | G18: =IF(D18="","",(SUM(E18)-F18)) -> -1062.5943 | H18: =IF(D18="","",(D18*G18)) -> -1062594.3 | L18: 900 | N18: =IF(L18="","",($G$10)) -> 1490.0255 | O18: =IF(L18="","",(SUM(M18)-N18)) -> -1490.0255 | P18: =IF(L18="","",(L18*O18)) -> -1341023
F19: =IF(D19="","",(SUM($G$9))) | G19: =IF(D19="","",(SUM(E19)-F19)) | H19: =IF(D19="","",(D19*G19)) | L19: 3000 | N19: =IF(L19="","",($G$10)) -> 1490.0255 | O19: =IF(L19="","",(SUM(M19)-N19)) -> -1490.0255 | P19: =IF(L19="","",(L19*O19)) -> -4470076.6
F20: =IF(D20="","",(SUM($G$9))) | G20: =IF(D20="","",(SUM(E20)-F20)) | H20: =IF(D20="","",(D20*G20)) | L20: 5000 | N20: =IF(L20="","",($G$10)) -> 1490.0255 | O20: =IF(L20="","",(SUM(M20)-N20)) -> -1490.0255 | P20: =IF(L20="","",(L20*O20)) -> -7450127.7
F21: =IF(D21="","",(SUM($G$9))) | G21: =IF(D21="","",(SUM(E21)-F21)) | H21: =IF(D21="","",(D21*G21)) | N21: =IF(L21="","",($G$10)) | O21: =IF(L21="","",(SUM(M21)-N21)) | P21: =IF(L21="","",(L21*O21))
F22: =IF(D22="","",(SUM($G$9))) | G22: =IF(D22="","",(SUM(E22)-F22)) | H22: =IF(D22="","",(D22*G22)) | N22: =IF(L22="","",($G$10)) | O22: =IF(L22="","",(SUM(M22)-N22)) | P22: =IF(L22="","",(L22*O22))
B23: 소 계 | D23: =SUM(D16:D22) -> 7650 | H23: =SUM(H16:H22) -> -8128846.6 | J23: 소 계 | L23: =SUM(L16:L22) -> 14900 | P23: =SUM(P16:P22) -> -22201381
B26: 마 감 재 고 | G26: [단위:리터/원] | J26: 입 고 내 역 | O26: [단위:리터/원]
B27: 유종 | C27: 수량 | E27: 단가 | G27: 환산금액 | J27: 유종 | K27: 수량 | M27: 사입단가 | O27: 환산금액
B28: G | C28: 0 | E28: 0 | G28: 0 | J28: G | K28: 0 | O28: 0
B29: K | C29: =$E$9-$D$23 -> 22214 | E29: =$G$9 -> 1062.5943 | G29: =C29*E29 -> 23604470 | J29: K | O29: =K29*M29 -> 0
B30: D | C30: =$E$10-$L$23 -> 27674 | E30: =$G$10 -> 1490.0255 | G30: =C30*E30 -> 41234967 | J30: D | O30: =K30*M30 -> 0
B33: 복 합 단 가
B34: 유종 | C34: 수량 | E34: 금액 | G34: 복 합 단 가
B35: G | C35: 0 | E35: 0 | G35: 0
B36: K | C36: =$C$29+$K$29 -> 22214 | E36: =$G$29+$O$29-K36 -> 23604470 | G36: =E36/C36 -> 1062.5943
B37: D | C37: =$C$30+$K$30 -> 27674 | E37: =$G$30+$O$30 -> 41234967 | G37: =E37/C37 -> 1490.0255
B39: 재 고 현 황 | O39: [단위:리터/원]
C40: 전일 | F40: 금일 | N40: 복합단가 | O40: 증감
C41: 재고 | F41: 입고 | H41: 출고 | K41: 마 감 재 고 | M41: 재고율
B42: 휘발유 | P42: .
B43: 등 유 | C43: =SUM($E$9) -> 29864 | F43: =$K$29 -> 0 | H43: =$D$23 -> 7650 | K43: =$C$43-$H$43+$F$43+$O$43 -> 22214 | M43: =SUM($K$43)/$D$9 -> 0.11107 | N43: =$G$36 -> 1062.5943
B44: 경 유 | C44: =SUM($E$10) -> 42574 | F44: =$K$30 -> 0 | H44: =$L$23 -> 14900 | K44: =$C$44-$H$44+$F$44+$O$44 -> 27674 | M44: =SUM($K$44)/D10 -> 0.055348 | N44: =$G$37 -> 1490.0255
G45: 복합단가의 재고수량과 단가는 보관물량 제외니 참고해주세요!

Sheet 1208
B1: ◈ KK저장소 복합단가 운영표 - 단지저장소
B5: 이 월 재 고 | G5: [단위:리터/원]
B7: 유종 | D7: 탱크용량 | E7: 재고수량 | F7: 재고율 | G7: 단가
C8: G | D8: 0 | E8: 0 | F8: 0 | G8: 0
C9: K | D9: 200000 | E9: =SUM('1205'!K43:L43) -> 22214 | F9: =E9/D9 -> 0.11107 | G9: =SUM('1205'!N43) -> 1062.5943
C10: D | D10: 500000 | E10: =SUM('1205'!K44:L44) -> 27674 | F10: =E10/D10 -> 0.055348 | G10: =SUM('1205'!N44) -> 1490.0255
B13: 출고내역(K) | G13: [단위:리터/원] | J13: 출고내역(LD) | O13: [단위:리터/원]
B14: 유종 | C14: 일반매출(사내이관 포함) | J14: 유종 | K14: 일반매출(사내이관 포함)
C15: 거래처명 | D15: 수량 | E15: 출고단가 | F15: 재고단가 | G15: 단가차액 | H15: 이익 | K15: 거래처명 | L15: 수량 | M15: 출고단가 | N15: 재고단가 | O15: 단가차액 | P15: 이익
B16: 실내 등유 | D16: 2800 | F16: =IF(D16="","",(SUM($G$9))) -> 1062.5943 | G16: =IF(D16="","",(SUM(E16)-F16)) -> -1062.5943 | H16: =IF(D16="","",(D16*G16)) -> -2975264.1 | J16: 경유 | N16: =IF(L16="","",($G$10)) | O16: =IF(L16="","",(SUM(M16)-N16)) | P16: =IF(L16="","",(L16*O16))
D17: 1000 | F17: =IF(D17="","",(SUM($G$9))) -> 1062.5943 | G17: =IF(D17="","",(SUM(E17)-F17)) -> -1062.5943 | H17: =IF(D17="","",(D17*G17)) -> -1062594.3 | N17: =IF(L17="","",($G$10)) | O17: =IF(L17="","",(SUM(M17)-N17)) | P17: =IF(L17="","",(L17*O17))
D18: 1900 | F18: =IF(D18="","",(SUM($G$9))) -> 1062.5943 | G18: =IF(D18="","",(SUM(E18)-F18)) -> -1062.5943 | H18: =IF(D18="","",(D18*G18)) -> -2018929.2 | N18: =IF(L18="","",($G$10)) | O18: =IF(L18="","",(SUM(M18)-N18)) | P18: =IF(L18="","",(L18*O18))
F19: =IF(D19="","",(SUM($G$9))) | G19: =IF(D19="","",(SUM(E19)-F19)) | H19: =IF(D19="","",(D19*G19)) | N19: =IF(L19="","",($G$10)) | O19: =IF(L19="","",(SUM(M19)-N19)) | P19: =IF(L19="","",(L19*O19))
F20: =IF(D20="","",(SUM($G$9))) | G20: =IF(D20="","",(SUM(E20)-F20)) | H20: =IF(D20="","",(D20*G20)) | N20: =IF(L20="","",($G$10)) | O20: =IF(L20="","",(SUM(M20)-N20)) | P20: =IF(L20="","",(L20*O20))
F21: =IF(D21="","",(SUM($G$9))) | G21: =IF(D21="","",(SUM(E21)-F21)) | H21: =IF(D21="","",(D21*G21)) | N21: =IF(L21="","",($G$10)) | O21: =IF(L21="","",(SUM(M21)-N21)) | P21: =IF(L21="","",(L21*O21))
F22: =IF(D22="","",(SUM($G$9))) | G22: =IF(D22="","",(SUM(E22)-F22)) | H22: =IF(D22="","",(D22*G22)) | N22: =IF(L22="","",($G$10)) | O22: =IF(L22="","",(SUM(M22)-N22)) | P22: =IF(L22="","",(L22*O22))
B23: 소 계 | D23: =SUM(D16:D22) -> 5700 | H23: =SUM(H16:H22) -> -6056787.6 | J23: 소 계 | L23: =SUM(L16:L22) -> 0 | P23: =SUM(P16:P22) -> 0
B26: 마 감 재 고 | G26: [단위:리터/원] | J26: 입 고 내 역 | O26: [단위:리터/원]
B27: 유종 | C27: 수량 | E27: 단가 | G27: 환산금액 | J27: 유종 | K27: 수량 | M27: 사입단가 | O27: 환산금액
B28: G | C28: 0 | E28: 0 | G28: 0 | J28: G | K28: 0 | O28: 0
B29: K | C29: =$E$9-$D$23 -> 16514 | E29: =$G$9 -> 1062.5943 | G29: =C29*E29 -> 17547683 | J29: K | O29: =K29*M29 -> 0
B30: D | C30: =$E$10-$L$23 -> 27674 | E30: =$G$10 -> 1490.0255 | G30: =C30*E30 -> 41234967 | J30: D | O30: =K30*M30 -> 0
B33: 복 합 단 가
B34: 유종 | C34: 수량 | E34: 금액 | G34: 복 합 단 가
B35: G | C35: 0 | E35: 0 | G35: 0
B36: K | C36: =$C$29+$K$29 -> 16514 | E36: =$G$29+$O$29-K36 -> 17547683 | G36: =E36/C36 -> 1062.5943
B37: D | C37: =$C$30+$K$30 -> 27674 | E37: =$G$30+$O$30 -> 41234967 | G37: =E37/C37 -> 1490.0255
B39: 재 고 현 황 | O39: [단위:리터/원]
C40: 전일 | F40: 금일 | N40: 복합단가 | O40: 증감
C41: 재고 | F41: 입고 | H41: 출고 | K41: 마 감 재 고 | M41: 재고율
B42: 휘발유 | P42: .
B43: 등 유 | C43: =SUM($E$9) -> 22214 | F43: =$K$29 -> 0 | H43: =$D$23 -> 5700 | K43: =$C$43-$H$43+$F$43+$O$43 -> 16514 | M43: =SUM($K$43)/$D$9 -> 0.08257 | N43: =$G$36 -> 1062.5943
B44: 경 유 | C44: =SUM($E$10) -> 27674 | F44: =$K$30 -> 0 | H44: =$L$23 -> 0 | K44: =$C$44-$H$44+$F$44+$O$44 -> 27674 | M44: =SUM($K$44)/D10 -> 0.055348 | N44: =$G$37 -> 1490.0255
G45: 복합단가의 재고수량과 단가는 보관물량 제외니 참고해주세요!

Sheet 1209
B1: ◈ KK저장소 복합단가 운영표 - 단지저장소
B5: 이 월 재 고 | G5: [단위:리터/원]
B7: 유종 | D7: 탱크용량 | E7: 재고수량 | F7: 재고율 | G7: 단가
C8: G | D8: 0 | E8: 0 | F8: 0 | G8: 0
C9: K | D9: 200000 | E9: =SUM('1208'!K43:L43) -> 16514 | F9: =E9/D9 -> 0.08257 | G9: =SUM('1208'!N43) -> 1062.5943
C10: D | D10: 500000 | E10: =SUM('1208'!K44:L44) -> 27674 | F10: =E10/D10 -> 0.055348 | G10: =SUM('1208'!N44) -> 1490.0255
B13: 출고내역(K) | G13: [단위:리터/원] | J13: 출고내역(LD) | O13: [단위:리터/원]
B14: 유종 | C14: 일반매출(사내이관 포함) | J14: 유종 | K14: 일반매출(사내이관 포함)
C15: 거래처명 | D15: 수량 | E15: 출고단가 | F15: 재고단가 | G15: 단가차액 | H15: 이익 | K15: 거래처명 | L15: 수량 | M15: 출고단가 | N15: 재고단가 | O15: 단가차액 | P15: 이익
B16: 실내 등유 | D16: 2000 | F16: =IF(D16="","",(SUM($G$9))) -> 1062.5943 | G16: =IF(D16="","",(SUM(E16)-F16)) -> -1062.5943 | H16: =IF(D16="","",(D16*G16)) -> -2125188.6 | J16: 경유 | L16: 3000 | N16: =IF(L16="","",($G$10)) -> 1490.0255 | O16: =IF(L16="","",(SUM(M16)-N16)) -> -1490.0255 | P16: =IF(L16="","",(L16*O16)) -> -4470076.6
D17: 1500 | F17: =IF(D17="","",(SUM($G$9))) -> 1062.5943 | G17: =IF(D17="","",(SUM(E17)-F17)) -> -1062.5943 | H17: =IF(D17="","",(D17*G17)) -> -1593891.5 | L17: 3000 | N17: =IF(L17="","",($G$10)) -> 1490.0255 | O17: =IF(L17="","",(SUM(M17)-N17)) -> -1490.0255 | P17: =IF(L17="","",(L17*O17)) -> -4470076.6
F18: =IF(D18="","",(SUM($G$9))) | G18: =IF(D18="","",(SUM(E18)-F18)) | H18: =IF(D18="","",(D18*G18)) | L18: 500 | N18: =IF(L18="","",($G$10)) -> 1490.0255 | O18: =IF(L18="","",(SUM(M18)-N18)) -> -1490.0255 | P18: =IF(L18="","",(L18*O18)) -> -745012.77
F19: =IF(D19="","",(SUM($G$9))) | G19: =IF(D19="","",(SUM(E19)-F19)) | H19: =IF(D19="","",(D19*G19)) | N19: =IF(L19="","",($G$10)) | O19: =IF(L19="","",(SUM(M19)-N19)) | P19: =IF(L19="","",(L19*O19))
F20: =IF(D20="","",(SUM($G$9))) | G20: =IF(D20="","",(SUM(E20)-F20)) | H20: =IF(D20="","",(D20*G20)) | N20: =IF(L20="","",($G$10)) | O20: =IF(L20="","",(SUM(M20)-N20)) | P20: =IF(L20="","",(L20*O20))
F21: =IF(D21="","",(SUM($G$9))) | G21: =IF(D21="","",(SUM(E21)-F21)) | H21: =IF(D21="","",(D21*G21)) | N21: =IF(L21="","",($G$10)) | O21: =IF(L21="","",(SUM(M21)-N21)) | P21: =IF(L21="","",(L21*O21))
F22: =IF(D22="","",(SUM($G$9))) | G22: =IF(D22="","",(SUM(E22)-F22)) | H22: =IF(D22="","",(D22*G22)) | N22: =IF(L22="","",($G$10)) | O22: =IF(L22="","",(SUM(M22)-N22)) | P22: =IF(L22="","",(L22*O22))
B23: 소 계 | D23: =SUM(D16:D22) -> 3500 | H23: =SUM(H16:H22) -> -3719080.1 | J23: 소 계 | L23: =SUM(L16:L22) -> 6500 | P23: =SUM(P16:P22) -> -9685166
B26: 마 감 재 고 | G26: [단위:리터/원] | J26: 입 고 내 역 | O26: [단위:리터/원]
B27: 유종 | C27: 수량 | E27: 단가 | G27: 환산금액 | J27: 유종 | K27: 수량 | M27: 사입단가 | O27: 환산금액
B28: G | C28: 0 | E28: 0 | G28: 0 | J28: G | K28: 0 | O28: 0
B29: K | C29: =$E$9-$D$23 -> 13014 | E29: =$G$9 -> 1062.5943 | G29: =C29*E29 -> 13828603 | J29: K | O29: =K29*M29 -> 0
B30: D | C30: =$E$10-$L$23 -> 21174 | E30: =$G$10 -> 1490.0255 | G30: =C30*E30 -> 31549801 | J30: D | K30: 32000 | M30: 1455.1 | O30: =K30*M30 -> 46563200
B33: 복 합 단 가
B34: 유종 | C34: 수량 | E34: 금액 | G34: 복 합 단 가
B35: G | C35: 0 | E35: 0 | G35: 0
B36: K | C36: =$C$29+$K$29 -> 13014 | E36: =$G$29+$O$29-K36 -> 13828603 | G36: =E36/C36 -> 1062.5943
B37: D | C37: =$C$30+$K$30 -> 53174 | E37: =$G$30+$O$30 -> 78113001 | G37: =E37/C37 -> 1469.0074
B39: 재 고 현 황 | O39: [단위:리터/원]
C40: 전일 | F40: 금일 | N40: 복합단가 | O40: 증감
C41: 재고 | F41: 입고 | H41: 출고 | K41: 마 감 재 고 | M41: 재고율
B42: 휘발유 | P42: .
B43: 등 유 | C43: =SUM($E$9) -> 16514 | F43: =$K$29 -> 0 | H43: =$D$23 -> 3500 | K43: =$C$43-$H$43+$F$43+$O$43 -> 13014 | M43: =SUM($K$43)/$D$9 -> 0.06507 | N43: =$G$36 -> 1062.5943
B44: 경 유 | C44: =SUM($E$10) -> 27674 | F44: =$K$30 -> 32000 | H44: =$L$23 -> 6500 | K44: =$C$44-$H$44+$F$44+$O$44 -> 53174 | M44: =SUM($K$44)/D10 -> 0.106348 | N44: =$G$37 -> 1469.0074
G45: 복합단가의 재고수량과 단가는 보관물량 제외니 참고해주세요!

Sheet 1210
B1: ◈ KK저장소 복합단가 운영표 - 단지저장소
B5: 이 월 재 고 | G5: [단위:리터/원]
B7: 유종 | D7: 탱크용량 | E7: 재고수량 | F7: 재고율 | G7: 단가
C8: G | D8: 0 | E8: 0 | F8: 0 | G8: 0
C9: K | D9: 200000 | E9: =SUM('1209'!K43:L43) -> 13014 | F9: =E9/D9 -> 0.06507 | G9: =SUM('1209'!N43) -> 1062.5943
C10: D | D10: 500000 | E10: =SUM('1209'!K44:L44) -> 53174 | F10: =E10/D10 -> 0.106348 | G10: =SUM('1209'!N44) -> 1469.0074
B13: 출고내역(K) | G13: [단위:리터/원] | J13: 출고내역(LD) | O13: [단위:리터/원]
B14: 유종 | C14: 일반매출(사내이관 포함) | J14: 유종 | K14: 일반매출(사내이관 포함)
C15: 거래처명 | D15: 수량 | E15: 출고단가 | F15: 재고단가 | G15: 단가차액 | H15: 이익 | K15: 거래처명 | L15: 수량 | M15: 출고단가 | N15: 재고단가 | O15: 단가차액 | P15: 이익
B16: 실내 등유 | D16: 1300 | F16: =IF(D16="","",(SUM($G$9))) -> 1062.5943 | G16: =IF(D16="","",(SUM(E16)-F16)) -> -1062.5943 | H16: =IF(D16="","",(D16*G16)) -> -1381372.6 | J16: 경유 | L16: 4000 | N16: =IF(L16="","",($G$10)) -> 1469.0074 | O16: =IF(L16="","",(SUM(M16)-N16)) -> -1469.0074 | P16: =IF(L16="","",(L16*O16)) -> -5876029.7
D17: 1000 | F17: =IF(D17="","",(SUM($G$9))) -> 1062.5943 | G17: =IF(D17="","",(SUM(E17)-F17)) -> -1062.5943 | H17: =IF(D17="","",(D17*G17)) -> -1062594.3 | N17: =IF(L17="","",($G$10)) | O17: =IF(L17="","",(SUM(M17)-N17)) | P17: =IF(L17="","",(L17*O17))
F18: =IF(D18="","",(SUM($G$9))) | G18: =IF(D18="","",(SUM(E18)-F18)) | H18: =IF(D18="","",(D18*G18)) | N18: =IF(L18="","",($G$10)) | O18: =IF(L18="","",(SUM(M18)-N18)) | P18: =IF(L18="","",(L18*O18))
F19: =IF(D19="","",(SUM($G$9))) | G19: =IF(D19="","",(SUM(E19)-F19)) | H19: =IF(D19="","",(D19*G19)) | N19: =IF(L19="","",($G$10)) | O19: =IF(L19="","",(SUM(M19)-N19)) | P19: =IF(L19="","",(L19*O19))
F20: =IF(D20="","",(SUM($G$9))) | G20: =IF(D20="","",(SUM(E20)-F20)) | H20: =IF(D20="","",(D20*G20)) | N20: =IF(L20="","",($G$10)) | O20: =IF(L20="","",(SUM(M20)-N20)) | P20: =IF(L20="","",(L20*O20))
F21: =IF(D21="","",(SUM($G$9))) | G21: =IF(D21="","",(SUM(E21)-F21)) | H21: =IF(D21="","",(D21*G21)) | N21: =IF(L21="","",($G$10)) | O21: =IF(L21="","",(SUM(M21)-N21)) | P21: =IF(L21="","",(L21*O21))
F22: =IF(D22="","",(SUM($G$9))) | G22: =IF(D22="","",(SUM(E22)-F22)) | H22: =IF(D22="","",(D22*G22)) | N22: =IF(L22="","",($G$10)) | O22: =IF(L22="","",(SUM(M22)-N22)) | P22: =IF(L22="","",(L22*O22))
B23: 소 계 | D23: =SUM(D16:D22) -> 2300 | H23: =SUM(H16:H22) -> -2443966.9 | J23: 소 계 | L23: =SUM(L16:L22) -> 4000 | P23: =SUM(P16:P22) -> -5876029.7
B26: 마 감 재 고 | G26: [단위:리터/원] | J26: 입 고 내 역 | O26: [단위:리터/원]
B27: 유종 | C27: 수량 | E27: 단가 | G27: 환산금액 | J27: 유종 | K27: 수량 | M27: 사입단가 | O27: 환산금액
B28: G | C28: 0 | E28: 0 | G28: 0 | J28: G | K28: 0 | O28: 0
B29: K | C29: =$E$9-$D$23 -> 10714 | E29: =$G$9 -> 1062.5943 | G29: =C29*E29 -> 11384636 | J29: K | K29: 32000 | M29: 1023.1 | O29: =K29*M29 -> 32739200
B30: D | C30: =$E$10-$L$23 -> 49174 | E30: =$G$10 -> 1469.0074 | G30: =C30*E30 -> 72236971 | J30: D | O30: =K30*M30 -> 0
B33: 복 합 단 가
B34: 유종 | C34: 수량 | E34: 금액 | G34: 복 합 단 가
B35: G | C35: 0 | E35: 0 | G35: 0
B36: K | C36: =$C$29+$K$29 -> 42714 | E36: =$G$29+$O$29-K36 -> 44123836 | G36: =E36/C36 -> 1033.0064
B37: D | C37: =$C$30+$K$30 -> 49174 | E37: =$G$30+$O$30 -> 72236971 | G37: =E37/C37 -> 1469.0074
B39: 재 고 현 황 | O39: [단위:리터/원]
C40: 전일 | F40: 금일 | N40: 복합단가 | O40: 증감
C41: 재고 | F41: 입고 | H41: 출고 | K41: 마 감 재 고 | M41: 재고율
B42: 휘발유 | P42: .
B43: 등 유 | C43: =SUM($E$9) -> 13014 | F43: =$K$29 -> 32000 | H43: =$D$23 -> 2300 | K43: =$C$43-$H$43+$F$43+$O$43 -> 42714 | M43: =SUM($K$43)/$D$9 -> 0.21357 | N43: =$G$36 -> 1033.0064
B44: 경 유 | C44: =SUM($E$10) -> 53174 | F44: =$K$30 -> 0 | H44: =$L$23 -> 4000 | K44: =$C$44-$H$44+$F$44+$O$44 -> 49174 | M44: =SUM($K$44)/D10 -> 0.098348 | N44: =$G$37 -> 1469.0074
G45: 복합단가의 재고수량과 단가는 보관물량 제외니 참고해주세요!

Sheet 1211
B1: ◈ KK저장소 복합단가 운영표 - 단지저장소
B5: 이 월 재 고 | G5: [단위:리터/원]
B7: 유종 | D7: 탱크용량 | E7: 재고수량 | F7: 재고율 | G7: 단가
C8: G | D8: 0 | E8: 0 | F8: 0 | G8: 0
C9: K | D9: 200000 | E9: =SUM('1210'!K43:L43) -> 42714 | F9: =E9/D9 -> 0.21357 | G9: =SUM('1210'!N43) -> 1033.0064
C10: D | D10: 500000 | E10: =SUM('1210'!K44:L44) -> 49174 | F10: =E10/D10 -> 0.098348 | G10: =SUM('1210'!N44) -> 1469.0074
B13: 출고내역(K) | G13: [단위:리터/원] | J13: 출고내역(LD) | O13: [단위:리터/원]
B14: 유종 | C14: 일반매출(사내이관 포함) | J14: 유종 | K14: 일반매출(사내이관 포함)
C15: 거래처명 | D15: 수량 | E15: 출고단가 | F15: 재고단가 | G15: 단가차액 | H15: 이익 | K15: 거래처명 | L15: 수량 | M15: 출고단가 | N15: 재고단가 | O15: 단가차액 | P15: 이익
B16: 실내 등유 | D16: 4600 | F16: =IF(D16="","",(SUM($G$9))) -> 1033.0064 | G16: =IF(D16="","",(SUM(E16)-F16)) -> -1033.0064 | H16: =IF(D16="","",(D16*G16)) -> -4751829.5 | J16: 경유 | L16: 3000 | N16: =IF(L16="","",($G$10)) -> 1469.0074 | O16: =IF(L16="","",(SUM(M16)-N16)) -> -1469.0074 | P16: =IF(L16="","",(L16*O16)) -> -4407022.3
D17: 1000 | F17: =IF(D17="","",(SUM($G$9))) -> 1033.0064 | G17: =IF(D17="","",(SUM(E17)-F17)) -> -1033.0064 | H17: =IF(D17="","",(D17*G17)) -> -1033006.4 | L17: 3000 | N17: =IF(L17="","",($G$10)) -> 1469.0074 | O17: =IF(L17="","",(SUM(M17)-N17)) -> -1469.0074 | P17: =IF(L17="","",(L17*O17)) -> -4407022.3
F18: =IF(D18="","",(SUM($G$9))) | G18: =IF(D18="","",(SUM(E18)-F18)) | H18: =IF(D18="","",(D18*G18)) | N18: =IF(L18="","",($G$10)) | O18: =IF(L18="","",(SUM(M18)-N18)) | P18: =IF(L18="","",(L18*O18))
F19: =IF(D19="","",(SUM($G$9))) | G19: =IF(D19="","",(SUM(E19)-F19)) | H19: =IF(D19="","",(D19*G19)) | N19: =IF(L19="","",($G$10)) | O19: =IF(L19="","",(SUM(M19)-N19)) | P19: =IF(L19="","",(L19*O19))
F20: =IF(D20="","",(SUM($G$9))) | G20: =IF(D20="","",(SUM(E20)-F20)) | H20: =IF(D20="","",(D20*G20)) | N20: =IF(L20="","",($G$10)) | O20: =IF(L20="","",(SUM(M20)-N20)) | P20: =IF(L20="","",(L20*O20))
F21: =IF(D21="","",(SUM($G$9))) | G21: =IF(D21="","",(SUM(E21)-F21)) | H21: =IF(D21="","",(D21*G21)) | N21: =IF(L21="","",($G$10)) | O21: =IF(L21="","",(SUM(M21)-N21)) | P21: =IF(L21="","",(L21*O21))
F22: =IF(D22="","",(SUM($G$9))) | G22: =IF(D22="","",(SUM(E22)-F22)) | H22: =IF(D22="","",(D22*G22)) | N22: =IF(L22="","",($G$10)) | O22: =IF(L22="","",(SUM(M22)-N22)) | P22: =IF(L22="","",(L22*O22))
B23: 소 계 | D23: =SUM(D16:D22) -> 5600 | H23: =SUM(H16:H22) -> -5784835.9 | J23: 소 계 | L23: =SUM(L16:L22) -> 6000 | P23: =SUM(P16:P22) -> -8814044.5
B26: 마 감 재 고 | G26: [단위:리터/원] | J26: 입 고 내 역 | O26: [단위:리터/원]
B27: 유종 | C27: 수량 | E27: 단가 | G27: 환산금액 | J27: 유종 | K27: 수량 | M27: 사입단가 | O27: 환산금액
B28: G | C28: 0 | E28: 0 | G28: 0 | J28: G | K28: 0 | O28: 0
B29: K | C29: =$E$9-$D$23 -> 37114 | E29: =$G$9 -> 1033.0064 | G29: =C29*E29 -> 38339000 | J29: K | O29: =K29*M29 -> 0
B30: D | C30: =$E$10-$L$23 -> 43174 | E30: =$G$10 -> 1469.0074 | G30: =C30*E30 -> 63422927 | J30: D | K30: 32000 | M30: 1455.1 | O30: =K30*M30 -> 46563200
B33: 복 합 단 가
B34: 유종 | C34: 수량 | E34: 금액 | G34: 복 합 단 가
B35: G | C35: 0 | E35: 0 | G35: 0
B36: K | C36: =$C$29+$K$29 -> 37114 | E36: =$G$29+$O$29-K36 -> 38339000 | G36: =E36/C36 -> 1033.0064
B37: D | C37: =$C$30+$K$30 -> 75174 | E37: =$G$30+$O$30 -> 1.0998613e+08 | G37: =E37/C37 -> 1463.0873
B39: 재 고 현 황 | O39: [단위:리터/원]
C40: 전일 | F40: 금일 | N40: 복합단가 | O40: 증감
C41: 재고 | F41: 입고 | H41: 출고 | K41: 마 감 재 고 | M41: 재고율
B42: 휘발유 | P42: .
B43: 등 유 | C43: =SUM($E$9) -> 42714 | F43: =$K$29 -> 0 | H43: =$D$23 -> 5600 | K43: =$C$43-$H$43+$F$43+$O$43 -> 37114 | M43: =SUM($K$43)/$D$9 -> 0.18557 | N43: =$G$36 -> 1033.0064
B44: 경 유 | C44: =SUM($E$10) -> 49174 | F44: =$K$30 -> 32000 | H44: =$L$23 -> 6000 | K44: =$C$44-$H$44+$F$44+$O$44 -> 75174 | M44: =SUM($K$44)/D10 -> 0.150348 | N44: =$G$37 -> 1463.0873
G45: 복합단가의 재고수량과 단가는 보관물량 제외니 참고해주세요!

Sheet 1212
B1: ◈ KK저장소 복합단가 운영표 - 단지저장소
B5: 이 월 재 고 | G5: [단위:리터/원]
B7: 유종 | D7: 탱크용량 | E7: 재고수량 | F7: 재고율 | G7: 단가
C8: G | D8: 0 | E8: 0 | F8: 0 | G8: 0
C9: K | D9: 200000 | E9: =SUM('1211'!K43:L43) -> 37114 | F9: =E9/D9 -> 0.18557 | G9: =SUM('1211'!N43) -> 1033.0064
C10: D | D10: 500000 | E10: =SUM('1211'!K44:L44) -> 75174 | F10: =E10/D10 -> 0.150348 | G10: =SUM('1211'!N44) -> 1463.0873
B13: 출고내역(K) | G13: [단위:리터/원] | J13: 출고내역(LD) | O13: [단위:리터/원]
B14: 유종 | C14: 일반매출(사내이관 포함) | J14: 유종 | K14: 일반매출(사내이관 포함)
C15: 거래처명 | D15: 수량 | E15: 출고단가 | F15: 재고단가 | G15: 단가차액 | H15: 이익 | K15: 거래처명 | L15: 수량 | M15: 출고단가 | N15: 재고단가 | O15: 단가차액 | P15: 이익
B16: 실내 등유 | D16: 2300 | F16: =IF(D16="","",(SUM($G$9))) -> 1033.0064 | G16: =IF(D16="","",(SUM(E16)-F16)) -> -1033.0064 | H16: =IF(D16="","",(D16*G16)) -> -2375914.7 | J16: 경유 | L16: 6000 | N16: =IF(L16="","",($G$10)) -> 1463.0873 | O16: =IF(L16="","",(SUM(M16)-N16)) -> -1463.0873 | P16: =IF(L16="","",(L16*O16)) -> -8778523.9
D17: 1700 | F17: =IF(D17="","",(SUM($G$9))) -> 1033.0064 | G17: =IF(D17="","",(SUM(E17)-F17)) -> -1033.0064 | H17: =IF(D17="","",(D17*G17)) -> -1756110.9 | L17: 2000 | N17: =IF(L17="","",($G$10)) -> 1463.0873 | O17: =IF(L17="","",(SUM(M17)-N17)) -> -1463.0873 | P17: =IF(L17="","",(L17*O17)) -> -2926174.6
F18: =IF(D18="","",(SUM($G$9))) | G18: =IF(D18="","",(SUM(E18)-F18)) | H18: =IF(D18="","",(D18*G18)) | L18: 800 | N18: =IF(L18="","",($G$10)) -> 1463.0873 | O18: =IF(L18="","",(SUM(M18)-N18)) -> -1463.0873 | P18: =IF(L18="","",(L18*O18)) -> -1170469.9
F19: =IF(D19="","",(SUM($G$9))) | G19: =IF(D19="","",(SUM(E19)-F19)) | H19: =IF(D19="","",(D19*G19)) | N19: =IF(L19="","",($G$10)) | O19: =IF(L19="","",(SUM(M19)-N19)) | P19: =IF(L19="","",(L19*O19))
F20: =IF(D20="","",(SUM($G$9))) | G20: =IF(D20="","",(SUM(E20)-F20)) | H20: =IF(D20="","",(D20*G20)) | N20: =IF(L20="","",($G$10)) | O20: =IF(L20="","",(SUM(M20)-N20)) | P20: =IF(L20="","",(L20*O20))
F21: =IF(D21="","",(SUM($G$9))) | G21: =IF(D21="","",(SUM(E21)-F21)) | H21: =IF(D21="","",(D21*G21)) | N21: =IF(L21="","",($G$10)) | O21: =IF(L21="","",(SUM(M21)-N21)) | P21: =IF(L21="","",(L21*O21))
F22: =IF(D22="","",(SUM($G$9))) | G22: =IF(D22="","",(SUM(E22)-F22)) | H22: =IF(D22="","",(D22*G22)) | N22: =IF(L22="","",($G$10)) | O22: =IF(L22="","",(SUM(M22)-N22)) | P22: =IF(L22="","",(L22*O22))
B23: 소 계 | D23: =SUM(D16:D22) -> 4000 | H23: =SUM(H16:H22) -> -4132025.6 | J23: 소 계 | L23: =SUM(L16:L22) -> 8800 | P23: =SUM(P16:P22) -> -12875168
B26: 마 감 재 고 | G26: [단위:리터/원] | J26: 입 고 내 역 | O26: [단위:리터/원]
B27: 유종 | C27: 수량 | E27: 단가 | G27: 환산금액 | J27: 유종 | K27: 수량 | M27: 사입단가 | O27: 환산금액
B28: G | C28: 0 | E28: 0 | G28: 0 | J28: G | K28: 0 | O28: 0
B29: K | C29: =$E$9-$D$23 -> 33114 | E29: =$G$9 -> 1033.0064 | G29: =C29*E29 -> 34206974 | J29: K | K29: 32000 | M29: 999.5 | O29: =K29*M29 -> 31984000
B30: D | C30: =$E$10-$L$23 -> 66374 | E30: =$G$10 -> 1463.0873 | G30: =C30*E30 -> 97110958 | J30: D | K30: 32000 | M30: 1488.3224 | O30: =K30*M30 -> 47626315
B33: 복 합 단 가
B34: 유종 | C34: 수량 | E34: 금액 | G34: 복 합 단 가
B35: G | C35: 0 | E35: 0 | G35: 0
B36: K | C36: =$C$29+$K$29 -> 65114 | E36: =$G$29+$O$29-K36 -> 66190974 | G36: =E36/C36 -> 1016.5398
B37: D | C37: =$C$30+$K$30 -> 98374 | E37: =$G$30+$O$30 -> 1.4473727e+08 | G37: =E37/C37 -> 1471.296
B39: 재 고 현 황 | O39: [단위:리터/원]
C40: 전일 | F40: 금일 | N40: 복합단가 | O40: 증감
C41: 재고 | F41: 입고 | H41: 출고 | K41: 마 감 재 고 | M41: 재고율
B42: 휘발유 | P42: .
B43: 등 유 | C43: =SUM($E$9) -> 37114 | F43: =$K$29 -> 32000 | H43: =$D$23 -> 4000 | K43: =$C$43-$H$43+$F$43+$O$43 -> 65114 | M43: =SUM($K$43)/$D$9 -> 0.32557 | N43: =$G$36 -> 1016.5398
B44: 경 유 | C44: =SUM($E$10) -> 75174 | F44: =$K$30 -> 32000 | H44: =$L$23 -> 8800 | K44: =$C$44-$H$44+$F$44+$O$44 -> 98374 | M44: =SUM($K$44)/D10 -> 0.196748 | N44: =$G$37 -> 1471.296
G45: 복합단가의 재고수량과 단가는 보관물량 제외니 참고해주세요!

Sheet 1213
B1: ◈ KK저장소 복합단가 운영표 - 단지저장소
B5: 이 월 재 고 | G5: [단위:리터/원]
B7: 유종 | D7: 탱크용량 | E7: 재고수량 | F7: 재고율 | G7: 단가
C8: G | D8: 0 | E8: 0 | F8: 0 | G8: 0
C9: K | D9: 200000 | E9: =SUM('1212'!K43:L43) -> 65114 | F9: =E9/D9 -> 0.32557 | G9: =SUM('1212'!N43) -> 1016.5398
C10: D | D10: 500000 | E10: =SUM('1212'!K44:L44) -> 98374 | F10: =E10/D10 -> 0.196748 | G10: =SUM('1212'!N44) -> 1471.296
B13: 출고내역(K) | G13: [단위:리터/원] | J13: 출고내역(LD) | O13: [단위:리터/원]
B14: 유종 | C14: 일반매출(사내이관 포함) | J14: 유종 | K14: 일반매출(사내이관 포함)
C15: 거래처명 | D15: 수량 | E15: 출고단가 | F15: 재고단가 | G15: 단가차액 | H15: 이익 | K15: 거래처명 | L15: 수량 | M15: 출고단가 | N15: 재고단가 | O15: 단가차액 | P15: 이익
B16: 실내 등유 | D16: 2000 | F16: =IF(D16="","",(SUM($G$9))) -> 1016.5398 | G16: =IF(D16="","",(SUM(E16)-F16)) -> -1016.5398 | H16: =IF(D16="","",(D16*G16)) -> -2033079.6 | J16: 경유 | L16: 1000 | N16: =IF(L16="","",($G$10)) -> 1471.296 | O16: =IF(L16="","",(SUM(M16)-N16)) -> -1471.296 | P16: =IF(L16="","",(L16*O16)) -> -1471296
F17: =IF(D17="","",(SUM($G$9))) | G17: =IF(D17="","",(SUM(E17)-F17)) | H17: =IF(D17="","",(D17*G17)) | N17: =IF(L17="","",($G$10)) | O17: =IF(L17="","",(SUM(M17)-N17)) | P17: =IF(L17="","",(L17*O17))
F18: =IF(D18="","",(SUM($G$9))) | G18: =IF(D18="","",(SUM(E18)-F18)) | H18: =IF(D18="","",(D18*G18)) | N18: =IF(L18="","",($G$10)) | O18: =IF(L18="","",(SUM(M18)-N18)) | P18: =IF(L18="","",(L18*O18))
F19: =IF(D19="","",(SUM($G$9))) | G19: =IF(D19="","",(SUM(E19)-F19)) | H19: =IF(D19="","",(D19*G19)) | N19: =IF(L19="","",($G$10)) | O19: =IF(L19="","",(SUM(M19)-N19)) | P19: =IF(L19="","",(L19*O19))
F20: =IF(D20="","",(SUM($G$9))) | G20: =IF(D20="","",(SUM(E20)-F20)) | H20: =IF(D20="","",(D20*G20)) | N20: =IF(L20="","",($G$10)) | O20: =IF(L20="","",(SUM(M20)-N20)) | P20: =IF(L20="","",(L20*O20))
F21: =IF(D21="","",(SUM($G$9))) | G21: =IF(D21="","",(SUM(E21)-F21)) | H21: =IF(D21="","",(D21*G21)) | N21: =IF(L21="","",($G$10)) | O21: =IF(L21="","",(SUM(M21)-N21)) | P21: =IF(L21="","",(L21*O21))
F22: =IF(D22="","",(SUM($G$9))) | G22: =IF(D22="","",(SUM(E22)-F22)) | H22: =IF(D22="","",(D22*G22)) | N22: =IF(L22="","",($G$10)) | O22: =IF(L22="","",(SUM(M22)-N22)) | P22: =IF(L22="","",(L22*O22))
B23: 소 계 | D23: =SUM(D16:D22) -> 2000 | H23: =SUM(H16:H22) -> -2033079.6 | J23: 소 계 | L23: =SUM(L16:L22) -> 1000 | P23: =SUM(P16:P22) -> -1471296
B26: 마 감 재 고 | G26: [단위:리터/원] | J26: 입 고 내 역 | O26: [단위:리터/원]
B27: 유종 | C27: 수량 | E27: 단가 | G27: 환산금액 | J27: 유종 | K27: 수량 | M27: 사입단가 | O27: 환산금액
B28: G | C28: 0 | E28: 0 | G28: 0 | J28: G | K28: 0 | O28: 0
B29: K | C29: =$E$9-$D$23 -> 63114 | E29: =$G$9 -> 1016.5398 | G29: =C29*E29 -> 64157894 | J29: K | O29: =K29*M29 -> 0
B30: D | C30: =$E$10-$L$23 -> 97374 | E30: =$G$10 -> 1471.296 | G30: =C30*E30 -> 1.4326598e+08 | J30: D | O30: =K30*M30 -> 0
B33: 복 합 단 가
B34: 유종 | C34: 수량 | E34: 금액 | G34: 복 합 단 가
B35: G | C35: 0 | E35: 0 | G35: 0
B36: K | C36: =$C$29+$K$29 -> 63114 | E36: =$G$29+$O$29-K36 -> 64157894 | G36: =E36/C36 -> 1016.5398
B37: D | C37: =$C$30+$K$30 -> 97374 | E37: =$G$30+$O$30 -> 1.4326598e+08 | G37: =E37/C37 -> 1471.296
B39: 재 고 현 황 | O39: [단위:리터/원]
C40: 전일 | F40: 금일 | N40: 복합단가 | O40: 증감
C41: 재고 | F41: 입고 | H41: 출고 | K41: 마 감 재 고 | M41: 재고율
B42: 휘발유 | P42: .
B43: 등 유 | C43: =SUM($E$9) -> 65114 | F43: =$K$29 -> 0 | H43: =$D$23 -> 2000 | K43: =$C$43-$H$43+$F$43+$O$43 -> 63114 | M43: =SUM($K$43)/$D$9 -> 0.31557 | N43: =$G$36 -> 1016.5398
B44: 경 유 | C44: =SUM($E$10) -> 98374 | F44: =$K$30 -> 0 | H44: =$L$23 -> 1000 | K44: =$C$44-$H$44+$F$44+$O$44 -> 97374 | M44: =SUM($K$44)/D10 -> 0.194748 | N44: =$G$37 -> 1471.296
G45: 복합단가의 재고수량과 단가는 보관물량 제외니 참고해주세요!

Sheet 1215
B1: ◈ KK저장소 복합단가 운영표 - 단지저장소
B5: 이 월 재 고 | G5: [단위:리터/원]
B7: 유종 | D7: 탱크용량 | E7: 재고수량 | F7: 재고율 | G7: 단가
C8: G | D8: 0 | E8: 0 | F8: 0 | G8: 0
C9: K | D9: 200000 | E9: =SUM('1213'!K43:L43) -> 63114 | F9: =E9/D9 -> 0.31557 | G9: =SUM('1213'!N43) -> 1016.5398
C10: D | D10: 500000 | E10: =SUM('1213'!K44:L44) -> 97374 | F10: =E10/D10 -> 0.194748 | G10: =SUM('1213'!N44) -> 1471.296
B13: 출고내역(K) | G13: [단위:리터/원] | J13: 출고내역(LD) | O13: [단위:리터/원]
B14: 유종 | C14: 일반매출(사내이관 포함) | J14: 유종 | K14: 일반매출(사내이관 포함)
C15: 거래처명 | D15: 수량 | E15: 출고단가 | F15: 재고단가 | G15: 단가차액 | H15: 이익 | K15: 거래처명 | L15: 수량 | M15: 출고단가 | N15: 재고단가 | O15: 단가차액 | P15: 이익
B16: 실내 등유 | D16: 1900 | F16: =IF(D16="","",(SUM($G$9))) -> 1016.5398 | G16: =IF(D16="","",(SUM(E16)-F16)) -> -1016.5398 | H16: =IF(D16="","",(D16*G16)) -> -1931425.7 | J16: 경유 | L16: 3000 | N16: =IF(L16="","",($G$10)) -> 1471.296 | O16: =IF(L16="","",(SUM(M16)-N16)) -> -1471.296 | P16: =IF(L16="","",(L16*O16)) -> -4413888
D17: 1500 | F17: =IF(D17="","",(SUM($G$9))) -> 1016.5398 | G17: =IF(D17="","",(SUM(E17)-F17)) -> -1016.5398 | H17: =IF(D17="","",(D17*G17)) -> -1524809.7 | L17: 1000 | N17: =IF(L17="","",($G$10)) -> 1471.296 | O17: =IF(L17="","",(SUM(M17)-N17)) -> -1471.296 | P17: =IF(L17="","",(L17*O17)) -> -1471296
F18: =IF(D18="","",(SUM($G$9))) | G18: =IF(D18="","",(SUM(E18)-F18)) | H18: =IF(D18="","",(D18*G18)) | N18: =IF(L18="","",($G$10)) | O18: =IF(L18="","",(SUM(M18)-N18)) | P18: =IF(L18="","",(L18*O18))
F19: =IF(D19="","",(SUM($G$9))) | G19: =IF(D19="","",(SUM(E19)-F19)) | H19: =IF(D19="","",(D19*G19)) | N19: =IF(L19="","",($G$10)) | O19: =IF(L19="","",(SUM(M19)-N19)) | P19: =IF(L19="","",(L19*O19))
F20: =IF(D20="","",(SUM($G$9))) | G20: =IF(D20="","",(SUM(E20)-F20)) | H20: =IF(D20="","",(D20*G20)) | N20: =IF(L20="","",($G$10)) | O20: =IF(L20="","",(SUM(M20)-N20)) | P20: =IF(L20="","",(L20*O20))
F21: =IF(D21="","",(SUM($G$9))) | G21: =IF(D21="","",(SUM(E21)-F21)) | H21: =IF(D21="","",(D21*G21)) | N21: =IF(L21="","",($G$10)) | O21: =IF(L21="","",(SUM(M21)-N21)) | P21: =IF(L21="","",(L21*O21))
F22: =IF(D22="","",(SUM($G$9))) | G22: =IF(D22="","",(SUM(E22)-F22)) | H22: =IF(D22="","",(D22*G22)) | N22: =IF(L22="","",($G$10)) | O22: =IF(L22="","",(SUM(M22)-N22)) | P22: =IF(L22="","",(L22*O22))
B23: 소 계 | D23: =SUM(D16:D22) -> 3400 | H23: =SUM(H16:H22) -> -3456235.4 | J23: 소 계 | L23: =SUM(L16:L22) -> 4000 | P23: =SUM(P16:P22) -> -5885184
B26: 마 감 재 고 | G26: [단위:리터/원] | J26: 입 고 내 역 | O26: [단위:리터/원]
B27: 유종 | C27: 수량 | E27: 단가 | G27: 환산금액 | J27: 유종 | K27: 수량 | M27: 사입단가 | O27: 환산금액
B28: G | C28: 0 | E28: 0 | G28: 0 | J28: G | K28: 0 | O28: 0
B29: K | C29: =$E$9-$D$23 -> 59714 | E29: =$G$9 -> 1016.5398 | G29: =C29*E29 -> 60701659 | J29: K | K29: 32000 | M29: 999.5 | O29: =K29*M29 -> 31984000
B30: D | C30: =$E$10-$L$23 -> 93374 | E30: =$G$10 -> 1471.296 | G30: =C30*E30 -> 1.3738079e+08 | J30: D | O30: =K30*M30 -> 0
B33: 복 합 단 가
B34: 유종 | C34: 수량 | E34: 금액 | G34: 복 합 단 가
B35: G | C35: 0 | E35: 0 | G35: 0
B36: K | C36: =$C$29+$K$29 -> 91714 | E36: =$G$29+$O$29-K36 -> 92685659 | G36: =E36/C36 -> 1010.5944
B37: D | C37: =$C$30+$K$30 -> 93374 | E37: =$G$30+$O$30 -> 1.3738079e+08 | G37: =E37/C37 -> 1471.296
B39: 재 고 현 황 | O39: [단위:리터/원]
C40: 전일 | F40: 금일 | N40: 복합단가 | O40: 증감
C41: 재고 | F41: 입고 | H41: 출고 | K41: 마 감 재 고 | M41: 재고율
B42: 휘발유 | P42: .
B43: 등 유 | C43: =SUM($E$9) -> 63114 | F43: =$K$29 -> 32000 | H43: =$D$23 -> 3400 | K43: =$C$43-$H$43+$F$43+$O$43 -> 91714 | M43: =SUM($K$43)/$D$9 -> 0.45857 | N43: =$G$36 -> 1010.5944
B44: 경 유 | C44: =SUM($E$10) -> 97374 | F44: =$K$30 -> 0 | H44: =$L$23 -> 4000 | K44: =$C$44-$H$44+$F$44+$O$44 -> 93374 | M44: =SUM($K$44)/D10 -> 0.186748 | N44: =$G$37 -> 1471.296
G45: 복합단가의 재고수량과 단가는 보관물량 제외니 참고해주세요!

Sheet 1216
B1: ◈ KK저장소 복합단가 운영표 - 단지저장소
B5: 이 월 재 고 | G5: [단위:리터/원]
B7: 유종 | D7: 탱크용량 | E7: 재고수량 | F7: 재고율 | G7: 단가
C8: G | D8: 0 | E8: 0 | F8: 0 | G8: 0
C9: K | D9: 200000 | E9: =SUM('1215'!K43:L43) -> 91714 | F9: =E9/D9 -> 0.45857 | G9: =SUM('1215'!N43) -> 1010.5944
C10: D | D10: 500000 | E10: =SUM('1215'!K44:L44) -> 93374 | F10: =E10/D10 -> 0.186748 | G10: =SUM('1215'!N44) -> 1471.296
B13: 출고내역(K) | G13: [단위:리터/원] | J13: 출고내역(LD) | O13: [단위:리터/원]
B14: 유종 | C14: 일반매출(사내이관 포함) | J14: 유종 | K14: 일반매출(사내이관 포함)
C15: 거래처명 | D15: 수량 | E15: 출고단가 | F15: 재고단가 | G15: 단가차액 | H15: 이익 | K15: 거래처명 | L15: 수량 | M15: 출고단가 | N15: 재고단가 | O15: 단가차액 | P15: 이익
B16: 실내 등유 | D16: 2800 | F16: =IF(D16="","",(SUM($G$9))) -> 1010.5944 | G16: =IF(D16="","",(SUM(E16)-F16)) -> -1010.5944 | H16: =IF(D16="","",(D16*G16)) -> -2829664.4 | J16: 경유 | L16: 3000 | N16: =IF(L16="","",($G$10)) -> 1471.296 | O16: =IF(L16="","",(SUM(M16)-N16)) -> -1471.296 | P16: =IF(L16="","",(L16*O16)) -> -4413888
F17: =IF(D17="","",(SUM($G$9))) | G17: =IF(D17="","",(SUM(E17)-F17)) | H17: =IF(D17="","",(D17*G17)) | L17: 520 | N17: =IF(L17="","",($G$10)) -> 1471.296 | O17: =IF(L17="","",(SUM(M17)-N17)) -> -1471.296 | P17: =IF(L17="","",(L17*O17)) -> -765073.92
F18: =IF(D18="","",(SUM($G$9))) | G18: =IF(D18="","",(SUM(E18)-F18)) | H18: =IF(D18="","",(D18*G18)) | N18: =IF(L18="","",($G$10)) | O18: =IF(L18="","",(SUM(M18)-N18)) | P18: =IF(L18="","",(L18*O18))
F19: =IF(D19="","",(SUM($G$9))) | G19: =IF(D19="","",(SUM(E19)-F19)) | H19: =IF(D19="","",(D19*G19)) | N19: =IF(L19="","",($G$10)) | O19: =IF(L19="","",(SUM(M19)-N19)) | P19: =IF(L19="","",(L19*O19))
F20: =IF(D20="","",(SUM($G$9))) | G20: =IF(D20="","",(SUM(E20)-F20)) | H20: =IF(D20="","",(D20*G20)) | N20: =IF(L20="","",($G$10)) | O20: =IF(L20="","",(SUM(M20)-N20)) | P20: =IF(L20="","",(L20*O20))
F21: =IF(D21="","",(SUM($G$9))) | G21: =IF(D21="","",(SUM(E21)-F21)) | H21: =IF(D21="","",(D21*G21)) | N21: =IF(L21="","",($G$10)) | O21: =IF(L21="","",(SUM(M21)-N21)) | P21: =IF(L21="","",(L21*O21))
F22: =IF(D22="","",(SUM($G$9))) | G22: =IF(D22="","",(SUM(E22)-F22)) | H22: =IF(D22="","",(D22*G22)) | N22: =IF(L22="","",($G$10)) | O22: =IF(L22="","",(SUM(M22)-N22)) | P22: =IF(L22="","",(L22*O22))
B23: 소 계 | D23: =SUM(D16:D22) -> 2800 | H23: =SUM(H16:H22) -> -2829664.4 | J23: 소 계 | L23: =SUM(L16:L22) -> 3520 | P23: =SUM(P16:P22) -> -5178961.9
B26: 마 감 재 고 | G26: [단위:리터/원] | J26: 입 고 내 역 | O26: [단위:리터/원]
B27: 유종 | C27: 수량 | E27: 단가 | G27: 환산금액 | J27: 유종 | K27: 수량 | M27: 사입단가 | O27: 환산금액
B28: G | C28: 0 | E28: 0 | G28: 0 | J28: G | K28: 0 | O28: 0
B29: K | C29: =$E$9-$D$23 -> 88914 | E29: =$G$9 -> 1010.5944 | G29: =C29*E29 -> 89855995 | J29: K | O29: =K29*M29 -> 0
B30: D | C30: =$E$10-$L$23 -> 89854 | E30: =$G$10 -> 1471.296 | G30: =C30*E30 -> 1.3220183e+08 | J30: D | O30: =K30*M30 -> 0
B33: 복 합 단 가
B34: 유종 | C34: 수량 | E34: 금액 | G34: 복 합 단 가
B35: G | C35: 0 | E35: 0 | G35: 0
B36: K | C36: =$C$29+$K$29 -> 88914 | E36: =$G$29+$O$29-K36 -> 89855995 | G36: =E36/C36 -> 1010.5944
B37: D | C37: =$C$30+$K$30 -> 89854 | E37: =$G$30+$O$30 -> 1.3220183e+08 | G37: =E37/C37 -> 1471.296
B39: 재 고 현 황 | O39: [단위:리터/원]
C40: 전일 | F40: 금일 | N40: 복합단가 | O40: 증감
C41: 재고 | F41: 입고 | H41: 출고 | K41: 마 감 재 고 | M41: 재고율
B42: 휘발유 | P42: .
B43: 등 유 | C43: =SUM($E$9) -> 91714 | F43: =$K$29 -> 0 | H43: =$D$23 -> 2800 | K43: =$C$43-$H$43+$F$43+$O$43 -> 88914 | M43: =SUM($K$43)/$D$9 -> 0.44457 | N43: =$G$36 -> 1010.5944
B44: 경 유 | C44: =SUM($E$10) -> 93374 | F44: =$K$30 -> 0 | H44: =$L$23 -> 3520 | K44: =$C$44-$H$44+$F$44+$O$44 -> 89854 | M44: =SUM($K$44)/D10 -> 0.179708 | N44: =$G$37 -> 1471.296
G45: 복합단가의 재고수량과 단가는 보관물량 제외니 참고해주세요!

Sheet 1217
B1: ◈ KK저장소 복합단가 운영표 - 단지저장소
B5: 이 월 재 고 | G5: [단위:리터/원]
B7: 유종 | D7: 탱크용량 | E7: 재고수량 | F7: 재고율 | G7: 단가
C8: G | D8: 0 | E8: 0 | F8: 0 | G8: 0
C9: K | D9: 200000 | E9: =SUM('1216'!K43:L43) -> 88914 | F9: =E9/D9 -> 0.44457 | G9: =SUM('1216'!N43) -> 1010.5944
C10: D | D10: 500000 | E10: =SUM('1216'!K44:L44) -> 89854 | F10: =E10/D10 -> 0.179708 | G10: =SUM('1216'!N44) -> 1471.296
B13: 출고내역(K) | G13: [단위:리터/원] | J13: 출고내역(LD) | O13: [단위:리터/원]
B14: 유종 | C14: 일반매출(사내이관 포함) | J14: 유종 | K14: 일반매출(사내이관 포함)
C15: 거래처명 | D15: 수량 | E15: 출고단가 | F15: 재고단가 | G15: 단가차액 | H15: 이익 | K15: 거래처명 | L15: 수량 | M15: 출고단가 | N15: 재고단가 | O15: 단가차액 | P15: 이익
B16: 실내 등유 | D16: 1800 | F16: =IF(D16="","",(SUM($G$9))) -> 1010.5944 | G16: =IF(D16="","",(SUM(E16)-F16)) -> -1010.5944 | H16: =IF(D16="","",(D16*G16)) -> -1819070 | J16: 경유 | L16: 3000 | N16: =IF(L16="","",($G$10)) -> 1471.296 | O16: =IF(L16="","",(SUM(M16)-N16)) -> -1471.296 | P16: =IF(L16="","",(L16*O16)) -> -4413888
D17: 1500 | F17: =IF(D17="","",(SUM($G$9))) -> 1010.5944 | G17: =IF(D17="","",(SUM(E17)-F17)) -> -1010.5944 | H17: =IF(D17="","",(D17*G17)) -> -1515891.7 | N17: =IF(L17="","",($G$10)) | O17: =IF(L17="","",(SUM(M17)-N17)) | P17: =IF(L17="","",(L17*O17))
F18: =IF(D18="","",(SUM($G$9))) | G18: =IF(D18="","",(SUM(E18)-F18)) | H18: =IF(D18="","",(D18*G18)) | N18: =IF(L18="","",($G$10)) | O18: =IF(L18="","",(SUM(M18)-N18)) | P18: =IF(L18="","",(L18*O18))
F19: =IF(D19="","",(SUM($G$9))) | G19: =IF(D19="","",(SUM(E19)-F19)) | H19: =IF(D19="","",(D19*G19)) | N19: =IF(L19="","",($G$10)) | O19: =IF(L19="","",(SUM(M19)-N19)) | P19: =IF(L19="","",(L19*O19))
F20: =IF(D20="","",(SUM($G$9))) | G20: =IF(D20="","",(SUM(E20)-F20)) | H20: =IF(D20="","",(D20*G20)) | N20: =IF(L20="","",($G$10)) | O20: =IF(L20="","",(SUM(M20)-N20)) | P20: =IF(L20="","",(L20*O20))
F21: =IF(D21="","",(SUM($G$9))) | G21: =IF(D21="","",(SUM(E21)-F21)) | H21: =IF(D21="","",(D21*G21)) | N21: =IF(L21="","",($G$10)) | O21: =IF(L21="","",(SUM(M21)-N21)) | P21: =IF(L21="","",(L21*O21))
F22: =IF(D22="","",(SUM($G$9))) | G22: =IF(D22="","",(SUM(E22)-F22)) | H22: =IF(D22="","",(D22*G22)) | N22: =IF(L22="","",($G$10)) | O22: =IF(L22="","",(SUM(M22)-N22)) | P22: =IF(L22="","",(L22*O22))
B23: 소 계 | D23: =SUM(D16:D22) -> 3300 | H23: =SUM(H16:H22) -> -3334961.7 | J23: 소 계 | L23: =SUM(L16:L22) -> 3000 | P23: =SUM(P16:P22) -> -4413888
B26: 마 감 재 고 | G26: [단위:리터/원] | J26: 입 고 내 역 | O26: [단위:리터/원]
B27: 유종 | C27: 수량 | E27: 단가 | G27: 환산금액 | J27: 유종 | K27: 수량 | M27: 사입단가 | O27: 환산금액
B28: G | C28: 0 | E28: 0 | G28: 0 | J28: G | K28: 0 | O28: 0
B29: K | C29: =$E$9-$D$23 -> 85614 | E29: =$G$9 -> 1010.5944 | G29: =C29*E29 -> 86521033 | J29: K | O29: =K29*M29 -> 0
B30: D | C30: =$E$10-$L$23 -> 86854 | E30: =$G$10 -> 1471.296 | G30: =C30*E30 -> 1.2778794e+08 | J30: D | O30: =K30*M30 -> 0
B33: 복 합 단 가
B34: 유종 | C34: 수량 | E34: 금액 | G34: 복 합 단 가
B35: G | C35: 0 | E35: 0 | G35: 0
B36: K | C36: =$C$29+$K$29 -> 85614 | E36: =$G$29+$O$29-K36 -> 86521033 | G36: =E36/C36 -> 1010.5944
B37: D | C37: =$C$30+$K$30 -> 86854 | E37: =$G$30+$O$30 -> 1.2778794e+08 | G37: =E37/C37 -> 1471.296
B39: 재 고 현 황 | O39: [단위:리터/원]
C40: 전일 | F40: 금일 | N40: 복합단가 | O40: 증감
C41: 재고 | F41: 입고 | H41: 출고 | K41: 마 감 재 고 | M41: 재고율
B42: 휘발유 | P42: .
B43: 등 유 | C43: =SUM($E$9) -> 88914 | F43: =$K$29 -> 0 | H43: =$D$23 -> 3300 | K43: =$C$43-$H$43+$F$43+$O$43 -> 85614 | M43: =SUM($K$43)/$D$9 -> 0.42807 | N43: =$G$36 -> 1010.5944
B44: 경 유 | C44: =SUM($E$10) -> 89854 | F44: =$K$30 -> 0 | H44: =$L$23 -> 3000 | K44: =$C$44-$H$44+$F$44+$O$44 -> 86854 | M44: =SUM($K$44)/D10 -> 0.173708 | N44: =$G$37 -> 1471.296
G45: 복합단가의 재고수량과 단가는 보관물량 제외니 참고해주세요!

Sheet 1218
B1: ◈ KK저장소 복합단가 운영표 - 단지저장소
B5: 이 월 재 고 | G5: [단위:리터/원]
B7: 유종 | D7: 탱크용량 | E7: 재고수량 | F7: 재고율 | G7: 단가
C8: G | D8: 0 | E8: 0 | F8: 0 | G8: 0
C9: K | D9: 200000 | E9: =SUM('1217'!K43:L43) -> 85614 | F9: =E9/D9 -> 0.42807 | G9: =SUM('1217'!N43) -> 1010.5944
C10: D | D10: 500000 | E10: =SUM('1217'!K44:L44) -> 86854 | F10: =E10/D10 -> 0.173708 | G10: =SUM('1217'!N44) -> 1471.296
B13: 출고내역(K) | G13: [단위:리터/원] | J13: 출고내역(LD) | O13: [단위:리터/원]
B14: 유종 | C14: 일반매출(사내이관 포함) | J14: 유종 | K14: 일반매출(사내이관 포함)
C15: 거래처명 | D15: 수량 | E15: 출고단가 | F15: 재고단가 | G15: 단가차액 | H15: 이익 | K15: 거래처명 | L15: 수량 | M15: 출고단가 | N15: 재고단가 | O15: 단가차액 | P15: 이익
B16: 실내 등유 | C16: 영포석유 | D16: 4500 | F16: =IF(D16="","",(SUM($G$9))) -> 1010.5944 | G16: =IF(D16="","",(SUM(E16)-F16)) -> -1010.5944 | H16: =IF(D16="","",(D16*G16)) -> -4547675 | J16: 경유 | K16: 문덕 | L16: 3000 | N16: =IF(L16="","",($G$10)) -> 1471.296 | O16: =IF(L16="","",(SUM(M16)-N16)) -> -1471.296 | P16: =IF(L16="","",(L16*O16)) -> -4413888
C17: 강변 | D17: 1300 | F17: =IF(D17="","",(SUM($G$9))) -> 1010.5944 | G17: =IF(D17="","",(SUM(E17)-F17)) -> -1010.5944 | H17: =IF(D17="","",(D17*G17)) -> -1313772.8 | K17: 세계 | L17: 3000 | N17: =IF(L17="","",($G$10)) -> 1471.296 | O17: =IF(L17="","",(SUM(M17)-N17)) -> -1471.296 | P17: =IF(L17="","",(L17*O17)) -> -4413888
C18: 장일석유 | D18: 1900 | F18: =IF(D18="","",(SUM($G$9))) -> 1010.5944 | G18: =IF(D18="","",(SUM(E18)-F18)) -> -1010.5944 | H18: =IF(D18="","",(D18*G18)) -> -1920129.4 | N18: =IF(L18="","",($G$10)) | O18: =IF(L18="","",(SUM(M18)-N18)) | P18: =IF(L18="","",(L18*O18))
C19: 동해안 | D19: 1000 | F19: =IF(D19="","",(SUM($G$9))) -> 1010.5944 | G19: =IF(D19="","",(SUM(E19)-F19)) -> -1010.5944 | H19: =IF(D19="","",(D19*G19)) -> -1010594.4 | N19: =IF(L19="","",($G$10)) | O19: =IF(L19="","",(SUM(M19)-N19)) | P19: =IF(L19="","",(L19*O19))
F20: =IF(D20="","",(SUM($G$9))) | G20: =IF(D20="","",(SUM(E20)-F20)) | H20: =IF(D20="","",(D20*G20)) | N20: =IF(L20="","",($G$10)) | O20: =IF(L20="","",(SUM(M20)-N20)) | P20: =IF(L20="","",(L20*O20))
F21: =IF(D21="","",(SUM($G$9))) | G21: =IF(D21="","",(SUM(E21)-F21)) | H21: =IF(D21="","",(D21*G21)) | N21: =IF(L21="","",($G$10)) | O21: =IF(L21="","",(SUM(M21)-N21)) | P21: =IF(L21="","",(L21*O21))
F22: =IF(D22="","",(SUM($G$9))) | G22: =IF(D22="","",(SUM(E22)-F22)) | H22: =IF(D22="","",(D22*G22)) | N22: =IF(L22="","",($G$10)) | O22: =IF(L22="","",(SUM(M22)-N22)) | P22: =IF(L22="","",(L22*O22))
B23: 소 계 | D23: =SUM(D16:D22) -> 8700 | H23: =SUM(H16:H22) -> -8792171.7 | J23: 소 계 | L23: =SUM(L16:L22) -> 6000 | P23: =SUM(P16:P22) -> -8827776.1
B26: 마 감 재 고 | G26: [단위:리터/원] | J26: 입 고 내 역 | O26: [단위:리터/원]
B27: 유종 | C27: 수량 | E27: 단가 | G27: 환산금액 | J27: 유종 | K27: 수량 | M27: 사입단가 | O27: 환산금액
B28: G | C28: 0 | E28: 0 | G28: 0 | J28: G | K28: 0 | O28: 0
B29: K | C29: =$E$9-$D$23 -> 76914 | E29: =$G$9 -> 1010.5944 | G29: =C29*E29 -> 77728861 | J29: K | O29: =K29*M29 -> 0
B30: D | C30: =$E$10-$L$23 -> 80854 | E30: =$G$10 -> 1471.296 | G30: =C30*E30 -> 1.1896017e+08 | J30: D | O30: =K30*M30 -> 0
B33: 복 합 단 가
B34: 유종 | C34: 수량 | E34: 금액 | G34: 복 합 단 가
B35: G | C35: 0 | E35: 0 | G35: 0
B36: K | C36: =$C$29+$K$29 -> 76914 | E36: =$G$29+$O$29-K36 -> 77728861 | G36: =E36/C36 -> 1010.5944
B37: D | C37: =$C$30+$K$30 -> 80854 | E37: =$G$30+$O$30 -> 1.1896017e+08 | G37: =E37/C37 -> 1471.296
B39: 재 고 현 황 | O39: [단위:리터/원]
C40: 전일 | F40: 금일 | N40: 복합단가 | O40: 증감
C41: 재고 | F41: 입고 | H41: 출고 | K41: 마 감 재 고 | M41: 재고율
B42: 휘발유 | P42: .
B43: 등 유 | C43: =SUM($E$9) -> 85614 | F43: =$K$29 -> 0 | H43: =$D$23 -> 8700 | K43: =$C$43-$H$43+$F$43+$O$43 -> 76914 | M43: =SUM($K$43)/$D$9 -> 0.38457 | N43: =$G$36 -> 1010.5944
B44: 경 유 | C44: =SUM($E$10) -> 86854 | F44: =$K$30 -> 0 | H44: =$L$23 -> 6000 | K44: =$C$44-$H$44+$F$44+$O$44 -> 80854 | M44: =SUM($K$44)/D10 -> 0.161708 | N44: =$G$37 -> 1471.296
G45: 복합단가의 재고수량과 단가는 보관물량 제외니 참고해주세요!

Sheet 1219
B1: ◈ KK저장소 복합단가 운영표 - 단지저장소
B5: 이 월 재 고 | G5: [단위:리터/원]
B7: 유종 | D7: 탱크용량 | E7: 재고수량 | F7: 재고율 | G7: 단가
C8: G | D8: 0 | E8: 0 | F8: 0 | G8: 0
C9: K | D9: 200000 | E9: =SUM('1218'!K43:L43) -> 76914 | F9: =E9/D9 -> 0.38457 | G9: =SUM('1218'!N43) -> 1010.5944
C10: D | D10: 500000 | E10: =SUM('1218'!K44:L44) -> 80854 | F10: =E10/D10 -> 0.161708 | G10: =SUM('1218'!N44) -> 1471.296
B13: 출고내역(K) | G13: [단위:리터/원] | J13: 출고내역(LD) | O13: [단위:리터/원]
B14: 유종 | C14: 일반매출(사내이관 포함) | J14: 유종 | K14: 일반매출(사내이관 포함)
C15: 거래처명 | D15: 수량 | E15: 출고단가 | F15: 재고단가 | G15: 단가차액 | H15: 이익 | K15: 거래처명 | L15: 수량 | M15: 출고단가 | N15: 재고단가 | O15: 단가차액 | P15: 이익
B16: 실내 등유 | C16: 영포석유 | D16: 1470 | F16: =IF(D16="","",(SUM($G$9))) -> 1010.5944 | G16: =IF(D16="","",(SUM(E16)-F16)) -> -1010.5944 | H16: =IF(D16="","",(D16*G16)) -> -1485573.8 | J16: 경유 | K16: 문덕 | L16: 6000 | N16: =IF(L16="","",($G$10)) -> 1471.296 | O16: =IF(L16="","",(SUM(M16)-N16)) -> -1471.296 | P16: =IF(L16="","",(L16*O16)) -> -8827776.1
F17: =IF(D17="","",(SUM($G$9))) | G17: =IF(D17="","",(SUM(E17)-F17)) | H17: =IF(D17="","",(D17*G17)) | K17: 세계 | L17: 3000 | N17: =IF(L17="","",($G$10)) -> 1471.296 | O17: =IF(L17="","",(SUM(M17)-N17)) -> -1471.296 | P17: =IF(L17="","",(L17*O17)) -> -4413888
F18: =IF(D18="","",(SUM($G$9))) | G18: =IF(D18="","",(SUM(E18)-F18)) | H18: =IF(D18="","",(D18*G18)) | N18: =IF(L18="","",($G$10)) | O18: =IF(L18="","",(SUM(M18)-N18)) | P18: =IF(L18="","",(L18*O18))
F19: =IF(D19="","",(SUM($G$9))) | G19: =IF(D19="","",(SUM(E19)-F19)) | H19: =IF(D19="","",(D19*G19)) | N19: =IF(L19="","",($G$10)) | O19: =IF(L19="","",(SUM(M19)-N19)) | P19: =IF(L19="","",(L19*O19))
F20: =IF(D20="","",(SUM($G$9))) | G20: =IF(D20="","",(SUM(E20)-F20)) | H20: =IF(D20="","",(D20*G20)) | N20: =IF(L20="","",($G$10)) | O20: =IF(L20="","",(SUM(M20)-N20)) | P20: =IF(L20="","",(L20*O20))
F21: =IF(D21="","",(SUM($G$9))) | G21: =IF(D21="","",(SUM(E21)-F21)) | H21: =IF(D21="","",(D21*G21)) | N21: =IF(L21="","",($G$10)) | O21: =IF(L21="","",(SUM(M21)-N21)) | P21: =IF(L21="","",(L21*O21))
F22: =IF(D22="","",(SUM($G$9))) | G22: =IF(D22="","",(SUM(E22)-F22)) | H22: =IF(D22="","",(D22*G22)) | N22: =IF(L22="","",($G$10)) | O22: =IF(L22="","",(SUM(M22)-N22)) | P22: =IF(L22="","",(L22*O22))
B23: 소 계 | D23: =SUM(D16:D22) -> 1470 | H23: =SUM(H16:H22) -> -1485573.8 | J23: 소 계 | L23: =SUM(L16:L22) -> 9000 | P23: =SUM(P16:P22) -> -13241664
B26: 마 감 재 고 | G26: [단위:리터/원] | J26: 입 고 내 역 | O26: [단위:리터/원]
B27: 유종 | C27: 수량 | E27: 단가 | G27: 환산금액 | J27: 유종 | K27: 수량 | M27: 사입단가 | O27: 환산금액
B28: G | C28: 0 | E28: 0 | G28: 0 | J28: G | K28: 0 | O28: 0
B29: K | C29: =$E$9-$D$23 -> 75444 | E29: =$G$9 -> 1010.5944 | G29: =C29*E29 -> 76243287 | J29: K | O29: =K29*M29 -> 0
B30: D | C30: =$E$10-$L$23 -> 71854 | E30: =$G$10 -> 1471.296 | G30: =C30*E30 -> 1.057185e+08 | J30: D | O30: =K30*M30 -> 0
B33: 복 합 단 가
B34: 유종 | C34: 수량 | E34: 금액 | G34: 복 합 단 가
B35: G | C35: 0 | E35: 0 | G35: 0
B36: K | C36: =$C$29+$K$29 -> 75444 | E36: =$G$29+$O$29-K36 -> 76243287 | G36: =E36/C36 -> 1010.5944
B37: D | C37: =$C$30+$K$30 -> 71854 | E37: =$G$30+$O$30 -> 1.057185e+08 | G37: =E37/C37 -> 1471.296
B39: 재 고 현 황 | O39: [단위:리터/원]
C40: 전일 | F40: 금일 | N40: 복합단가 | O40: 증감
C41: 재고 | F41: 입고 | H41: 출고 | K41: 마 감 재 고 | M41: 재고율
B42: 휘발유 | P42: .
B43: 등 유 | C43: =SUM($E$9) -> 76914 | F43: =$K$29 -> 0 | H43: =$D$23 -> 1470 | K43: =$C$43-$H$43+$F$43+$O$43 -> 75444 | M43: =SUM($K$43)/$D$9 -> 0.37722 | N43: =$G$36 -> 1010.5944
B44: 경 유 | C44: =SUM($E$10) -> 80854 | F44: =$K$30 -> 0 | H44: =$L$23 -> 9000 | K44: =$C$44-$H$44+$F$44+$O$44 -> 71854 | M44: =SUM($K$44)/D10 -> 0.143708 | N44: =$G$37 -> 1471.296
G45: 복합단가의 재고수량과 단가는 보관물량 제외니 참고해주세요!

Sheet 1220
B1: ◈ KK저장소 복합단가 운영표 - 단지저장소
B5: 이 월 재 고 | G5: [단위:리터/원]
B7: 유종 | D7: 탱크용량 | E7: 재고수량 | F7: 재고율 | G7: 단가
C8: G | D8: 0 | E8: 0 | F8: 0 | G8: 0
C9: K | D9: 200000 | E9: =SUM('1219'!K43:L43) -> 75444 | F9: =E9/D9 -> 0.37722 | G9: =SUM('1219'!N43) -> 1010.5944
C10: D | D10: 500000 | E10: =SUM('1219'!K44:L44) -> 71854 | F10: =E10/D10 -> 0.143708 | G10: =SUM('1219'!N44) -> 1471.296
B13: 출고내역(K) | G13: [단위:리터/원] | J13: 출고내역(LD) | O13: [단위:리터/원]
B14: 유종 | C14: 일반매출(사내이관 포함) | J14: 유종 | K14: 일반매출(사내이관 포함)
C15: 거래처명 | D15: 수량 | E15: 출고단가 | F15: 재고단가 | G15: 단가차액 | H15: 이익 | K15: 거래처명 | L15: 수량 | M15: 출고단가 | N15: 재고단가 | O15: 단가차액 | P15: 이익
B16: 실내 등유 | C16: 영포석유 | D16: 2000 | F16: =IF(D16="","",(SUM($G$9))) -> 1010.5944 | G16: =IF(D16="","",(SUM(E16)-F16)) -> -1010.5944 | H16: =IF(D16="","",(D16*G16)) -> -2021188.9 | J16: 경유 | K16: 영포석유 | L16: 500 | N16: =IF(L16="","",($G$10)) -> 1471.296 | O16: =IF(L16="","",(SUM(M16)-N16)) -> -1471.296 | P16: =IF(L16="","",(L16*O16)) -> -735648
C17: 보문 | D17: 2000 | F17: =IF(D17="","",(SUM($G$9))) -> 1010.5944 | G17: =IF(D17="","",(SUM(E17)-F17)) -> -1010.5944 | H17: =IF(D17="","",(D17*G17)) -> -2021188.9 | N17: =IF(L17="","",($G$10)) | O17: =IF(L17="","",(SUM(M17)-N17)) | P17: =IF(L17="","",(L17*O17))
F18: =IF(D18="","",(SUM($G$9))) | G18: =IF(D18="","",(SUM(E18)-F18)) | H18: =IF(D18="","",(D18*G18)) | N18: =IF(L18="","",($G$10)) | O18: =IF(L18="","",(SUM(M18)-N18)) | P18: =IF(L18="","",(L18*O18))
F19: =IF(D19="","",(SUM($G$9))) | G19: =IF(D19="","",(SUM(E19)-F19)) | H19: =IF(D19="","",(D19*G19)) | N19: =IF(L19="","",($G$10)) | O19: =IF(L19="","",(SUM(M19)-N19)) | P19: =IF(L19="","",(L19*O19))
F20: =IF(D20="","",(SUM($G$9))) | G20: =IF(D20="","",(SUM(E20)-F20)) | H20: =IF(D20="","",(D20*G20)) | N20: =IF(L20="","",($G$10)) | O20: =IF(L20="","",(SUM(M20)-N20)) | P20: =IF(L20="","",(L20*O20))
F21: =IF(D21="","",(SUM($G$9))) | G21: =IF(D21="","",(SUM(E21)-F21)) | H21: =IF(D21="","",(D21*G21)) | N21: =IF(L21="","",($G$10)) | O21: =IF(L21="","",(SUM(M21)-N21)) | P21: =IF(L21="","",(L21*O21))
F22: =IF(D22="","",(SUM($G$9))) | G22: =IF(D22="","",(SUM(E22)-F22)) | H22: =IF(D22="","",(D22*G22)) | N22: =IF(L22="","",($G$10)) | O22: =IF(L22="","",(SUM(M22)-N22)) | P22: =IF(L22="","",(L22*O22))
B23: 소 계 | D23: =SUM(D16:D22) -> 4000 | H23: =SUM(H16:H22) -> -4042377.8 | J23: 소 계 | L23: =SUM(L16:L22) -> 500 | P23: =SUM(P16:P22) -> -735648
B26: 마 감 재 고 | G26: [단위:리터/원] | J26: 입 고 내 역 | O26: [단위:리터/원]
B27: 유종 | C27: 수량 | E27: 단가 | G27: 환산금액 | J27: 유종 | K27: 수량 | M27: 사입단가 | O27: 환산금액
B28: G | C28: 0 | E28: 0 | G28: 0 | J28: G | K28: 0 | O28: 0
B29: K | C29: =$E$9-$D$23 -> 71444 | E29: =$G$9 -> 1010.5944 | G29: =C29*E29 -> 72200910 | J29: K | O29: =K29*M29 -> 0
B30: D | C30: =$E$10-$L$23 -> 71354 | E30: =$G$10 -> 1471.296 | G30: =C30*E30 -> 1.0498286e+08 | J30: D | O30: =K30*M30 -> 0
B33: 복 합 단 가
B34: 유종 | C34: 수량 | E34: 금액 | G34: 복 합 단 가
B35: G | C35: 0 | E35: 0 | G35: 0
B36: K | C36: =$C$29+$K$29 -> 71444 | E36: =$G$29+$O$29-K36 -> 72200910 | G36: =E36/C36 -> 1010.5944
B37: D | C37: =$C$30+$K$30 -> 71354 | E37: =$G$30+$O$30 -> 1.0498286e+08 | G37: =E37/C37 -> 1471.296
B39: 재 고 현 황 | O39: [단위:리터/원]
C40: 전일 | F40: 금일 | N40: 복합단가 | O40: 증감
C41: 재고 | F41: 입고 | H41: 출고 | K41: 마 감 재 고 | M41: 재고율
B42: 휘발유 | P42: .
B43: 등 유 | C43: =SUM($E$9) -> 75444 | F43: =$K$29 -> 0 | H43: =$D$23 -> 4000 | K43: =$C$43-$H$43+$F$43+$O$43 -> 71444 | M43: =SUM($K$43)/$D$9 -> 0.35722 | N43: =$G$36 -> 1010.5944
B44: 경 유 | C44: =SUM($E$10) -> 71854 | F44: =$K$30 -> 0 | H44: =$L$23 -> 500 | K44: =$C$44-$H$44+$F$44+$O$44 -> 71354 | M44: =SUM($K$44)/D10 -> 0.142708 | N44: =$G$37 -> 1471.296
G45: 복합단가의 재고수량과 단가는 보관물량 제외니 참고해주세요!

Sheet 1222
B1: ◈ KK저장소 복합단가 운영표 - 단지저장소
B5: 이 월 재 고 | G5: [단위:리터/원]
B7: 유종 | D7: 탱크용량 | E7: 재고수량 | F7: 재고율 | G7: 단가
C8: G | D8: 0 | E8: 0 | F8: 0 | G8: 0
C9: K | D9: 200000 | E9: =SUM('1220'!K43:L43) -> 71444 | F9: =E9/D9 -> 0.35722 | G9: =SUM('1220'!N43) -> 1010.5944
C10: D | D10: 500000 | E10: =SUM('1220'!K44:L44) -> 71354 | F10: =E10/D10 -> 0.142708 | G10: =SUM('1220'!N44) -> 1471.296
B13: 출고내역(K) | G13: [단위:리터/원] | J13: 출고내역(LD) | O13: [단위:리터/원]
B14: 유종 | C14: 일반매출(사내이관 포함) | J14: 유종 | K14: 일반매출(사내이관 포함)
C15: 거래처명 | D15: 수량 | E15: 출고단가 | F15: 재고단가 | G15: 단가차액 | H15: 이익 | K15: 거래처명 | L15: 수량 | M15: 출고단가 | N15: 재고단가 | O15: 단가차액 | P15: 이익
B16: 실내 등유 | C16: 영포석유 | D16: 4600 | F16: =IF(D16="","",(SUM($G$9))) -> 1010.5944 | G16: =IF(D16="","",(SUM(E16)-F16)) -> -1010.5944 | H16: =IF(D16="","",(D16*G16)) -> -4648734.5 | J16: 경유 | K16: 영포석유 | L16: 1000 | N16: =IF(L16="","",($G$10)) -> 1471.296 | O16: =IF(L16="","",(SUM(M16)-N16)) -> -1471.296 | P16: =IF(L16="","",(L16*O16)) -> -1471296
C17: 세계 | D17: 1500 | F17: =IF(D17="","",(SUM($G$9))) -> 1010.5944 | G17: =IF(D17="","",(SUM(E17)-F17)) -> -1010.5944 | H17: =IF(D17="","",(D17*G17)) -> -1515891.7 | K17: 세계 | L17: 3000 | N17: =IF(L17="","",($G$10)) -> 1471.296 | O17: =IF(L17="","",(SUM(M17)-N17)) -> -1471.296 | P17: =IF(L17="","",(L17*O17)) -> -4413888
F18: =IF(D18="","",(SUM($G$9))) | G18: =IF(D18="","",(SUM(E18)-F18)) | H18: =IF(D18="","",(D18*G18)) | N18: =IF(L18="","",($G$10)) | O18: =IF(L18="","",(SUM(M18)-N18)) | P18: =IF(L18="","",(L18*O18))
F19: =IF(D19="","",(SUM($G$9))) | G19: =IF(D19="","",(SUM(E19)-F19)) | H19: =IF(D19="","",(D19*G19)) | N19: =IF(L19="","",($G$10)) | O19: =IF(L19="","",(SUM(M19)-N19)) | P19: =IF(L19="","",(L19*O19))
F20: =IF(D20="","",(SUM($G$9))) | G20: =IF(D20="","",(SUM(E20)-F20)) | H20: =IF(D20="","",(D20*G20)) | N20: =IF(L20="","",($G$10)) | O20: =IF(L20="","",(SUM(M20)-N20)) | P20: =IF(L20="","",(L20*O20))
F21: =IF(D21="","",(SUM($G$9))) | G21: =IF(D21="","",(SUM(E21)-F21)) | H21: =IF(D21="","",(D21*G21)) | N21: =IF(L21="","",($G$10)) | O21: =IF(L21="","",(SUM(M21)-N21)) | P21: =IF(L21="","",(L21*O21))
F22: =IF(D22="","",(SUM($G$9))) | G22: =IF(D22="","",(SUM(E22)-F22)) | H22: =IF(D22="","",(D22*G22)) | N22: =IF(L22="","",($G$10)) | O22: =IF(L22="","",(SUM(M22)-N22)) | P22: =IF(L22="","",(L22*O22))
B23: 소 계 | D23: =SUM(D16:D22) -> 6100 | H23: =SUM(H16:H22) -> -6164626.1 | J23: 소 계 | L23: =SUM(L16:L22) -> 4000 | P23: =SUM(P16:P22) -> -5885184
B26: 마 감 재 고 | G26: [단위:리터/원] | J26: 입 고 내 역 | O26: [단위:리터/원]
B27: 유종 | C27: 수량 | E27: 단가 | G27: 환산금액 | J27: 유종 | K27: 수량 | M27: 사입단가 | O27: 환산금액
B28: G | C28: 0 | E28: 0 | G28: 0 | J28: G | K28: 0 | O28: 0
B29: K | C29: =$E$9-$D$23 -> 65344 | E29: =$G$9 -> 1010.5944 | G29: =C29*E29 -> 66036283 | J29: K | O29: =K29*M29 -> 0
B30: D | C30: =$E$10-$L$23 -> 67354 | E30: =$G$10 -> 1471.296 | G30: =C30*E30 -> 99097671 | J30: D | O30: =K30*M30 -> 0
B33: 복 합 단 가
B34: 유종 | C34: 수량 | E34: 금액 | G34: 복 합 단 가
B35: G | C35: 0 | E35: 0 | G35: 0
B36: K | C36: =$C$29+$K$29 -> 65344 | E36: =$G$29+$O$29-K36 -> 66036283 | G36: =E36/C36 -> 1010.5944
B37: D | C37: =$C$30+$K$30 -> 67354 | E37: =$G$30+$O$30 -> 99097671 | G37: =E37/C37 -> 1471.296
B39: 재 고 현 황 | O39: [단위:리터/원]
C40: 전일 | F40: 금일 | N40: 복합단가 | O40: 증감
C41: 재고 | F41: 입고 | H41: 출고 | K41: 마 감 재 고 | M41: 재고율
B42: 휘발유 | P42: .
B43: 등 유 | C43: =SUM($E$9) -> 71444 | F43: =$K$29 -> 0 | H43: =$D$23 -> 6100 | K43: =$C$43-$H$43+$F$43+$O$43 -> 65344 | M43: =SUM($K$43)/$D$9 -> 0.32672 | N43: =$G$36 -> 1010.5944
B44: 경 유 | C44: =SUM($E$10) -> 71354 | F44: =$K$30 -> 0 | H44: =$L$23 -> 4000 | K44: =$C$44-$H$44+$F$44+$O$44 -> 67354 | M44: =SUM($K$44)/D10 -> 0.134708 | N44: =$G$37 -> 1471.296
G45: 복합단가의 재고수량과 단가는 보관물량 제외니 참고해주세요!

Sheet 1223
B1: ◈ KK저장소 복합단가 운영표 - 단지저장소
B5: 이 월 재 고 | G5: [단위:리터/원]
B7: 유종 | D7: 탱크용량 | E7: 재고수량 | F7: 재고율 | G7: 단가
C8: G | D8: 0 | E8: 0 | F8: 0 | G8: 0
C9: K | D9: 200000 | E9: =SUM('1222'!K43:L43) -> 65344 | F9: =E9/D9 -> 0.32672 | G9: =SUM('1222'!N43) -> 1010.5944
C10: D | D10: 500000 | E10: =SUM('1222'!K44:L44) -> 67354 | F10: =E10/D10 -> 0.134708 | G10: =SUM('1222'!N44) -> 1471.296
B13: 출고내역(K) | G13: [단위:리터/원] | J13: 출고내역(LD) | O13: [단위:리터/원]
B14: 유종 | C14: 일반매출(사내이관 포함) | J14: 유종 | K14: 일반매출(사내이관 포함)
C15: 거래처명 | D15: 수량 | E15: 출고단가 | F15: 재고단가 | G15: 단가차액 | H15: 이익 | K15: 거래처명 | L15: 수량 | M15: 출고단가 | N15: 재고단가 | O15: 단가차액 | P15: 이익
B16: 실내 등유 | C16: 영대전기관 | D16: 4000 | F16: =IF(D16="","",(SUM($G$9))) -> 1010.5944 | G16: =IF(D16="","",(SUM(E16)-F16)) -> -1010.5944 | H16: =IF(D16="","",(D16*G16)) -> -4042377.8 | J16: 경유 | K16: 문덕 | L16: 3000 | N16: =IF(L16="","",($G$10)) -> 1471.296 | O16: =IF(L16="","",(SUM(M16)-N16)) -> -1471.296 | P16: =IF(L16="","",(L16*O16)) -> -4413888
C17: 중앙2 | D17: 4000 | F17: =IF(D17="","",(SUM($G$9))) -> 1010.5944 | G17: =IF(D17="","",(SUM(E17)-F17)) -> -1010.5944 | H17: =IF(D17="","",(D17*G17)) -> -4042377.8 | N17: =IF(L17="","",($G$10)) | O17: =IF(L17="","",(SUM(M17)-N17)) | P17: =IF(L17="","",(L17*O17))
C18: 영포석유 | D18: 4700 | F18: =IF(D18="","",(SUM($G$9))) -> 1010.5944 | G18: =IF(D18="","",(SUM(E18)-F18)) -> -1010.5944 | H18: =IF(D18="","",(D18*G18)) -> -4749793.9 | N18: =IF(L18="","",($G$10)) | O18: =IF(L18="","",(SUM(M18)-N18)) | P18: =IF(L18="","",(L18*O18))
C19: 세계 | D19: 1500 | F19: =IF(D19="","",(SUM($G$9))) -> 1010.5944 | G19: =IF(D19="","",(SUM(E19)-F19)) -> -1010.5944 | H19: =IF(D19="","",(D19*G19)) -> -1515891.7 | N19: =IF(L19="","",($G$10)) | O19: =IF(L19="","",(SUM(M19)-N19)) | P19: =IF(L19="","",(L19*O19))
C20: 신라 | D20: 20000 | F20: =IF(D20="","",(SUM($G$9))) -> 1010.5944 | G20: =IF(D20="","",(SUM(E20)-F20)) -> -1010.5944 | H20: =IF(D20="","",(D20*G20)) -> -20211889 | N20: =IF(L20="","",($G$10)) | O20: =IF(L20="","",(SUM(M20)-N20)) | P20: =IF(L20="","",(L20*O20))
F21: =IF(D21="","",(SUM($G$9))) | G21: =IF(D21="","",(SUM(E21)-F21)) | H21: =IF(D21="","",(D21*G21)) | N21: =IF(L21="","",($G$10)) | O21: =IF(L21="","",(SUM(M21)-N21)) | P21: =IF(L21="","",(L21*O21))
F22: =IF(D22="","",(SUM($G$9))) | G22: =IF(D22="","",(SUM(E22)-F22)) | H22: =IF(D22="","",(D22*G22)) | N22: =IF(L22="","",($G$10)) | O22: =IF(L22="","",(SUM(M22)-N22)) | P22: =IF(L22="","",(L22*O22))
B23: 소 계 | D23: =SUM(D16:D22) -> 34200 | H23: =SUM(H16:H22) -> -34562330 | J23: 소 계 | L23: =SUM(L16:L22) -> 3000 | P23: =SUM(P16:P22) -> -4413888
B26: 마 감 재 고 | G26: [단위:리터/원] | J26: 입 고 내 역 | O26: [단위:리터/원]
B27: 유종 | C27: 수량 | E27: 단가 | G27: 환산금액 | J27: 유종 | K27: 수량 | M27: 사입단가 | O27: 환산금액
B28: G | C28: 0 | E28: 0 | G28: 0 | J28: G | K28: 0 | O28: 0
B29: K | C29: =$E$9-$D$23 -> 31144 | E29: =$G$9 -> 1010.5944 | G29: =C29*E29 -> 31473953 | J29: K | O29: =K29*M29 -> 0
B30: D | C30: =$E$10-$L$23 -> 64354 | E30: =$G$10 -> 1471.296 | G30: =C30*E30 -> 94683783 | J30: D | O30: =K30*M30 -> 0
B33: 복 합 단 가
B34: 유종 | C34: 수량 | E34: 금액 | G34: 복 합 단 가
B35: G | C35: 0 | E35: 0 | G35: 0
B36: K | C36: =$C$29+$K$29 -> 31144 | E36: =$G$29+$O$29-K36 -> 31473953 | G36: =E36/C36 -> 1010.5944
B37: D | C37: =$C$30+$K$30 -> 64354 | E37: =$G$30+$O$30 -> 94683783 | G37: =E37/C37 -> 1471.296
B39: 재 고 현 황 | O39: [단위:리터/원]
C40: 전일 | F40: 금일 | N40: 복합단가 | O40: 증감
C41: 재고 | F41: 입고 | H41: 출고 | K41: 마 감 재 고 | M41: 재고율
B42: 휘발유 | P42: .
B43: 등 유 | C43: =SUM($E$9) -> 65344 | F43: =$K$29 -> 0 | H43: =$D$23 -> 34200 | K43: =$C$43-$H$43+$F$43+$O$43 -> 31144 | M43: =SUM($K$43)/$D$9 -> 0.15572 | N43: =$G$36 -> 1010.5944
B44: 경 유 | C44: =SUM($E$10) -> 67354 | F44: =$K$30 -> 0 | H44: =$L$23 -> 3000 | K44: =$C$44-$H$44+$F$44+$O$44 -> 64354 | M44: =SUM($K$44)/D10 -> 0.128708 | N44: =$G$37 -> 1471.296
G45: 복합단가의 재고수량과 단가는 보관물량 제외니 참고해주세요!

Sheet 1224
B1: ◈ KK저장소 복합단가 운영표 - 단지저장소
B5: 이 월 재 고 | G5: [단위:리터/원]
B7: 유종 | D7: 탱크용량 | E7: 재고수량 | F7: 재고율 | G7: 단가
C8: G | D8: 0 | E8: 0 | F8: 0 | G8: 0
C9: K | D9: 200000 | E9: =SUM('1223'!K43:L43) -> 31144 | F9: =E9/D9 -> 0.15572 | G9: =SUM('1223'!N43) -> 1010.5944
C10: D | D10: 500000 | E10: =SUM('1223'!K44:L44) -> 64354 | F10: =E10/D10 -> 0.128708 | G10: =SUM('1223'!N44) -> 1471.296
B13: 출고내역(K) | G13: [단위:리터/원] | J13: 출고내역(LD) | O13: [단위:리터/원]
B14: 유종 | C14: 일반매출(사내이관 포함) | J14: 유종 | K14: 일반매출(사내이관 포함)
C15: 거래처명 | D15: 수량 | E15: 출고단가 | F15: 재고단가 | G15: 단가차액 | H15: 이익 | K15: 거래처명 | L15: 수량 | M15: 출고단가 | N15: 재고단가 | O15: 단가차액 | P15: 이익
B16: 실내 등유 | C16: 영포석유 | D16: 1600 | F16: =IF(D16="","",(SUM($G$9))) -> 1010.5944 | G16: =IF(D16="","",(SUM(E16)-F16)) -> -1010.5944 | H16: =IF(D16="","",(D16*G16)) -> -1616951.1 | J16: 경유 | K16: 문덕 | L16: 3000 | N16: =IF(L16="","",($G$10)) -> 1471.296 | O16: =IF(L16="","",(SUM(M16)-N16)) -> -1471.296 | P16: =IF(L16="","",(L16*O16)) -> -4413888
C17: 강변 | D17: 1300 | F17: =IF(D17="","",(SUM($G$9))) -> 1010.5944 | G17: =IF(D17="","",(SUM(E17)-F17)) -> -1010.5944 | H17: =IF(D17="","",(D17*G17)) -> -1313772.8 | N17: =IF(L17="","",($G$10)) | O17: =IF(L17="","",(SUM(M17)-N17)) | P17: =IF(L17="","",(L17*O17))
C18: 장일석유 | D18: 2000 | F18: =IF(D18="","",(SUM($G$9))) -> 1010.5944 | G18: =IF(D18="","",(SUM(E18)-F18)) -> -1010.5944 | H18: =IF(D18="","",(D18*G18)) -> -2021188.9 | N18: =IF(L18="","",($G$10)) | O18: =IF(L18="","",(SUM(M18)-N18)) | P18: =IF(L18="","",(L18*O18))
F19: =IF(D19="","",(SUM($G$9))) | G19: =IF(D19="","",(SUM(E19)-F19)) | H19: =IF(D19="","",(D19*G19)) | N19: =IF(L19="","",($G$10)) | O19: =IF(L19="","",(SUM(M19)-N19)) | P19: =IF(L19="","",(L19*O19))
F20: =IF(D20="","",(SUM($G$9))) | G20: =IF(D20="","",(SUM(E20)-F20)) | H20: =IF(D20="","",(D20*G20)) | N20: =IF(L20="","",($G$10)) | O20: =IF(L20="","",(SUM(M20)-N20)) | P20: =IF(L20="","",(L20*O20))
F21: =IF(D21="","",(SUM($G$9))) | G21: =IF(D21="","",(SUM(E21)-F21)) | H21: =IF(D21="","",(D21*G21)) | N21: =IF(L21="","",($G$10)) | O21: =IF(L21="","",(SUM(M21)-N21)) | P21: =IF(L21="","",(L21*O21))
F22: =IF(D22="","",(SUM($G$9))) | G22: =IF(D22="","",(SUM(E22)-F22)) | H22: =IF(D22="","",(D22*G22)) | N22: =IF(L22="","",($G$10)) | O22: =IF(L22="","",(SUM(M22)-N22)) | P22: =IF(L22="","",(L22*O22))
B23: 소 계 | D23: =SUM(D16:D22) -> 4900 | H23: =SUM(H16:H22) -> -4951912.8 | J23: 소 계 | L23: =SUM(L16:L22) -> 3000 | P23: =SUM(P16:P22) -> -4413888
B26: 마 감 재 고 | G26: [단위:리터/원] | J26: 입 고 내 역 | O26: [단위:리터/원]
B27: 유종 | C27: 수량 | E27: 단가 | G27: 환산금액 | J27: 유종 | K27: 수량 | M27: 사입단가 | O27: 환산금액
B28: G | C28: 0 | E28: 0 | G28: 0 | J28: G | K28: 0 | O28: 0
B29: K | C29: =$E$9-$D$23 -> 26244 | E29: =$G$9 -> 1010.5944 | G29: =C29*E29 -> 26522041 | J29: K | K29: 8000 | M29: 999.5 | O29: =K29*M29 -> 7996000
B30: D | C30: =$E$10-$L$23 -> 61354 | E30: =$G$10 -> 1471.296 | G30: =C30*E30 -> 90269895 | J30: D | O30: =K30*M30 -> 0
B33: 복 합 단 가
B34: 유종 | C34: 수량 | E34: 금액 | G34: 복 합 단 가
B35: G | C35: 0 | E35: 0 | G35: 0
B36: K | C36: =$C$29+$K$29 -> 34244 | E36: =$G$29+$O$29-K36 -> 34518041 | G36: =E36/C36 -> 1008.0026
B37: D | C37: =$C$30+$K$30 -> 61354 | E37: =$G$30+$O$30 -> 90269895 | G37: =E37/C37 -> 1471.296
B39: 재 고 현 황 | O39: [단위:리터/원]
C40: 전일 | F40: 금일 | N40: 복합단가 | O40: 증감
C41: 재고 | F41: 입고 | H41: 출고 | K41: 마 감 재 고 | M41: 재고율
B42: 휘발유 | P42: .
B43: 등 유 | C43: =SUM($E$9) -> 31144 | F43: =$K$29 -> 8000 | H43: =$D$23 -> 4900 | K43: =$C$43-$H$43+$F$43+$O$43 -> 34244 | M43: =SUM($K$43)/$D$9 -> 0.17122 | N43: =$G$36 -> 1008.0026
B44: 경 유 | C44: =SUM($E$10) -> 64354 | F44: =$K$30 -> 0 | H44: =$L$23 -> 3000 | K44: =$C$44-$H$44+$F$44+$O$44 -> 61354 | M44: =SUM($K$44)/D10 -> 0.122708 | N44: =$G$37 -> 1471.296
G45: 복합단가의 재고수량과 단가는 보관물량 제외니 참고해주세요!

Sheet 1225
B1: ◈ KK저장소 복합단가 운영표 - 단지저장소
B5: 이 월 재 고 | G5: [단위:리터/원]
B7: 유종 | D7: 탱크용량 | E7: 재고수량 | F7: 재고율 | G7: 단가
C8: G | D8: 0 | E8: 0 | F8: 0 | G8: 0
C9: K | D9: 200000 | E9: =SUM('1224'!K43:L43) -> 34244 | F9: =E9/D9 -> 0.17122 | G9: =SUM('1224'!N43) -> 1008.0026
C10: D | D10: 500000 | E10: =SUM('1224'!K44:L44) -> 61354 | F10: =E10/D10 -> 0.122708 | G10: =SUM('1224'!N44) -> 1471.296
B13: 출고내역(K) | G13: [단위:리터/원] | J13: 출고내역(LD) | O13: [단위:리터/원]
B14: 유종 | C14: 일반매출(사내이관 포함) | J14: 유종 | K14: 일반매출(사내이관 포함)
C15: 거래처명 | D15: 수량 | E15: 출고단가 | F15: 재고단가 | G15: 단가차액 | H15: 이익 | K15: 거래처명 | L15: 수량 | M15: 출고단가 | N15: 재고단가 | O15: 단가차액 | P15: 이익
B16: 실내 등유 | C16: 신라 | D16: 12000 | F16: =IF(D16="","",(SUM($G$9))) -> 1008.0026 | G16: =IF(D16="","",(SUM(E16)-F16)) -> -1008.0026 | H16: =IF(D16="","",(D16*G16)) -> -12096031 | J16: 경유 | K16: 영포석유 | L16: 1000 | N16: =IF(L16="","",($G$10)) -> 1471.296 | O16: =IF(L16="","",(SUM(M16)-N16)) -> -1471.296 | P16: =IF(L16="","",(L16*O16)) -> -1471296
C17: 중앙2 | D17: 8000 | F17: =IF(D17="","",(SUM($G$9))) -> 1008.0026 | G17: =IF(D17="","",(SUM(E17)-F17)) -> -1008.0026 | H17: =IF(D17="","",(D17*G17)) -> -8064020.7 | K17: 세계 | L17: 3000 | N17: =IF(L17="","",($G$10)) -> 1471.296 | O17: =IF(L17="","",(SUM(M17)-N17)) -> -1471.296 | P17: =IF(L17="","",(L17*O17)) -> -4413888
C18: 영포석유 | D18: 1800 | F18: =IF(D18="","",(SUM($G$9))) -> 1008.0026 | G18: =IF(D18="","",(SUM(E18)-F18)) -> -1008.0026 | H18: =IF(D18="","",(D18*G18)) -> -1814404.7 | N18: =IF(L18="","",($G$10)) | O18: =IF(L18="","",(SUM(M18)-N18)) | P18: =IF(L18="","",(L18*O18))
F19: =IF(D19="","",(SUM($G$9))) | G19: =IF(D19="","",(SUM(E19)-F19)) | H19: =IF(D19="","",(D19*G19)) | N19: =IF(L19="","",($G$10)) | O19: =IF(L19="","",(SUM(M19)-N19)) | P19: =IF(L19="","",(L19*O19))
F20: =IF(D20="","",(SUM($G$9))) | G20: =IF(D20="","",(SUM(E20)-F20)) | H20: =IF(D20="","",(D20*G20)) | N20: =IF(L20="","",($G$10)) | O20: =IF(L20="","",(SUM(M20)-N20)) | P20: =IF(L20="","",(L20*O20))
F21: =IF(D21="","",(SUM($G$9))) | G21: =IF(D21="","",(SUM(E21)-F21)) | H21: =IF(D21="","",(D21*G21)) | N21: =IF(L21="","",($G$10)) | O21: =IF(L21="","",(SUM(M21)-N21)) | P21: =IF(L21="","",(L21*O21))
F22: =IF(D22="","",(SUM($G$9))) | G22: =IF(D22="","",(SUM(E22)-F22)) | H22: =IF(D22="","",(D22*G22)) | N22: =IF(L22="","",($G$10)) | O22: =IF(L22="","",(SUM(M22)-N22)) | P22: =IF(L22="","",(L22*O22))
B23: 소 계 | D23: =SUM(D16:D22) -> 21800 | H23: =SUM(H16:H22) -> -21974456 | J23: 소 계 | L23: =SUM(L16:L22) -> 4000 | P23: =SUM(P16:P22) -> -5885184
B26: 마 감 재 고 | G26: [단위:리터/원] | J26: 입 고 내 역 | O26: [단위:리터/원]
B27: 유종 | C27: 수량 | E27: 단가 | G27: 환산금액 | J27: 유종 | K27: 수량 | M27: 사입단가 | O27: 환산금액
B28: G | C28: 0 | E28: 0 | G28: 0 | J28: G | K28: 0 | O28: 0
B29: K | C29: =$E$9-$D$23 -> 12444 | E29: =$G$9 -> 1008.0026 | G29: =C29*E29 -> 12543584 | J29: K | O29: =K29*M29 -> 0
B30: D | C30: =$E$10-$L$23 -> 57354 | E30: =$G$10 -> 1471.296 | G30: =C30*E30 -> 84384711 | J30: D | K30: 32000 | M30: 1427.3224 | O30: =K30*M30 -> 45674315
B33: 복 합 단 가
B34: 유종 | C34: 수량 | E34: 금액 | G34: 복 합 단 가
B35: G | C35: 0 | E35: 0 | G35: 0
B36: K | C36: =$C$29+$K$29 -> 12444 | E36: =$G$29+$O$29-K36 -> 12543584 | G36: =E36/C36 -> 1008.0026
B37: D | C37: =$C$30+$K$30 -> 89354 | E37: =$G$30+$O$30 -> 1.3005903e+08 | G37: =E37/C37 -> 1455.5479
B39: 재 고 현 황 | O39: [단위:리터/원]
C40: 전일 | F40: 금일 | N40: 복합단가 | O40: 증감
C41: 재고 | F41: 입고 | H41: 출고 | K41: 마 감 재 고 | M41: 재고율
B42: 휘발유 | P42: .
B43: 등 유 | C43: =SUM($E$9) -> 34244 | F43: =$K$29 -> 0 | H43: =$D$23 -> 21800 | K43: =$C$43-$H$43+$F$43+$O$43 -> 12444 | M43: =SUM($K$43)/$D$9 -> 0.06222 | N43: =$G$36 -> 1008.0026
B44: 경 유 | C44: =SUM($E$10) -> 61354 | F44: =$K$30 -> 32000 | H44: =$L$23 -> 4000 | K44: =$C$44-$H$44+$F$44+$O$44 -> 89354 | M44: =SUM($K$44)/D10 -> 0.178708 | N44: =$G$37 -> 1455.5479
G45: 복합단가의 재고수량과 단가는 보관물량 제외니 참고해주세요!

Sheet 1226
B1: ◈ KK저장소 복합단가 운영표 - 단지저장소
B5: 이 월 재 고 | G5: [단위:리터/원]
B7: 유종 | D7: 탱크용량 | E7: 재고수량 | F7: 재고율 | G7: 단가
C8: G | D8: 0 | E8: 0 | F8: 0 | G8: 0
C9: K | D9: 200000 | E9: =SUM('1225'!K43:L43) -> 12444 | F9: =E9/D9 -> 0.06222 | G9: =SUM('1225'!N43) -> 1008.0026
C10: D | D10: 500000 | E10: =SUM('1225'!K44:L44) -> 89354 | F10: =E10/D10 -> 0.178708 | G10: =SUM('1225'!N44) -> 1455.5479
B13: 출고내역(K) | G13: [단위:리터/원] | J13: 출고내역(LD) | O13: [단위:리터/원]
B14: 유종 | C14: 일반매출(사내이관 포함) | J14: 유종 | K14: 일반매출(사내이관 포함)
C15: 거래처명 | D15: 수량 | E15: 출고단가 | F15: 재고단가 | G15: 단가차액 | H15: 이익 | K15: 거래처명 | L15: 수량 | M15: 출고단가 | N15: 재고단가 | O15: 단가차액 | P15: 이익
B16: 실내 등유 | C16: 영포석유 | D16: 1800 | F16: =IF(D16="","",(SUM($G$9))) -> 1008.0026 | G16: =IF(D16="","",(SUM(E16)-F16)) -> -1008.0026 | H16: =IF(D16="","",(D16*G16)) -> -1814404.7 | J16: 경유 | N16: =IF(L16="","",($G$10)) | O16: =IF(L16="","",(SUM(M16)-N16)) | P16: =IF(L16="","",(L16*O16))
C17: 세계 | D17: 1500 | F17: =IF(D17="","",(SUM($G$9))) -> 1008.0026 | G17: =IF(D17="","",(SUM(E17)-F17)) -> -1008.0026 | H17: =IF(D17="","",(D17*G17)) -> -1512003.9 | N17: =IF(L17="","",($G$10)) | O17: =IF(L17="","",(SUM(M17)-N17)) | P17: =IF(L17="","",(L17*O17))
C18: 신경북 | D18: 1000 | F18: =IF(D18="","",(SUM($G$9))) -> 1008.0026 | G18: =IF(D18="","",(SUM(E18)-F18)) -> -1008.0026 | H18: =IF(D18="","",(D18*G18)) -> -1008002.6 | N18: =IF(L18="","",($G$10)) | O18: =IF(L18="","",(SUM(M18)-N18)) | P18: =IF(L18="","",(L18*O18))
F19: =IF(D19="","",(SUM($G$9))) | G19: =IF(D19="","",(SUM(E19)-F19)) | H19: =IF(D19="","",(D19*G19)) | N19: =IF(L19="","",($G$10)) | O19: =IF(L19="","",(SUM(M19)-N19)) | P19: =IF(L19="","",(L19*O19))
F20: =IF(D20="","",(SUM($G$9))) | G20: =IF(D20="","",(SUM(E20)-F20)) | H20: =IF(D20="","",(D20*G20)) | N20: =IF(L20="","",($G$10)) | O20: =IF(L20="","",(SUM(M20)-N20)) | P20: =IF(L20="","",(L20*O20))
F21: =IF(D21="","",(SUM($G$9))) | G21: =IF(D21="","",(SUM(E21)-F21)) | H21: =IF(D21="","",(D21*G21)) | N21: =IF(L21="","",($G$10)) | O21: =IF(L21="","",(SUM(M21)-N21)) | P21: =IF(L21="","",(L21*O21))
F22: =IF(D22="","",(SUM($G$9))) | G22: =IF(D22="","",(SUM(E22)-F22)) | H22: =IF(D22="","",(D22*G22)) | N22: =IF(L22="","",($G$10)) | O22: =IF(L22="","",(SUM(M22)-N22)) | P22: =IF(L22="","",(L22*O22))
B23: 소 계 | D23: =SUM(D16:D22) -> 4300 | H23: =SUM(H16:H22) -> -4334411.1 | J23: 소 계 | L23: =SUM(L16:L22) -> 0 | P23: =SUM(P16:P22) -> 0
B26: 마 감 재 고 | G26: [단위:리터/원] | J26: 입 고 내 역 | O26: [단위:리터/원]
B27: 유종 | C27: 수량 | E27: 단가 | G27: 환산금액 | J27: 유종 | K27: 수량 | M27: 사입단가 | O27: 환산금액
B28: G | C28: 0 | E28: 0 | G28: 0 | J28: G | K28: 0 | O28: 0
B29: K | C29: =$E$9-$D$23 -> 8144 | E29: =$G$9 -> 1008.0026 | G29: =C29*E29 -> 8209173.1 | J29: K | K29: 64000 | M29: 999.5 | O29: =K29*M29 -> 63968000
B30: D | C30: =$E$10-$L$23 -> 89354 | E30: =$G$10 -> 1455.5479 | G30: =C30*E30 -> 1.3005903e+08 | J30: D | K30: 32214 | M30: 1442.3224 | O30: =K30*M30 -> 46462972
B33: 복 합 단 가
B34: 유종 | C34: 수량 | E34: 금액 | G34: 복 합 단 가
B35: G | C35: 0 | E35: 0 | G35: 0
B36: K | C36: =$C$29+$K$29 -> 72144 | E36: =$G$29+$O$29-K36 -> 72177173 | G36: =E36/C36 -> 1000.4598
B37: D | C37: =$C$30+$K$30 -> 121568 | E37: =$G$30+$O$30 -> 1.76522e+08 | G37: =E37/C37 -> 1452.0433
B39: 재 고 현 황 | O39: [단위:리터/원]
C40: 전일 | F40: 금일 | N40: 복합단가 | O40: 증감
C41: 재고 | F41: 입고 | H41: 출고 | K41: 마 감 재 고 | M41: 재고율
B42: 휘발유 | P42: .
B43: 등 유 | C43: =SUM($E$9) -> 12444 | F43: =$K$29 -> 64000 | H43: =$D$23 -> 4300 | K43: =$C$43-$H$43+$F$43+$O$43 -> 72144 | M43: =SUM($K$43)/$D$9 -> 0.36072 | N43: =$G$36 -> 1000.4598
B44: 경 유 | C44: =SUM($E$10) -> 89354 | F44: =$K$30 -> 32214 | H44: =$L$23 -> 0 | K44: =$C$44-$H$44+$F$44+$O$44 -> 121568 | M44: =SUM($K$44)/D10 -> 0.243136 | N44: =$G$37 -> 1452.0433
G45: 복합단가의 재고수량과 단가는 보관물량 제외니 참고해주세요!

Sheet 1227
B1: ◈ KK저장소 복합단가 운영표 - 단지저장소
B5: 이 월 재 고 | G5: [단위:리터/원]
B7: 유종 | D7: 탱크용량 | E7: 재고수량 | F7: 재고율 | G7: 단가
C8: G | D8: 0 | E8: 0 | F8: 0 | G8: 0
C9: K | D9: 200000 | E9: =SUM('1226'!K43:L43) -> 72144 | F9: =E9/D9 -> 0.36072 | G9: =SUM('1226'!N43) -> 1000.4598
C10: D | D10: 500000 | E10: =SUM('1226'!K44:L44) -> 121568 | F10: =E10/D10 -> 0.243136 | G10: =SUM('1226'!N44) -> 1452.0433
B13: 출고내역(K) | G13: [단위:리터/원] | J13: 출고내역(LD) | O13: [단위:리터/원]
B14: 유종 | C14: 일반매출(사내이관 포함) | J14: 유종 | K14: 일반매출(사내이관 포함)
C15: 거래처명 | D15: 수량 | E15: 출고단가 | F15: 재고단가 | G15: 단가차액 | H15: 이익 | K15: 거래처명 | L15: 수량 | M15: 출고단가 | N15: 재고단가 | O15: 단가차액 | P15: 이익
B16: 실내 등유 | C16: 영포석유 | D16: 1400 | F16: =IF(D16="","",(SUM($G$9))) -> 1000.4598 | G16: =IF(D16="","",(SUM(E16)-F16)) -> -1000.4598 | H16: =IF(D16="","",(D16*G16)) -> -1400643.7 | J16: 경유 | K16: 문덕 | L16: 5000 | N16: =IF(L16="","",($G$10)) -> 1452.0433 | O16: =IF(L16="","",(SUM(M16)-N16)) -> -1452.0433 | P16: =IF(L16="","",(L16*O16)) -> -7260216.5
C17: 세계 | D17: 1500 | F17: =IF(D17="","",(SUM($G$9))) -> 1000.4598 | G17: =IF(D17="","",(SUM(E17)-F17)) -> -1000.4598 | H17: =IF(D17="","",(D17*G17)) -> -1500689.7 | N17: =IF(L17="","",($G$10)) | O17: =IF(L17="","",(SUM(M17)-N17)) | P17: =IF(L17="","",(L17*O17))
C18: 문덕 | D18: 1000 | F18: =IF(D18="","",(SUM($G$9))) -> 1000.4598 | G18: =IF(D18="","",(SUM(E18)-F18)) -> -1000.4598 | H18: =IF(D18="","",(D18*G18)) -> -1000459.8 | N18: =IF(L18="","",($G$10)) | O18: =IF(L18="","",(SUM(M18)-N18)) | P18: =IF(L18="","",(L18*O18))
F19: =IF(D19="","",(SUM($G$9))) | G19: =IF(D19="","",(SUM(E19)-F19)) | H19: =IF(D19="","",(D19*G19)) | N19: =IF(L19="","",($G$10)) | O19: =IF(L19="","",(SUM(M19)-N19)) | P19: =IF(L19="","",(L19*O19))
F20: =IF(D20="","",(SUM($G$9))) | G20: =IF(D20="","",(SUM(E20)-F20)) | H20: =IF(D20="","",(D20*G20)) | N20: =IF(L20="","",($G$10)) | O20: =IF(L20="","",(SUM(M20)-N20)) | P20: =IF(L20="","",(L20*O20))
F21: =IF(D21="","",(SUM($G$9))) | G21: =IF(D21="","",(SUM(E21)-F21)) | H21: =IF(D21="","",(D21*G21)) | N21: =IF(L21="","",($G$10)) | O21: =IF(L21="","",(SUM(M21)-N21)) | P21: =IF(L21="","",(L21*O21))
F22: =IF(D22="","",(SUM($G$9))) | G22: =IF(D22="","",(SUM(E22)-F22)) | H22: =IF(D22="","",(D22*G22)) | N22: =IF(L22="","",($G$10)) | O22: =IF(L22="","",(SUM(M22)-N22)) | P22: =IF(L22="","",(L22*O22))
B23: 소 계 | D23: =SUM(D16:D22) -> 3900 | H23: =SUM(H16:H22) -> -3901793.3 | J23: 소 계 | L23: =SUM(L16:L22) -> 5000 | P23: =SUM(P16:P22) -> -7260216.5
B26: 마 감 재 고 | G26: [단위:리터/원] | J26: 입 고 내 역 | O26: [단위:리터/원]
B27: 유종 | C27: 수량 | E27: 단가 | G27: 환산금액 | J27: 유종 | K27: 수량 | M27: 사입단가 | O27: 환산금액
B28: G | C28: 0 | E28: 0 | G28: 0 | J28: G | K28: 0 | O28: 0
B29: K | C29: =$E$9-$D$23 -> 68244 | E29: =$G$9 -> 1000.4598 | G29: =C29*E29 -> 68275380 | J29: K | K29: 32000 | M29: 999.5 | O29: =K29*M29 -> 31984000
B30: D | C30: =$E$10-$L$23 -> 116568 | E30: =$G$10 -> 1452.0433 | G30: =C30*E30 -> 1.6926178e+08 | J30: D | K30: 96573 | M30: 1427.3224 | O30: =K30*M30 -> 1.378408e+08
K31: ▶ 경유 sap 12/27-12/28 합친 수량
B33: 복 합 단 가
B34: 유종 | C34: 수량 | E34: 금액 | G34: 복 합 단 가
B35: G | C35: 0 | E35: 0 | G35: 0
B36: K | C36: =$C$29+$K$29 -> 100244 | E36: =$G$29+$O$29-K36 -> 1.0025938e+08 | G36: =E36/C36 -> 1000.1534
B37: D | C37: =$C$30+$K$30 -> 213141 | E37: =$G$30+$O$30 -> 3.0710258e+08 | G37: =E37/C37 -> 1440.8424
B39: 재 고 현 황 | O39: [단위:리터/원]
C40: 전일 | F40: 금일 | N40: 복합단가 | O40: 증감
C41: 재고 | F41: 입고 | H41: 출고 | K41: 마 감 재 고 | M41: 재고율
B42: 휘발유 | P42: .
B43: 등 유 | C43: =SUM($E$9) -> 72144 | F43: =$K$29 -> 32000 | H43: =$D$23 -> 3900 | K43: =$C$43-$H$43+$F$43+$O$43 -> 100244 | M43: =SUM($K$43)/$D$9 -> 0.50122 | N43: =$G$36 -> 1000.1534
B44: 경 유 | C44: =SUM($E$10) -> 121568 | F44: =$K$30 -> 96573 | H44: =$L$23 -> 5000 | K44: =$C$44-$H$44+$F$44+$O$44 -> 213141 | M44: =SUM($K$44)/D10 -> 0.426282 | N44: =$G$37 -> 1440.8424
G45: 복합단가의 재고수량과 단가는 보관물량 제외니 참고해주세요!

Sheet 1229
B1: ◈ KK저장소 복합단가 운영표 - 단지저장소
B5: 이 월 재 고 | G5: [단위:리터/원]
B7: 유종 | D7: 탱크용량 | E7: 재고수량 | F7: 재고율 | G7: 단가
C8: G | D8: 0 | E8: 0 | F8: 0 | G8: 0
C9: K | D9: 200000 | E9: =SUM('1227'!K43:L43) -> 100244 | F9: =E9/D9 -> 0.50122 | G9: =SUM('1227'!N43) -> 1000.1534
C10: D | D10: 500000 | E10: =SUM('1227'!K44:L44) -> 213141 | F10: =E10/D10 -> 0.426282 | G10: =SUM('1227'!N44) -> 1440.8424
B13: 출고내역(K) | G13: [단위:리터/원] | J13: 출고내역(LD) | O13: [단위:리터/원]
B14: 유종 | C14: 일반매출(사내이관 포함) | J14: 유종 | K14: 일반매출(사내이관 포함)
C15: 거래처명 | D15: 수량 | E15: 출고단가 | F15: 재고단가 | G15: 단가차액 | H15: 이익 | K15: 거래처명 | L15: 수량 | M15: 출고단가 | N15: 재고단가 | O15: 단가차액 | P15: 이익
B16: 실내 등유 | C16: 영포석유 | D16: 4350 | F16: =IF(D16="","",(SUM($G$9))) -> 1000.1534 | G16: =IF(D16="","",(SUM(E16)-F16)) -> -1000.1534 | H16: =IF(D16="","",(D16*G16)) -> -4350667.4 | J16: 경유 | K16: 장일석유 | L16: 300 | N16: =IF(L16="","",($G$10)) -> 1440.8424 | O16: =IF(L16="","",(SUM(M16)-N16)) -> -1440.8424 | P16: =IF(L16="","",(L16*O16)) -> -432252.71
C17: 세계 | D17: 1500 | F17: =IF(D17="","",(SUM($G$9))) -> 1000.1534 | G17: =IF(D17="","",(SUM(E17)-F17)) -> -1000.1534 | H17: =IF(D17="","",(D17*G17)) -> -1500230.1 | N17: =IF(L17="","",($G$10)) | O17: =IF(L17="","",(SUM(M17)-N17)) | P17: =IF(L17="","",(L17*O17))
C18: 장일석유 | D18: 2000 | F18: =IF(D18="","",(SUM($G$9))) -> 1000.1534 | G18: =IF(D18="","",(SUM(E18)-F18)) -> -1000.1534 | H18: =IF(D18="","",(D18*G18)) -> -2000306.8 | N18: =IF(L18="","",($G$10)) | O18: =IF(L18="","",(SUM(M18)-N18)) | P18: =IF(L18="","",(L18*O18))
F19: =IF(D19="","",(SUM($G$9))) | G19: =IF(D19="","",(SUM(E19)-F19)) | H19: =IF(D19="","",(D19*G19)) | N19: =IF(L19="","",($G$10)) | O19: =IF(L19="","",(SUM(M19)-N19)) | P19: =IF(L19="","",(L19*O19))
F20: =IF(D20="","",(SUM($G$9))) | G20: =IF(D20="","",(SUM(E20)-F20)) | H20: =IF(D20="","",(D20*G20)) | N20: =IF(L20="","",($G$10)) | O20: =IF(L20="","",(SUM(M20)-N20)) | P20: =IF(L20="","",(L20*O20))
F21: =IF(D21="","",(SUM($G$9))) | G21: =IF(D21="","",(SUM(E21)-F21)) | H21: =IF(D21="","",(D21*G21)) | N21: =IF(L21="","",($G$10)) | O21: =IF(L21="","",(SUM(M21)-N21)) | P21: =IF(L21="","",(L21*O21))
F22: =IF(D22="","",(SUM($G$9))) | G22: =IF(D22="","",(SUM(E22)-F22)) | H22: =IF(D22="","",(D22*G22)) | N22: =IF(L22="","",($G$10)) | O22: =IF(L22="","",(SUM(M22)-N22)) | P22: =IF(L22="","",(L22*O22))
B23: 소 계 | D23: =SUM(D16:D22) -> 7850 | H23: =SUM(H16:H22) -> -7851204.4 | J23: 소 계 | L23: =SUM(L16:L22) -> 300 | P23: =SUM(P16:P22) -> -432252.71
B26: 마 감 재 고 | G26: [단위:리터/원] | J26: 입 고 내 역 | O26: [단위:리터/원]
B27: 유종 | C27: 수량 | E27: 단가 | G27: 환산금액 | J27: 유종 | K27: 수량 | M27: 사입단가 | O27: 환산금액
B28: G | C28: 0 | E28: 0 | G28: 0 | J28: G | K28: 0 | O28: 0
B29: K | C29: =$E$9-$D$23 -> 92394 | E29: =$G$9 -> 1000.1534 | G29: =C29*E29 -> 92408175 | J29: K | O29: =K29*M29 -> 0
B30: D | C30: =$E$10-$L$23 -> 212841 | E30: =$G$10 -> 1440.8424 | G30: =C30*E30 -> 3.0667033e+08 | J30: D | K30: 64448 | M30: 1429.3224 | O30: =K30*M30 -> 92116967
B33: 복 합 단 가
B34: 유종 | C34: 수량 | E34: 금액 | G34: 복 합 단 가
B35: G | C35: 0 | E35: 0 | G35: 0
B36: K | C36: =$C$29+$K$29 -> 92394 | E36: =$G$29+$O$29-K36 -> 92408175 | G36: =E36/C36 -> 1000.1534
B37: D | C37: =$C$30+$K$30 -> 277289 | E37: =$G$30+$O$30 -> 3.987873e+08 | G37: =E37/C37 -> 1438.1649
B39: 재 고 현 황 | O39: [단위:리터/원]
C40: 전일 | F40: 금일 | N40: 복합단가 | O40: 증감
C41: 재고 | F41: 입고 | H41: 출고 | K41: 마 감 재 고 | M41: 재고율
B42: 휘발유 | P42: .
B43: 등 유 | C43: =SUM($E$9) -> 100244 | F43: =$K$29 -> 0 | H43: =$D$23 -> 7850 | K43: =$C$43-$H$43+$F$43+$O$43 -> 92394 | M43: =SUM($K$43)/$D$9 -> 0.46197 | N43: =$G$36 -> 1000.1534
B44: 경 유 | C44: =SUM($E$10) -> 213141 | F44: =$K$30 -> 64448 | H44: =$L$23 -> 300 | K44: =$C$44-$H$44+$F$44+$O$44 -> 277289 | M44: =SUM($K$44)/D10 -> 0.554578 | N44: =$G$37 -> 1438.1649
G45: 복합단가의 재고수량과 단가는 보관물량 제외니 참고해주세요!

Sheet 1230
B1: ◈ KK저장소 복합단가 운영표 - 단지저장소
B5: 이 월 재 고 | G5: [단위:리터/원]
B7: 유종 | D7: 탱크용량 | E7: 재고수량 | F7: 재고율 | G7: 단가
C8: G | D8: 0 | E8: 0 | F8: 0 | G8: 0
C9: K | D9: 200000 | E9: =SUM('1229'!K43:L43) -> 92394 | F9: =E9/D9 -> 0.46197 | G9: =SUM('1229'!N43) -> 1000.1534
C10: D | D10: 500000 | E10: =SUM('1229'!K44:L44) -> 277289 | F10: =E10/D10 -> 0.554578 | G10: =SUM('1229'!N44) -> 1438.1649
B13: 출고내역(K) | G13: [단위:리터/원] | J13: 출고내역(LD) | O13: [단위:리터/원]
B14: 유종 | C14: 일반매출(사내이관 포함) | J14: 유종 | K14: 일반매출(사내이관 포함)
C15: 거래처명 | D15: 수량 | E15: 출고단가 | F15: 재고단가 | G15: 단가차액 | H15: 이익 | K15: 거래처명 | L15: 수량 | M15: 출고단가 | N15: 재고단가 | O15: 단가차액 | P15: 이익
B16: 실내 등유 | C16: 영포석유 | D16: 2800 | F16: =IF(D16="","",(SUM($G$9))) -> 1000.1534 | G16: =IF(D16="","",(SUM(E16)-F16)) -> -1000.1534 | H16: =IF(D16="","",(D16*G16)) -> -2800429.6 | J16: 경유 | K16: 문덕 | L16: 3000 | N16: =IF(L16="","",($G$10)) -> 1438.1649 | O16: =IF(L16="","",(SUM(M16)-N16)) -> -1438.1649 | P16: =IF(L16="","",(L16*O16)) -> -4314494.6
C17: 동해안 | D17: 1000 | F17: =IF(D17="","",(SUM($G$9))) -> 1000.1534 | G17: =IF(D17="","",(SUM(E17)-F17)) -> -1000.1534 | H17: =IF(D17="","",(D17*G17)) -> -1000153.4 | K17: 세계 | L17: 3000 | N17: =IF(L17="","",($G$10)) -> 1438.1649 | O17: =IF(L17="","",(SUM(M17)-N17)) -> -1438.1649 | P17: =IF(L17="","",(L17*O17)) -> -4314494.6
C18: 장일석유 | D18: 2000 | F18: =IF(D18="","",(SUM($G$9))) -> 1000.1534 | G18: =IF(D18="","",(SUM(E18)-F18)) -> -1000.1534 | H18: =IF(D18="","",(D18*G18)) -> -2000306.8 | K18: 장일석유 | L18: 500 | N18: =IF(L18="","",($G$10)) -> 1438.1649 | O18: =IF(L18="","",(SUM(M18)-N18)) -> -1438.1649 | P18: =IF(L18="","",(L18*O18)) -> -719082.44
F19: =IF(D19="","",(SUM($G$9))) | G19: =IF(D19="","",(SUM(E19)-F19)) | H19: =IF(D19="","",(D19*G19)) | N19: =IF(L19="","",($G$10)) | O19: =IF(L19="","",(SUM(M19)-N19)) | P19: =IF(L19="","",(L19*O19))
F20: =IF(D20="","",(SUM($G$9))) | G20: =IF(D20="","",(SUM(E20)-F20)) | H20: =IF(D20="","",(D20*G20)) | N20: =IF(L20="","",($G$10)) | O20: =IF(L20="","",(SUM(M20)-N20)) | P20: =IF(L20="","",(L20*O20))
F21: =IF(D21="","",(SUM($G$9))) | G21: =IF(D21="","",(SUM(E21)-F21)) | H21: =IF(D21="","",(D21*G21)) | N21: =IF(L21="","",($G$10)) | O21: =IF(L21="","",(SUM(M21)-N21)) | P21: =IF(L21="","",(L21*O21))
F22: =IF(D22="","",(SUM($G$9))) | G22: =IF(D22="","",(SUM(E22)-F22)) | H22: =IF(D22="","",(D22*G22)) | N22: =IF(L22="","",($G$10)) | O22: =IF(L22="","",(SUM(M22)-N22)) | P22: =IF(L22="","",(L22*O22))
B23: 소 계 | D23: =SUM(D16:D22) -> 5800 | H23: =SUM(H16:H22) -> -5800889.9 | J23: 소 계 | L23: =SUM(L16:L22) -> 6500 | P23: =SUM(P16:P22) -> -9348071.7
B26: 마 감 재 고 | G26: [단위:리터/원] | J26: 입 고 내 역 | O26: [단위:리터/원]
B27: 유종 | C27: 수량 | E27: 단가 | G27: 환산금액 | J27: 유종 | K27: 수량 | M27: 사입단가 | O27: 환산금액
B28: G | C28: 0 | E28: 0 | G28: 0 | J28: G | K28: 0 | O28: 0
B29: K | C29: =$E$9-$D$23 -> 86594 | E29: =$G$9 -> 1000.1534 | G29: =C29*E29 -> 86607286 | J29: K | O29: =K29*M29 -> 0
B30: D | C30: =$E$10-$L$23 -> 270789 | E30: =$G$10 -> 1438.1649 | G30: =C30*E30 -> 3.8943923e+08 | J30: D | O30: =K30*M30 -> 0
B33: 복 합 단 가
B34: 유종 | C34: 수량 | E34: 금액 | G34: 복 합 단 가
B35: G | C35: 0 | E35: 0 | G35: 0
B36: K | C36: =$C$29+$K$29 -> 86594 | E36: =$G$29+$O$29-K36 -> 86607286 | G36: =E36/C36 -> 1000.1534
B37: D | C37: =$C$30+$K$30 -> 270789 | E37: =$G$30+$O$30 -> 3.8943923e+08 | G37: =E37/C37 -> 1438.1649
B39: 재 고 현 황 | O39: [단위:리터/원]
C40: 전일 | F40: 금일 | N40: 복합단가 | O40: 증감
C41: 재고 | F41: 입고 | H41: 출고 | K41: 마 감 재 고 | M41: 재고율
B42: 휘발유 | P42: .
B43: 등 유 | C43: =SUM($E$9) -> 92394 | F43: =$K$29 -> 0 | H43: =$D$23 -> 5800 | K43: =$C$43-$H$43+$F$43+$O$43 -> 86594 | M43: =SUM($K$43)/$D$9 -> 0.43297 | N43: =$G$36 -> 1000.1534
B44: 경 유 | C44: =SUM($E$10) -> 277289 | F44: =$K$30 -> 0 | H44: =$L$23 -> 6500 | K44: =$C$44-$H$44+$F$44+$O$44 -> 270789 | M44: =SUM($K$44)/D10 -> 0.541578 | N44: =$G$37 -> 1438.1649
G45: 복합단가의 재고수량과 단가는 보관물량 제외니 참고해주세요!

Sheet 1231
B1: ◈ KK저장소 복합단가 운영표 - 단지저장소
B5: 이 월 재 고 | G5: [단위:리터/원]
B7: 유종 | D7: 탱크용량 | E7: 재고수량 | F7: 재고율 | G7: 단가
C8: G | D8: 0 | E8: 0 | F8: 0 | G8: 0
C9: K | D9: 200000 | E9: =SUM('1230'!K43:L43) -> 86594 | F9: =E9/D9 -> 0.43297 | G9: =SUM('1230'!N43) -> 1000.1534
C10: D | D10: 500000 | E10: =SUM('1230'!K44:L44) -> 270789 | F10: =E10/D10 -> 0.541578 | G10: =SUM('1230'!N44) -> 1438.1649
B13: 출고내역(K) | G13: [단위:리터/원] | J13: 출고내역(LD) | O13: [단위:리터/원]
B14: 유종 | C14: 일반매출(사내이관 포함) | J14: 유종 | K14: 일반매출(사내이관 포함)
C15: 거래처명 | D15: 수량 | E15: 출고단가 | F15: 재고단가 | G15: 단가차액 | H15: 이익 | K15: 거래처명 | L15: 수량 | M15: 출고단가 | N15: 재고단가 | O15: 단가차액 | P15: 이익
B16: 실내 등유 | C16: 영포석유 | D16: 3000 | F16: =IF(D16="","",(SUM($G$9))) -> 1000.1534 | G16: =IF(D16="","",(SUM(E16)-F16)) -> -1000.1534 | H16: =IF(D16="","",(D16*G16)) -> -3000460.3 | J16: 경유 | K16: 영포석유 | L16: 500 | N16: =IF(L16="","",($G$10)) -> 1438.1649 | O16: =IF(L16="","",(SUM(M16)-N16)) -> -1438.1649 | P16: =IF(L16="","",(L16*O16)) -> -719082.44
C17: 장일석유 | D17: 1900 | F17: =IF(D17="","",(SUM($G$9))) -> 1000.1534 | G17: =IF(D17="","",(SUM(E17)-F17)) -> -1000.1534 | H17: =IF(D17="","",(D17*G17)) -> -1900291.5 | N17: =IF(L17="","",($G$10)) | O17: =IF(L17="","",(SUM(M17)-N17)) | P17: =IF(L17="","",(L17*O17))
F18: =IF(D18="","",(SUM($G$9))) | G18: =IF(D18="","",(SUM(E18)-F18)) | H18: =IF(D18="","",(D18*G18)) | N18: =IF(L18="","",($G$10)) | O18: =IF(L18="","",(SUM(M18)-N18)) | P18: =IF(L18="","",(L18*O18))
F19: =IF(D19="","",(SUM($G$9))) | G19: =IF(D19="","",(SUM(E19)-F19)) | H19: =IF(D19="","",(D19*G19)) | N19: =IF(L19="","",($G$10)) | O19: =IF(L19="","",(SUM(M19)-N19)) | P19: =IF(L19="","",(L19*O19))
F20: =IF(D20="","",(SUM($G$9))) | G20: =IF(D20="","",(SUM(E20)-F20)) | H20: =IF(D20="","",(D20*G20)) | N20: =IF(L20="","",($G$10)) | O20: =IF(L20="","",(SUM(M20)-N20)) | P20: =IF(L20="","",(L20*O20))
F21: =IF(D21="","",(SUM($G$9))) | G21: =IF(D21="","",(SUM(E21)-F21)) | H21: =IF(D21="","",(D21*G21)) | N21: =IF(L21="","",($G$10)) | O21: =IF(L21="","",(SUM(M21)-N21)) | P21: =IF(L21="","",(L21*O21))
F22: =IF(D22="","",(SUM($G$9))) | G22: =IF(D22="","",(SUM(E22)-F22)) | H22: =IF(D22="","",(D22*G22)) | N22: =IF(L22="","",($G$10)) | O22: =IF(L22="","",(SUM(M22)-N22)) | P22: =IF(L22="","",(L22*O22))
B23: 소 계 | D23: =SUM(D16:D22) -> 4900 | H23: =SUM(H16:H22) -> -4900751.8 | J23: 소 계 | L23: =SUM(L16:L22) -> 500 | P23: =SUM(P16:P22) -> -719082.44
B26: 마 감 재 고 | G26: [단위:리터/원] | J26: 입 고 내 역 | O26: [단위:리터/원]
B27: 유종 | C27: 수량 | E27: 단가 | G27: 환산금액 | J27: 유종 | K27: 수량 | M27: 사입단가 | O27: 환산금액
B28: G | C28: 0 | E28: 0 | G28: 0 | J28: G | K28: 0 | O28: 0
B29: K | C29: =$E$9-$D$23 -> 81694 | E29: =$G$9 -> 1000.1534 | G29: =C29*E29 -> 81706534 | J29: K | O29: =K29*M29 -> 0
B30: D | C30: =$E$10-$L$23 -> 270289 | E30: =$G$10 -> 1438.1649 | G30: =C30*E30 -> 3.8872015e+08 | J30: D | O30: =K30*M30 -> 0
B33: 복 합 단 가
B34: 유종 | C34: 수량 | E34: 금액 | G34: 복 합 단 가
B35: G | C35: 0 | E35: 0 | G35: 0
B36: K | C36: =$C$29+$K$29 -> 81694 | E36: =$G$29+$O$29-K36 -> 81706534 | G36: =E36/C36 -> 1000.1534
B37: D | C37: =$C$30+$K$30 -> 270289 | E37: =$G$30+$O$30 -> 3.8872015e+08 | G37: =E37/C37 -> 1438.1649
B39: 재 고 현 황 | O39: [단위:리터/원]
C40: 전일 | F40: 금일 | N40: 복합단가 | O40: 증감
C41: 재고 | F41: 입고 | H41: 출고 | K41: 마 감 재 고 | M41: 재고율
B42: 휘발유 | P42: .
B43: 등 유 | C43: =SUM($E$9) -> 86594 | F43: =$K$29 -> 0 | H43: =$D$23 -> 4900 | K43: =$C$43-$H$43+$F$43+$O$43 -> 81694 | M43: =SUM($K$43)/$D$9 -> 0.40847 | N43: =$G$36 -> 1000.1534
B44: 경 유 | C44: =SUM($E$10) -> 270789 | F44: =$K$30 -> 0 | H44: =$L$23 -> 500 | K44: =$C$44-$H$44+$F$44+$O$44 -> 270289 | M44: =SUM($K$44)/D10 -> 0.540578 | N44: =$G$37 -> 1438.1649
G45: 복합단가의 재고수량과 단가는 보관물량 제외니 참고해주세요!

Sheet 0101
B1: ◈ KK저장소 복합단가 운영표 - 단지저장소
B5: 이 월 재 고 | G5: [단위:리터/원]
B7: 유종 | D7: 탱크용량 | E7: 재고수량 | F7: 재고율 | G7: 단가
C8: G | D8: 0 | E8: 0 | F8: 0 | G8: 0
C9: K | D9: 200000 | E9: =SUM('1231'!K43:L43) -> 81694 | F9: =E9/D9 -> 0.40847 | G9: =SUM('1231'!N43) -> 1000.1534
C10: D | D10: 500000 | E10: =SUM('1231'!K44:L44) -> 270289 | F10: =E10/D10 -> 0.540578 | G10: =SUM('1231'!N44) -> 1438.1649
B13: 출고내역(K) | G13: [단위:리터/원] | J13: 출고내역(LD) | O13: [단위:리터/원]
B14: 유종 | C14: 일반매출(사내이관 포함) | J14: 유종 | K14: 일반매출(사내이관 포함)
C15: 거래처명 | D15: 수량 | E15: 출고단가 | F15: 재고단가 | G15: 단가차액 | H15: 이익 | K15: 거래처명 | L15: 수량 | M15: 출고단가 | N15: 재고단가 | O15: 단가차액 | P15: 이익
B16: 실내 등유 | C16: 문덕 | D16: 1000 | F16: =IF(D16="","",(SUM($G$9))) -> 1000.1534 | G16: =IF(D16="","",(SUM(E16)-F16)) -> -1000.1534 | H16: =IF(D16="","",(D16*G16)) -> -1000153.4 | J16: 경유 | K16: 문덕 | L16: 2000 | N16: =IF(L16="","",($G$10)) -> 1438.1649 | O16: =IF(L16="","",(SUM(M16)-N16)) -> -1438.1649 | P16: =IF(L16="","",(L16*O16)) -> -2876329.7
F17: =IF(D17="","",(SUM($G$9))) | G17: =IF(D17="","",(SUM(E17)-F17)) | H17: =IF(D17="","",(D17*G17)) | N17: =IF(L17="","",($G$10)) | O17: =IF(L17="","",(SUM(M17)-N17)) | P17: =IF(L17="","",(L17*O17))
F18: =IF(D18="","",(SUM($G$9))) | G18: =IF(D18="","",(SUM(E18)-F18)) | H18: =IF(D18="","",(D18*G18)) | N18: =IF(L18="","",($G$10)) | O18: =IF(L18="","",(SUM(M18)-N18)) | P18: =IF(L18="","",(L18*O18))
F19: =IF(D19="","",(SUM($G$9))) | G19: =IF(D19="","",(SUM(E19)-F19)) | H19: =IF(D19="","",(D19*G19)) | N19: =IF(L19="","",($G$10)) | O19: =IF(L19="","",(SUM(M19)-N19)) | P19: =IF(L19="","",(L19*O19))
F20: =IF(D20="","",(SUM($G$9))) | G20: =IF(D20="","",(SUM(E20)-F20)) | H20: =IF(D20="","",(D20*G20)) | N20: =IF(L20="","",($G$10)) | O20: =IF(L20="","",(SUM(M20)-N20)) | P20: =IF(L20="","",(L20*O20))
F21: =IF(D21="","",(SUM($G$9))) | G21: =IF(D21="","",(SUM(E21)-F21)) | H21: =IF(D21="","",(D21*G21)) | N21: =IF(L21="","",($G$10)) | O21: =IF(L21="","",(SUM(M21)-N21)) | P21: =IF(L21="","",(L21*O21))
F22: =IF(D22="","",(SUM($G$9))) | G22: =IF(D22="","",(SUM(E22)-F22)) | H22: =IF(D22="","",(D22*G22)) | N22: =IF(L22="","",($G$10)) | O22: =IF(L22="","",(SUM(M22)-N22)) | P22: =IF(L22="","",(L22*O22))
B23: 소 계 | D23: =SUM(D16:D22) -> 1000 | H23: =SUM(H16:H22) -> -1000153.4 | J23: 소 계 | L23: =SUM(L16:L22) -> 2000 | P23: =SUM(P16:P22) -> -2876329.7
B26: 마 감 재 고 | G26: [단위:리터/원] | J26: 입 고 내 역 | O26: [단위:리터/원]
B27: 유종 | C27: 수량 | E27: 단가 | G27: 환산금액 | J27: 유종 | K27: 수량 | M27: 사입단가 | O27: 환산금액
B28: G | C28: 0 | E28: 0 | G28: 0 | J28: G | K28: 0 | O28: 0
B29: K | C29: =$E$9-$D$23 -> 80694 | E29: =$G$9 -> 1000.1534 | G29: =C29*E29 -> 80706380 | J29: K | O29: =K29*M29 -> 0
B30: D | C30: =$E$10-$L$23 -> 268289 | E30: =$G$10 -> 1438.1649 | G30: =C30*E30 -> 3.8584382e+08 | J30: D | O30: =K30*M30 -> 0
B33: 복 합 단 가
B34: 유종 | C34: 수량 | E34: 금액 | G34: 복 합 단 가
B35: G | C35: 0 | E35: 0 | G35: 0
B36: K | C36: =$C$29+$K$29 -> 80694 | E36: =$G$29+$O$29-K36 -> 80115925 | G36: =E36/C36 -> 992.83621 | K36: 590455.45 | L36: <<11월, 12월 경질유 인센
B37: D | C37: =$C$30+$K$30 -> 268289 | E37: =$G$30+$O$30 -> 3.8584382e+08 | G37: =E37/C37 -> 1438.1649
B39: 재 고 현 황 | O39: [단위:리터/원]
C40: 전일 | F40: 금일 | N40: 복합단가 | O40: 증감
C41: 재고 | F41: 입고 | H41: 출고 | K41: 마 감 재 고 | M41: 재고율
B42: 휘발유 | P42: .
B43: 등 유 | C43: =SUM($E$9) -> 81694 | F43: =$K$29 -> 0 | H43: =$D$23 -> 1000 | K43: =$C$43-$H$43+$F$43+$O$43 -> 83191 | M43: =SUM($K$43)/$D$9 -> 0.415955 | N43: =$G$36 -> 992.83621 | O43: 2497
B44: 경 유 | C44: =SUM($E$10) -> 270289 | F44: =$K$30 -> 0 | H44: =$L$23 -> 2000 | K44: =$C$44-$H$44+$F$44+$O$44 -> 269748 | M44: =SUM($K$44)/D10 -> 0.539496 | N44: =$G$37 -> 1438.1649 | O44: 1459
G45: 복합단가의 재고수량과 단가는 보관물량 제외니 참고해주세요!

Sheet 0102
B1: ◈ KK저장소 복합단가 운영표 - 단지저장소
B5: 이 월 재 고 | G5: [단위:리터/원]
B7: 유종 | D7: 탱크용량 | E7: 재고수량 | F7: 재고율 | G7: 단가
C8: G | D8: 0 | E8: 0 | F8: 0 | G8: 0
C9: K | D9: 200000 | E9: =SUM('0101'!K43:L43) -> 83191 | F9: =E9/D9 -> 0.415955 | G9: =SUM('0101'!N43) -> 992.83621
C10: D | D10: 500000 | E10: =SUM('0101'!K44:L44) -> 269748 | F10: =E10/D10 -> 0.539496 | G10: =SUM('0101'!N44) -> 1438.1649
B13: 출고내역(K) | G13: [단위:리터/원] | J13: 출고내역(LD) | O13: [단위:리터/원]
B14: 유종 | C14: 일반매출(사내이관 포함) | J14: 유종 | K14: 일반매출(사내이관 포함)
C15: 거래처명 | D15: 수량 | E15: 출고단가 | F15: 재고단가 | G15: 단가차액 | H15: 이익 | K15: 거래처명 | L15: 수량 | M15: 출고단가 | N15: 재고단가 | O15: 단가차액 | P15: 이익
B16: 실내 등유 | C16: 영포석유 | D16: 5000 | F16: =IF(D16="","",(SUM($G$9))) -> 992.83621 | G16: =IF(D16="","",(SUM(E16)-F16)) -> -992.83621 | H16: =IF(D16="","",(D16*G16)) -> -4964181 | J16: 경유 | K16: 문덕ic주유소 | L16: 6000 | N16: =IF(L16="","",($G$10)) -> 1438.1649 | O16: =IF(L16="","",(SUM(M16)-N16)) -> -1438.1649 | P16: =IF(L16="","",(L16*O16)) -> -8628989.2
C17: 신경북 | D17: 1800 | F17: =IF(D17="","",(SUM($G$9))) -> 992.83621 | G17: =IF(D17="","",(SUM(E17)-F17)) -> -992.83621 | H17: =IF(D17="","",(D17*G17)) -> -1787105.2 | K17: 세계주유소 | L17: 3000 | N17: =IF(L17="","",($G$10)) -> 1438.1649 | O17: =IF(L17="","",(SUM(M17)-N17)) -> -1438.1649 | P17: =IF(L17="","",(L17*O17)) -> -4314494.6
C18: 경포 | D18: 3000 | F18: =IF(D18="","",(SUM($G$9))) -> 992.83621 | G18: =IF(D18="","",(SUM(E18)-F18)) -> -992.83621 | H18: =IF(D18="","",(D18*G18)) -> -2978508.6 | N18: =IF(L18="","",($G$10)) | O18: =IF(L18="","",(SUM(M18)-N18)) | P18: =IF(L18="","",(L18*O18))
F19: =IF(D19="","",(SUM($G$9))) | G19: =IF(D19="","",(SUM(E19)-F19)) | H19: =IF(D19="","",(D19*G19)) | N19: =IF(L19="","",($G$10)) | O19: =IF(L19="","",(SUM(M19)-N19)) | P19: =IF(L19="","",(L19*O19))
F20: =IF(D20="","",(SUM($G$9))) | G20: =IF(D20="","",(SUM(E20)-F20)) | H20: =IF(D20="","",(D20*G20)) | N20: =IF(L20="","",($G$10)) | O20: =IF(L20="","",(SUM(M20)-N20)) | P20: =IF(L20="","",(L20*O20))
F21: =IF(D21="","",(SUM($G$9))) | G21: =IF(D21="","",(SUM(E21)-F21)) | H21: =IF(D21="","",(D21*G21)) | N21: =IF(L21="","",($G$10)) | O21: =IF(L21="","",(SUM(M21)-N21)) | P21: =IF(L21="","",(L21*O21))
F22: =IF(D22="","",(SUM($G$9))) | G22: =IF(D22="","",(SUM(E22)-F22)) | H22: =IF(D22="","",(D22*G22)) | N22: =IF(L22="","",($G$10)) | O22: =IF(L22="","",(SUM(M22)-N22)) | P22: =IF(L22="","",(L22*O22))
B23: 소 계 | D23: =SUM(D16:D22) -> 9800 | H23: =SUM(H16:H22) -> -9729794.8 | J23: 소 계 | L23: =SUM(L16:L22) -> 9000 | P23: =SUM(P16:P22) -> -12943484
B26: 마 감 재 고 | G26: [단위:리터/원] | J26: 입 고 내 역 | O26: [단위:리터/원]
B27: 유종 | C27: 수량 | E27: 단가 | G27: 환산금액 | J27: 유종 | K27: 수량 | M27: 사입단가 | O27: 환산금액
B28: G | C28: 0 | E28: 0 | G28: 0 | J28: G | K28: 0 | O28: 0
B29: K | C29: =$E$9-$D$23 -> 73391 | E29: =$G$9 -> 992.83621 | G29: =C29*E29 -> 72865242 | J29: K | O29: =K29*M29 -> 0
B30: D | C30: =$E$10-$L$23 -> 260748 | E30: =$G$10 -> 1438.1649 | G30: =C30*E30 -> 3.7499861e+08 | J30: D | O30: =K30*M30 -> 0
B33: 복 합 단 가
B34: 유종 | C34: 수량 | E34: 금액 | G34: 복 합 단 가
B35: G | C35: 0 | E35: 0 | G35: 0
B36: K | C36: =$C$29+$K$29 -> 73391 | E36: =$G$29+$O$29-K36 -> 72865242 | G36: =E36/C36 -> 992.83621
B37: D | C37: =$C$30+$K$30 -> 260748 | E37: =$G$30+$O$30 -> 3.7499861e+08 | G37: =E37/C37 -> 1438.1649
B39: 재 고 현 황 | O39: [단위:리터/원]
C40: 전일 | F40: 금일 | N40: 복합단가 | O40: 증감
C41: 재고 | F41: 입고 | H41: 출고 | K41: 마 감 재 고 | M41: 재고율
B42: 휘발유 | P42: .
B43: 등 유 | C43: =SUM($E$9) -> 83191 | F43: =$K$29 -> 0 | H43: =$D$23 -> 9800 | K43: =$C$43-$H$43+$F$43+$O$43 -> 73391 | M43: =SUM($K$43)/$D$9 -> 0.366955 | N43: =$G$36 -> 992.83621
B44: 경 유 | C44: =SUM($E$10) -> 269748 | F44: =$K$30 -> 0 | H44: =$L$23 -> 9000 | K44: =$C$44-$H$44+$F$44+$O$44 -> 260748 | M44: =SUM($K$44)/D10 -> 0.521496 | N44: =$G$37 -> 1438.1649
G45: 복합단가의 재고수량과 단가는 보관물량 제외니 참고해주세요!

Sheet 0103
B1: ◈ KK저장소 복합단가 운영표 - 단지저장소
B5: 이 월 재 고 | G5: [단위:리터/원]
B7: 유종 | D7: 탱크용량 | E7: 재고수량 | F7: 재고율 | G7: 단가
C8: G | D8: 0 | E8: 0 | F8: 0 | G8: 0
C9: K | D9: 200000 | E9: =SUM('0102'!K43:L43) -> 73391 | F9: =E9/D9 -> 0.366955 | G9: =SUM('0102'!N43) -> 992.83621
C10: D | D10: 500000 | E10: =SUM('0102'!K44:L44) -> 260748 | F10: =E10/D10 -> 0.521496 | G10: =SUM('0102'!N44) -> 1438.1649
B13: 출고내역(K) | G13: [단위:리터/원] | J13: 출고내역(LD) | O13: [단위:리터/원]
B14: 유종 | C14: 일반매출(사내이관 포함) | J14: 유종 | K14: 일반매출(사내이관 포함)
C15: 거래처명 | D15: 수량 | E15: 출고단가 | F15: 재고단가 | G15: 단가차액 | H15: 이익 | K15: 거래처명 | L15: 수량 | M15: 출고단가 | N15: 재고단가 | O15: 단가차액 | P15: 이익
B16: 실내 등유 | C16: 영포석유 | D16: 4000 | F16: =IF(D16="","",(SUM($G$9))) -> 992.83621 | G16: =IF(D16="","",(SUM(E16)-F16)) -> -992.83621 | H16: =IF(D16="","",(D16*G16)) -> -3971344.8 | J16: 경유 | K16: 세계주유소 | L16: 3000 | N16: =IF(L16="","",($G$10)) -> 1438.1649 | O16: =IF(L16="","",(SUM(M16)-N16)) -> -1438.1649 | P16: =IF(L16="","",(L16*O16)) -> -4314494.6
C17: 장일석유 | D17: 1600 | F17: =IF(D17="","",(SUM($G$9))) -> 992.83621 | G17: =IF(D17="","",(SUM(E17)-F17)) -> -992.83621 | H17: =IF(D17="","",(D17*G17)) -> -1588537.9 | N17: =IF(L17="","",($G$10)) | O17: =IF(L17="","",(SUM(M17)-N17)) | P17: =IF(L17="","",(L17*O17))
F18: =IF(D18="","",(SUM($G$9))) | G18: =IF(D18="","",(SUM(E18)-F18)) | H18: =IF(D18="","",(D18*G18)) | N18: =IF(L18="","",($G$10)) | O18: =IF(L18="","",(SUM(M18)-N18)) | P18: =IF(L18="","",(L18*O18))
F19: =IF(D19="","",(SUM($G$9))) | G19: =IF(D19="","",(SUM(E19)-F19)) | H19: =IF(D19="","",(D19*G19)) | N19: =IF(L19="","",($G$10)) | O19: =IF(L19="","",(SUM(M19)-N19)) | P19: =IF(L19="","",(L19*O19))
F20: =IF(D20="","",(SUM($G$9))) | G20: =IF(D20="","",(SUM(E20)-F20)) | H20: =IF(D20="","",(D20*G20)) | N20: =IF(L20="","",($G$10)) | O20: =IF(L20="","",(SUM(M20)-N20)) | P20: =IF(L20="","",(L20*O20))
F21: =IF(D21="","",(SUM($G$9))) | G21: =IF(D21="","",(SUM(E21)-F21)) | H21: =IF(D21="","",(D21*G21)) | N21: =IF(L21="","",($G$10)) | O21: =IF(L21="","",(SUM(M21)-N21)) | P21: =IF(L21="","",(L21*O21))
F22: =IF(D22="","",(SUM($G$9))) | G22: =IF(D22="","",(SUM(E22)-F22)) | H22: =IF(D22="","",(D22*G22)) | N22: =IF(L22="","",($G$10)) | O22: =IF(L22="","",(SUM(M22)-N22)) | P22: =IF(L22="","",(L22*O22))
B23: 소 계 | D23: =SUM(D16:D22) -> 5600 | H23: =SUM(H16:H22) -> -5559882.8 | J23: 소 계 | L23: =SUM(L16:L22) -> 3000 | P23: =SUM(P16:P22) -> -4314494.6
B26: 마 감 재 고 | G26: [단위:리터/원] | J26: 입 고 내 역 | O26: [단위:리터/원]
B27: 유종 | C27: 수량 | E27: 단가 | G27: 환산금액 | J27: 유종 | K27: 수량 | M27: 사입단가 | O27: 환산금액
B28: G | C28: 0 | E28: 0 | G28: 0 | J28: G | K28: 0 | O28: 0
B29: K | C29: =$E$9-$D$23 -> 67791 | E29: =$G$9 -> 992.83621 | G29: =C29*E29 -> 67305359 | J29: K | O29: =K29*M29 -> 0
B30: D | C30: =$E$10-$L$23 -> 257748 | E30: =$G$10 -> 1438.1649 | G30: =C30*E30 -> 3.7068412e+08 | J30: D | O30: =K30*M30 -> 0
B33: 복 합 단 가
B34: 유종 | C34: 수량 | E34: 금액 | G34: 복 합 단 가
B35: G | C35: 0 | E35: 0 | G35: 0
B36: K | C36: =$C$29+$K$29 -> 67791 | E36: =$G$29+$O$29-K36 -> 67305359 | G36: =E36/C36 -> 992.83621
B37: D | C37: =$C$30+$K$30 -> 257748 | E37: =$G$30+$O$30 -> 3.7068412e+08 | G37: =E37/C37 -> 1438.1649
B39: 재 고 현 황 | O39: [단위:리터/원]
C40: 전일 | F40: 금일 | N40: 복합단가 | O40: 증감
C41: 재고 | F41: 입고 | H41: 출고 | K41: 마 감 재 고 | M41: 재고율
B42: 휘발유 | P42: .
B43: 등 유 | C43: =SUM($E$9) -> 73391 | F43: =$K$29 -> 0 | H43: =$D$23 -> 5600 | K43: =$C$43-$H$43+$F$43+$O$43 -> 67791 | M43: =SUM($K$43)/$D$9 -> 0.338955 | N43: =$G$36 -> 992.83621
B44: 경 유 | C44: =SUM($E$10) -> 260748 | F44: =$K$30 -> 0 | H44: =$L$23 -> 3000 | K44: =$C$44-$H$44+$F$44+$O$44 -> 257748 | M44: =SUM($K$44)/D10 -> 0.515496 | N44: =$G$37 -> 1438.1649
G45: 복합단가의 재고수량과 단가는 보관물량 제외니 참고해주세요!

Sheet 0105
B1: ◈ KK저장소 복합단가 운영표 - 단지저장소
B5: 이 월 재 고 | G5: [단위:리터/원]
B7: 유종 | D7: 탱크용량 | E7: 재고수량 | F7: 재고율 | G7: 단가
C8: G | D8: 0 | E8: 0 | F8: 0 | G8: 0
C9: K | D9: 200000 | E9: =SUM('0103'!K43:L43) -> 67791 | F9: =E9/D9 -> 0.338955 | G9: =SUM('0103'!N43) -> 992.83621
C10: D | D10: 500000 | E10: =SUM('0103'!K44:L44) -> 257748 | F10: =E10/D10 -> 0.515496 | G10: =SUM('0103'!N44) -> 1438.1649
B13: 출고내역(K) | G13: [단위:리터/원] | J13: 출고내역(LD) | O13: [단위:리터/원]
B14: 유종 | C14: 일반매출(사내이관 포함) | J14: 유종 | K14: 일반매출(사내이관 포함)
C15: 거래처명 | D15: 수량 | E15: 출고단가 | F15: 재고단가 | G15: 단가차액 | H15: 이익 | K15: 거래처명 | L15: 수량 | M15: 출고단가 | N15: 재고단가 | O15: 단가차액 | P15: 이익
B16: 실내 등유 | C16: 신라 | D16: 24000 | F16: =IF(D16="","",(SUM($G$9))) -> 992.83621 | G16: =IF(D16="","",(SUM(E16)-F16)) -> -992.83621 | H16: =IF(D16="","",(D16*G16)) -> -23828069 | J16: 경유 | K16: 세계주유소 | L16: 5000 | N16: =IF(L16="","",($G$10)) -> 1438.1649 | O16: =IF(L16="","",(SUM(M16)-N16)) -> -1438.1649 | P16: =IF(L16="","",(L16*O16)) -> -7190824.4
C17: 별빛 | D17: 4000 | F17: =IF(D17="","",(SUM($G$9))) -> 992.83621 | G17: =IF(D17="","",(SUM(E17)-F17)) -> -992.83621 | H17: =IF(D17="","",(D17*G17)) -> -3971344.8 | N17: =IF(L17="","",($G$10)) | O17: =IF(L17="","",(SUM(M17)-N17)) | P17: =IF(L17="","",(L17*O17))
C18: 금호 | D18: 4000 | F18: =IF(D18="","",(SUM($G$9))) -> 992.83621 | G18: =IF(D18="","",(SUM(E18)-F18)) -> -992.83621 | H18: =IF(D18="","",(D18*G18)) -> -3971344.8 | N18: =IF(L18="","",($G$10)) | O18: =IF(L18="","",(SUM(M18)-N18)) | P18: =IF(L18="","",(L18*O18))
F19: =IF(D19="","",(SUM($G$9))) | G19: =IF(D19="","",(SUM(E19)-F19)) | H19: =IF(D19="","",(D19*G19)) | N19: =IF(L19="","",($G$10)) | O19: =IF(L19="","",(SUM(M19)-N19)) | P19: =IF(L19="","",(L19*O19))
F20: =IF(D20="","",(SUM($G$9))) | G20: =IF(D20="","",(SUM(E20)-F20)) | H20: =IF(D20="","",(D20*G20)) | N20: =IF(L20="","",($G$10)) | O20: =IF(L20="","",(SUM(M20)-N20)) | P20: =IF(L20="","",(L20*O20))
F21: =IF(D21="","",(SUM($G$9))) | G21: =IF(D21="","",(SUM(E21)-F21)) | H21: =IF(D21="","",(D21*G21)) | N21: =IF(L21="","",($G$10)) | O21: =IF(L21="","",(SUM(M21)-N21)) | P21: =IF(L21="","",(L21*O21))
F22: =IF(D22="","",(SUM($G$9))) | G22: =IF(D22="","",(SUM(E22)-F22)) | H22: =IF(D22="","",(D22*G22)) | N22: =IF(L22="","",($G$10)) | O22: =IF(L22="","",(SUM(M22)-N22)) | P22: =IF(L22="","",(L22*O22))
B23: 소 계 | D23: =SUM(D16:D22) -> 32000 | H23: =SUM(H16:H22) -> -31770759 | J23: 소 계 | L23: =SUM(L16:L22) -> 5000 | P23: =SUM(P16:P22) -> -7190824.4
B26: 마 감 재 고 | G26: [단위:리터/원] | J26: 입 고 내 역 | O26: [단위:리터/원]
B27: 유종 | C27: 수량 | E27: 단가 | G27: 환산금액 | J27: 유종 | K27: 수량 | M27: 사입단가 | O27: 환산금액
B28: G | C28: 0 | E28: 0 | G28: 0 | J28: G | K28: 0 | O28: 0
B29: K | C29: =$E$9-$D$23 -> 35791 | E29: =$G$9 -> 992.83621 | G29: =C29*E29 -> 35534601 | J29: K | O29: =K29*M29 -> 0
B30: D | C30: =$E$10-$L$23 -> 252748 | E30: =$G$10 -> 1438.1649 | G30: =C30*E30 -> 3.634933e+08 | J30: D | O30: =K30*M30 -> 0
B33: 복 합 단 가
B34: 유종 | C34: 수량 | E34: 금액 | G34: 복 합 단 가
B35: G | C35: 0 | E35: 0 | G35: 0
B36: K | C36: =$C$29+$K$29 -> 35791 | E36: =$G$29+$O$29-K36 -> 35534601 | G36: =E36/C36 -> 992.83621
B37: D | C37: =$C$30+$K$30 -> 252748 | E37: =$G$30+$O$30 -> 3.634933e+08 | G37: =E37/C37 -> 1438.1649
B39: 재 고 현 황 | O39: [단위:리터/원]
C40: 전일 | F40: 금일 | N40: 복합단가 | O40: 증감
C41: 재고 | F41: 입고 | H41: 출고 | K41: 마 감 재 고 | M41: 재고율
B42: 휘발유 | P42: .
B43: 등 유 | C43: =SUM($E$9) -> 67791 | F43: =$K$29 -> 0 | H43: =$D$23 -> 32000 | K43: =$C$43-$H$43+$F$43+$O$43 -> 35791 | M43: =SUM($K$43)/$D$9 -> 0.178955 | N43: =$G$36 -> 992.83621
B44: 경 유 | C44: =SUM($E$10) -> 257748 | F44: =$K$30 -> 0 | H44: =$L$23 -> 5000 | K44: =$C$44-$H$44+$F$44+$O$44 -> 252748 | M44: =SUM($K$44)/D10 -> 0.505496 | N44: =$G$37 -> 1438.1649
G45: 복합단가의 재고수량과 단가는 보관물량 제외니 참고해주세요!

Sheet 0106
B1: ◈ KK저장소 복합단가 운영표 - 단지저장소
B5: 이 월 재 고 | G5: [단위:리터/원]
B7: 유종 | D7: 탱크용량 | E7: 재고수량 | F7: 재고율 | G7: 단가
C8: G | D8: 0 | E8: 0 | F8: 0 | G8: 0
C9: K | D9: 200000 | E9: =SUM('0105'!K43:L43) -> 35791 | F9: =E9/D9 -> 0.178955 | G9: =SUM('0105'!N43) -> 992.83621
C10: D | D10: 500000 | E10: =SUM('0105'!K44:L44) -> 252748 | F10: =E10/D10 -> 0.505496 | G10: =SUM('0105'!N44) -> 1438.1649
B13: 출고내역(K) | G13: [단위:리터/원] | J13: 출고내역(LD) | O13: [단위:리터/원]
B14: 유종 | C14: 일반매출(사내이관 포함) | J14: 유종 | K14: 일반매출(사내이관 포함)
C15: 거래처명 | D15: 수량 | E15: 출고단가 | F15: 재고단가 | G15: 단가차액 | H15: 이익 | K15: 거래처명 | L15: 수량 | M15: 출고단가 | N15: 재고단가 | O15: 단가차액 | P15: 이익
B16: 실내 등유 | C16: 영포석유 | D16: 4500 | F16: =IF(D16="","",(SUM($G$9))) -> 992.83621 | G16: =IF(D16="","",(SUM(E16)-F16)) -> -992.83621 | H16: =IF(D16="","",(D16*G16)) -> -4467762.9 | J16: 경유 | K16: 문덕 | L16: 6000 | N16: =IF(L16="","",($G$10)) -> 1438.1649 | O16: =IF(L16="","",(SUM(M16)-N16)) -> -1438.1649 | P16: =IF(L16="","",(L16*O16)) -> -8628989.2
F17: =IF(D17="","",(SUM($G$9))) | G17: =IF(D17="","",(SUM(E17)-F17)) | H17: =IF(D17="","",(D17*G17)) | N17: =IF(L17="","",($G$10)) | O17: =IF(L17="","",(SUM(M17)-N17)) | P17: =IF(L17="","",(L17*O17))
F18: =IF(D18="","",(SUM($G$9))) | G18: =IF(D18="","",(SUM(E18)-F18)) | H18: =IF(D18="","",(D18*G18)) | N18: =IF(L18="","",($G$10)) | O18: =IF(L18="","",(SUM(M18)-N18)) | P18: =IF(L18="","",(L18*O18))
F19: =IF(D19="","",(SUM($G$9))) | G19: =IF(D19="","",(SUM(E19)-F19)) | H19: =IF(D19="","",(D19*G19)) | N19: =IF(L19="","",($G$10)) | O19: =IF(L19="","",(SUM(M19)-N19)) | P19: =IF(L19="","",(L19*O19))
F20: =IF(D20="","",(SUM($G$9))) | G20: =IF(D20="","",(SUM(E20)-F20)) | H20: =IF(D20="","",(D20*G20)) | N20: =IF(L20="","",($G$10)) | O20: =IF(L20="","",(SUM(M20)-N20)) | P20: =IF(L20="","",(L20*O20))
F21: =IF(D21="","",(SUM($G$9))) | G21: =IF(D21="","",(SUM(E21)-F21)) | H21: =IF(D21="","",(D21*G21)) | N21: =IF(L21="","",($G$10)) | O21: =IF(L21="","",(SUM(M21)-N21)) | P21: =IF(L21="","",(L21*O21))
F22: =IF(D22="","",(SUM($G$9))) | G22: =IF(D22="","",(SUM(E22)-F22)) | H22: =IF(D22="","",(D22*G22)) | N22: =IF(L22="","",($G$10)) | O22: =IF(L22="","",(SUM(M22)-N22)) | P22: =IF(L22="","",(L22*O22))
B23: 소 계 | D23: =SUM(D16:D22) -> 4500 | H23: =SUM(H16:H22) -> -4467762.9 | J23: 소 계 | L23: =SUM(L16:L22) -> 6000 | P23: =SUM(P16:P22) -> -8628989.2
B26: 마 감 재 고 | G26: [단위:리터/원] | J26: 입 고 내 역 | O26: [단위:리터/원]
B27: 유종 | C27: 수량 | E27: 단가 | G27: 환산금액 | J27: 유종 | K27: 수량 | M27: 사입단가 | O27: 환산금액
B28: G | C28: 0 | E28: 0 | G28: 0 | J28: G | K28: 0 | O28: 0
B29: K | C29: =$E$9-$D$23 -> 31291 | E29: =$G$9 -> 992.83621 | G29: =C29*E29 -> 31066838 | J29: K | O29: =K29*M29 -> 0
B30: D | C30: =$E$10-$L$23 -> 246748 | E30: =$G$10 -> 1438.1649 | G30: =C30*E30 -> 3.5486431e+08 | J30: D | O30: =K30*M30 -> 0
B33: 복 합 단 가
B34: 유종 | C34: 수량 | E34: 금액 | G34: 복 합 단 가
B35: G | C35: 0 | E35: 0 | G35: 0
B36: K | C36: =$C$29+$K$29 -> 31291 | E36: =$G$29+$O$29-K36 -> 31066838 | G36: =E36/C36 -> 992.83621
B37: D | C37: =$C$30+$K$30 -> 246748 | E37: =$G$30+$O$30 -> 3.5486431e+08 | G37: =E37/C37 -> 1438.1649
B39: 재 고 현 황 | O39: [단위:리터/원]
C40: 전일 | F40: 금일 | N40: 복합단가 | O40: 증감
C41: 재고 | F41: 입고 | H41: 출고 | K41: 마 감 재 고 | M41: 재고율
B42: 휘발유 | P42: .
B43: 등 유 | C43: =SUM($E$9) -> 35791 | F43: =$K$29 -> 0 | H43: =$D$23 -> 4500 | K43: =$C$43-$H$43+$F$43+$O$43 -> 31291 | M43: =SUM($K$43)/$D$9 -> 0.156455 | N43: =$G$36 -> 992.83621
B44: 경 유 | C44: =SUM($E$10) -> 252748 | F44: =$K$30 -> 0 | H44: =$L$23 -> 6000 | K44: =$C$44-$H$44+$F$44+$O$44 -> 246748 | M44: =SUM($K$44)/D10 -> 0.493496 | N44: =$G$37 -> 1438.1649
G45: 복합단가의 재고수량과 단가는 보관물량 제외니 참고해주세요!

Sheet 0107
B1: ◈ KK저장소 복합단가 운영표 - 단지저장소
B5: 이 월 재 고 | G5: [단위:리터/원]
B7: 유종 | D7: 탱크용량 | E7: 재고수량 | F7: 재고율 | G7: 단가
C8: G | D8: 0 | E8: 0 | F8: 0 | G8: 0
C9: K | D9: 200000 | E9: =SUM('0106'!K43:L43) -> 31291 | F9: =E9/D9 -> 0.156455 | G9: =SUM('0106'!N43) -> 992.83621
C10: D | D10: 500000 | E10: =SUM('0106'!K44:L44) -> 246748 | F10: =E10/D10 -> 0.493496 | G10: =SUM('0106'!N44) -> 1438.1649
B13: 출고내역(K) | G13: [단위:리터/원] | J13: 출고내역(LD) | O13: [단위:리터/원]
B14: 유종 | C14: 일반매출(사내이관 포함) | J14: 유종 | K14: 일반매출(사내이관 포함)
C15: 거래처명 | D15: 수량 | E15: 출고단가 | F15: 재고단가 | G15: 단가차액 | H15: 이익 | K15: 거래처명 | L15: 수량 | M15: 출고단가 | N15: 재고단가 | O15: 단가차액 | P15: 이익
B16: 실내 등유 | C16: 영포석유 | D16: 1800 | F16: =IF(D16="","",(SUM($G$9))) -> 992.83621 | G16: =IF(D16="","",(SUM(E16)-F16)) -> -992.83621 | H16: =IF(D16="","",(D16*G16)) -> -1787105.2 | J16: 경유 | K16: 영포석유 | L16: 900 | N16: =IF(L16="","",($G$10)) -> 1438.1649 | O16: =IF(L16="","",(SUM(M16)-N16)) -> -1438.1649 | P16: =IF(L16="","",(L16*O16)) -> -1294348.4
C17: 세계 | D17: 1500 | F17: =IF(D17="","",(SUM($G$9))) -> 992.83621 | G17: =IF(D17="","",(SUM(E17)-F17)) -> -992.83621 | H17: =IF(D17="","",(D17*G17)) -> -1489254.3 | K17: 세계 | L17: 3000 | N17: =IF(L17="","",($G$10)) -> 1438.1649 | O17: =IF(L17="","",(SUM(M17)-N17)) -> -1438.1649 | P17: =IF(L17="","",(L17*O17)) -> -4314494.6
C18: 장일석유 | D18: 2000 | F18: =IF(D18="","",(SUM($G$9))) -> 992.83621 | G18: =IF(D18="","",(SUM(E18)-F18)) -> -992.83621 | H18: =IF(D18="","",(D18*G18)) -> -1985672.4 | N18: =IF(L18="","",($G$10)) | O18: =IF(L18="","",(SUM(M18)-N18)) | P18: =IF(L18="","",(L18*O18))
F19: =IF(D19="","",(SUM($G$9))) | G19: =IF(D19="","",(SUM(E19)-F19)) | H19: =IF(D19="","",(D19*G19)) | N19: =IF(L19="","",($G$10)) | O19: =IF(L19="","",(SUM(M19)-N19)) | P19: =IF(L19="","",(L19*O19))
F20: =IF(D20="","",(SUM($G$9))) | G20: =IF(D20="","",(SUM(E20)-F20)) | H20: =IF(D20="","",(D20*G20)) | N20: =IF(L20="","",($G$10)) | O20: =IF(L20="","",(SUM(M20)-N20)) | P20: =IF(L20="","",(L20*O20))
F21: =IF(D21="","",(SUM($G$9))) | G21: =IF(D21="","",(SUM(E21)-F21)) | H21: =IF(D21="","",(D21*G21)) | N21: =IF(L21="","",($G$10)) | O21: =IF(L21="","",(SUM(M21)-N21)) | P21: =IF(L21="","",(L21*O21))
F22: =IF(D22="","",(SUM($G$9))) | G22: =IF(D22="","",(SUM(E22)-F22)) | H22: =IF(D22="","",(D22*G22)) | N22: =IF(L22="","",($G$10)) | O22: =IF(L22="","",(SUM(M22)-N22)) | P22: =IF(L22="","",(L22*O22))
B23: 소 계 | D23: =SUM(D16:D22) -> 5300 | H23: =SUM(H16:H22) -> -5262031.9 | J23: 소 계 | L23: =SUM(L16:L22) -> 3900 | P23: =SUM(P16:P22) -> -5608843
B26: 마 감 재 고 | G26: [단위:리터/원] | J26: 입 고 내 역 | O26: [단위:리터/원]
B27: 유종 | C27: 수량 | E27: 단가 | G27: 환산금액 | J27: 유종 | K27: 수량 | M27: 사입단가 | O27: 환산금액
B28: G | C28: 0 | E28: 0 | G28: 0 | J28: G | K28: 0 | O28: 0
B29: K | C29: =$E$9-$D$23 -> 25991 | E29: =$G$9 -> 992.83621 | G29: =C29*E29 -> 25804806 | J29: K | O29: =K29*M29 -> 0
B30: D | C30: =$E$10-$L$23 -> 242848 | E30: =$G$10 -> 1438.1649 | G30: =C30*E30 -> 3.4925546e+08 | J30: D | O30: =K30*M30 -> 0
B33: 복 합 단 가
B34: 유종 | C34: 수량 | E34: 금액 | G34: 복 합 단 가
B35: G | C35: 0 | E35: 0 | G35: 0
B36: K | C36: =$C$29+$K$29 -> 25991 | E36: =$G$29+$O$29-K36 -> 25804806 | G36: =E36/C36 -> 992.83621
B37: D | C37: =$C$30+$K$30 -> 242848 | E37: =$G$30+$O$30 -> 3.4925546e+08 | G37: =E37/C37 -> 1438.1649
B39: 재 고 현 황 | O39: [단위:리터/원]
C40: 전일 | F40: 금일 | N40: 복합단가 | O40: 증감
C41: 재고 | F41: 입고 | H41: 출고 | K41: 마 감 재 고 | M41: 재고율
B42: 휘발유 | P42: .
B43: 등 유 | C43: =SUM($E$9) -> 31291 | F43: =$K$29 -> 0 | H43: =$D$23 -> 5300 | K43: =$C$43-$H$43+$F$43+$O$43 -> 25991 | M43: =SUM($K$43)/$D$9 -> 0.129955 | N43: =$G$36 -> 992.83621
B44: 경 유 | C44: =SUM($E$10) -> 246748 | F44: =$K$30 -> 0 | H44: =$L$23 -> 3900 | K44: =$C$44-$H$44+$F$44+$O$44 -> 242848 | M44: =SUM($K$44)/D10 -> 0.485696 | N44: =$G$37 -> 1438.1649
G45: 복합단가의 재고수량과 단가는 보관물량 제외니 참고해주세요!

Sheet 0108
B1: ◈ KK저장소 복합단가 운영표 - 단지저장소
B5: 이 월 재 고 | G5: [단위:리터/원]
B7: 유종 | D7: 탱크용량 | E7: 재고수량 | F7: 재고율 | G7: 단가
C8: G | D8: 0 | E8: 0 | F8: 0 | G8: 0
C9: K | D9: 200000 | E9: =SUM('0107'!K43:L43) -> 25991 | F9: =E9/D9 -> 0.129955 | G9: =SUM('0107'!N43) -> 992.83621
C10: D | D10: 500000 | E10: =SUM('0107'!K44:L44) -> 242848 | F10: =E10/D10 -> 0.485696 | G10: =SUM('0107'!N44) -> 1438.1649
B13: 출고내역(K) | G13: [단위:리터/원] | J13: 출고내역(LD) | O13: [단위:리터/원]
B14: 유종 | C14: 일반매출(사내이관 포함) | J14: 유종 | K14: 일반매출(사내이관 포함)
C15: 거래처명 | D15: 수량 | E15: 출고단가 | F15: 재고단가 | G15: 단가차액 | H15: 이익 | K15: 거래처명 | L15: 수량 | M15: 출고단가 | N15: 재고단가 | O15: 단가차액 | P15: 이익
B16: 실내 등유 | C16: 영포석유 | D16: 1800 | F16: =IF(D16="","",(SUM($G$9))) -> 992.83621 | G16: =IF(D16="","",(SUM(E16)-F16)) -> -992.83621 | H16: =IF(D16="","",(D16*G16)) -> -1787105.2 | J16: 경유 | N16: =IF(L16="","",($G$10)) | O16: =IF(L16="","",(SUM(M16)-N16)) | P16: =IF(L16="","",(L16*O16))
C17: 정천 | D17: 8000 | F17: =IF(D17="","",(SUM($G$9))) -> 992.83621 | G17: =IF(D17="","",(SUM(E17)-F17)) -> -992.83621 | H17: =IF(D17="","",(D17*G17)) -> -7942689.7 | N17: =IF(L17="","",($G$10)) | O17: =IF(L17="","",(SUM(M17)-N17)) | P17: =IF(L17="","",(L17*O17))
F18: =IF(D18="","",(SUM($G$9))) | G18: =IF(D18="","",(SUM(E18)-F18)) | H18: =IF(D18="","",(D18*G18)) | N18: =IF(L18="","",($G$10)) | O18: =IF(L18="","",(SUM(M18)-N18)) | P18: =IF(L18="","",(L18*O18))
F19: =IF(D19="","",(SUM($G$9))) | G19: =IF(D19="","",(SUM(E19)-F19)) | H19: =IF(D19="","",(D19*G19)) | N19: =IF(L19="","",($G$10)) | O19: =IF(L19="","",(SUM(M19)-N19)) | P19: =IF(L19="","",(L19*O19))
F20: =IF(D20="","",(SUM($G$9))) | G20: =IF(D20="","",(SUM(E20)-F20)) | H20: =IF(D20="","",(D20*G20)) | N20: =IF(L20="","",($G$10)) | O20: =IF(L20="","",(SUM(M20)-N20)) | P20: =IF(L20="","",(L20*O20))
F21: =IF(D21="","",(SUM($G$9))) | G21: =IF(D21="","",(SUM(E21)-F21)) | H21: =IF(D21="","",(D21*G21)) | N21: =IF(L21="","",($G$10)) | O21: =IF(L21="","",(SUM(M21)-N21)) | P21: =IF(L21="","",(L21*O21))
F22: =IF(D22="","",(SUM($G$9))) | G22: =IF(D22="","",(SUM(E22)-F22)) | H22: =IF(D22="","",(D22*G22)) | N22: =IF(L22="","",($G$10)) | O22: =IF(L22="","",(SUM(M22)-N22)) | P22: =IF(L22="","",(L22*O22))
B23: 소 계 | D23: =SUM(D16:D22) -> 9800 | H23: =SUM(H16:H22) -> -9729794.8 | J23: 소 계 | L23: =SUM(L16:L22) -> 0 | P23: =SUM(P16:P22) -> 0
B26: 마 감 재 고 | G26: [단위:리터/원] | J26: 입 고 내 역 | O26: [단위:리터/원]
B27: 유종 | C27: 수량 | E27: 단가 | G27: 환산금액 | J27: 유종 | K27: 수량 | M27: 사입단가 | O27: 환산금액
B28: G | C28: 0 | E28: 0 | G28: 0 | J28: G | K28: 0 | O28: 0
B29: K | C29: =$E$9-$D$23 -> 16191 | E29: =$G$9 -> 992.83621 | G29: =C29*E29 -> 16075011 | J29: K | O29: =K29*M29 -> 0
B30: D | C30: =$E$10-$L$23 -> 242848 | E30: =$G$10 -> 1438.1649 | G30: =C30*E30 -> 3.4925546e+08 | J30: D | O30: =K30*M30 -> 0
B33: 복 합 단 가
B34: 유종 | C34: 수량 | E34: 금액 | G34: 복 합 단 가
B35: G | C35: 0 | E35: 0 | G35: 0
B36: K | C36: =$C$29+$K$29 -> 16191 | E36: =$G$29+$O$29-K36 -> 16075011 | G36: =E36/C36 -> 992.83621
B37: D | C37: =$C$30+$K$30 -> 242848 | E37: =$G$30+$O$30 -> 3.4925546e+08 | G37: =E37/C37 -> 1438.1649
B39: 재 고 현 황 | O39: [단위:리터/원]
C40: 전일 | F40: 금일 | N40: 복합단가 | O40: 증감
C41: 재고 | F41: 입고 | H41: 출고 | K41: 마 감 재 고 | M41: 재고율
B42: 휘발유 | P42: .
B43: 등 유 | C43: =SUM($E$9) -> 25991 | F43: =$K$29 -> 0 | H43: =$D$23 -> 9800 | K43: =$C$43-$H$43+$F$43+$O$43 -> 16191 | M43: =SUM($K$43)/$D$9 -> 0.080955 | N43: =$G$36 -> 992.83621
B44: 경 유 | C44: =SUM($E$10) -> 242848 | F44: =$K$30 -> 0 | H44: =$L$23 -> 0 | K44: =$C$44-$H$44+$F$44+$O$44 -> 242848 | M44: =SUM($K$44)/D10 -> 0.485696 | N44: =$G$37 -> 1438.1649
G45: 복합단가의 재고수량과 단가는 보관물량 제외니 참고해주세요!

Sheet 0109
B1: ◈ KK저장소 복합단가 운영표 - 단지저장소
B5: 이 월 재 고 | G5: [단위:리터/원]
B7: 유종 | D7: 탱크용량 | E7: 재고수량 | F7: 재고율 | G7: 단가
C8: G | D8: 0 | E8: 0 | F8: 0 | G8: 0
C9: K | D9: 200000 | E9: =SUM('0108'!K43:L43) -> 16191 | F9: =E9/D9 -> 0.080955 | G9: =SUM('0108'!N43) -> 992.83621
C10: D | D10: 500000 | E10: =SUM('0108'!K44:L44) -> 242848 | F10: =E10/D10 -> 0.485696 | G10: =SUM('0108'!N44) -> 1438.1649
B13: 출고내역(K) | G13: [단위:리터/원] | J13: 출고내역(LD) | O13: [단위:리터/원]
B14: 유종 | C14: 일반매출(사내이관 포함) | J14: 유종 | K14: 일반매출(사내이관 포함)
C15: 거래처명 | D15: 수량 | E15: 출고단가 | F15: 재고단가 | G15: 단가차액 | H15: 이익 | K15: 거래처명 | L15: 수량 | M15: 출고단가 | N15: 재고단가 | O15: 단가차액 | P15: 이익
B16: 실내 등유 | C16: 경포 | D16: 3000 | F16: =IF(D16="","",(SUM($G$9))) -> 992.83621 | G16: =IF(D16="","",(SUM(E16)-F16)) -> -992.83621 | H16: =IF(D16="","",(D16*G16)) -> -2978508.6 | J16: 경유 | N16: =IF(L16="","",($G$10)) | O16: =IF(L16="","",(SUM(M16)-N16)) | P16: =IF(L16="","",(L16*O16))
C17: 세계 | D17: 1500 | F17: =IF(D17="","",(SUM($G$9))) -> 992.83621 | G17: =IF(D17="","",(SUM(E17)-F17)) -> -992.83621 | H17: =IF(D17="","",(D17*G17)) -> -1489254.3 | N17: =IF(L17="","",($G$10)) | O17: =IF(L17="","",(SUM(M17)-N17)) | P17: =IF(L17="","",(L17*O17))
C18: 강변 | D18: 1300 | F18: =IF(D18="","",(SUM($G$9))) -> 992.83621 | G18: =IF(D18="","",(SUM(E18)-F18)) -> -992.83621 | H18: =IF(D18="","",(D18*G18)) -> -1290687.1 | N18: =IF(L18="","",($G$10)) | O18: =IF(L18="","",(SUM(M18)-N18)) | P18: =IF(L18="","",(L18*O18))
F19: =IF(D19="","",(SUM($G$9))) | G19: =IF(D19="","",(SUM(E19)-F19)) | H19: =IF(D19="","",(D19*G19)) | N19: =IF(L19="","",($G$10)) | O19: =IF(L19="","",(SUM(M19)-N19)) | P19: =IF(L19="","",(L19*O19))
F20: =IF(D20="","",(SUM($G$9))) | G20: =IF(D20="","",(SUM(E20)-F20)) | H20: =IF(D20="","",(D20*G20)) | N20: =IF(L20="","",($G$10)) | O20: =IF(L20="","",(SUM(M20)-N20)) | P20: =IF(L20="","",(L20*O20))
F21: =IF(D21="","",(SUM($G$9))) | G21: =IF(D21="","",(SUM(E21)-F21)) | H21: =IF(D21="","",(D21*G21)) | N21: =IF(L21="","",($G$10)) | O21: =IF(L21="","",(SUM(M21)-N21)) | P21: =IF(L21="","",(L21*O21))
F22: =IF(D22="","",(SUM($G$9))) | G22: =IF(D22="","",(SUM(E22)-F22)) | H22: =IF(D22="","",(D22*G22)) | N22: =IF(L22="","",($G$10)) | O22: =IF(L22="","",(SUM(M22)-N22)) | P22: =IF(L22="","",(L22*O22))
B23: 소 계 | D23: =SUM(D16:D22) -> 5800 | H23: =SUM(H16:H22) -> -5758450 | J23: 소 계 | L23: =SUM(L16:L22) -> 0 | P23: =SUM(P16:P22) -> 0
B26: 마 감 재 고 | G26: [단위:리터/원] | J26: 입 고 내 역 | O26: [단위:리터/원]
B27: 유종 | C27: 수량 | E27: 단가 | G27: 환산금액 | J27: 유종 | K27: 수량 | M27: 사입단가 | O27: 환산금액
B28: G | C28: 0 | E28: 0 | G28: 0 | J28: G | K28: 0 | O28: 0
B29: K | C29: =$E$9-$D$23 -> 10391 | E29: =$G$9 -> 992.83621 | G29: =C29*E29 -> 10316561 | J29: K | K29: 32000 | M29: 969.5 | O29: =K29*M29 -> 31024000
B30: D | C30: =$E$10-$L$23 -> 242848 | E30: =$G$10 -> 1438.1649 | G30: =C30*E30 -> 3.4925546e+08 | J30: D | O30: =K30*M30 -> 0
B33: 복 합 단 가
B34: 유종 | C34: 수량 | E34: 금액 | G34: 복 합 단 가
B35: G | C35: 0 | E35: 0 | G35: 0
B36: K | C36: =$C$29+$K$29 -> 42391 | E36: =$G$29+$O$29-K36 -> 41340561 | G36: =E36/C36 -> 975.22024
B37: D | C37: =$C$30+$K$30 -> 242848 | E37: =$G$30+$O$30 -> 3.4925546e+08 | G37: =E37/C37 -> 1438.1649
B39: 재 고 현 황 | O39: [단위:리터/원]
C40: 전일 | F40: 금일 | N40: 복합단가 | O40: 증감
C41: 재고 | F41: 입고 | H41: 출고 | K41: 마 감 재 고 | M41: 재고율
B42: 휘발유 | P42: .
B43: 등 유 | C43: =SUM($E$9) -> 16191 | F43: =$K$29 -> 32000 | H43: =$D$23 -> 5800 | K43: =$C$43-$H$43+$F$43+$O$43 -> 42391 | M43: =SUM($K$43)/$D$9 -> 0.211955 | N43: =$G$36 -> 975.22024
B44: 경 유 | C44: =SUM($E$10) -> 242848 | F44: =$K$30 -> 0 | H44: =$L$23 -> 0 | K44: =$C$44-$H$44+$F$44+$O$44 -> 242848 | M44: =SUM($K$44)/D10 -> 0.485696 | N44: =$G$37 -> 1438.1649
G45: 복합단가의 재고수량과 단가는 보관물량 제외니 참고해주세요!

Sheet 0110
B1: ◈ KK저장소 복합단가 운영표 - 단지저장소
B5: 이 월 재 고 | G5: [단위:리터/원]
B7: 유종 | D7: 탱크용량 | E7: 재고수량 | F7: 재고율 | G7: 단가
C8: G | D8: 0 | E8: 0 | F8: 0 | G8: 0
C9: K | D9: 200000 | E9: =SUM('0109'!K43:L43) -> 42391 | F9: =E9/D9 -> 0.211955 | G9: =SUM('0109'!N43) -> 975.22024
C10: D | D10: 500000 | E10: =SUM('0109'!K44:L44) -> 242848 | F10: =E10/D10 -> 0.485696 | G10: =SUM('0109'!N44) -> 1438.1649
B13: 출고내역(K) | G13: [단위:리터/원] | J13: 출고내역(LD) | O13: [단위:리터/원]
B14: 유종 | C14: 일반매출(사내이관 포함) | J14: 유종 | K14: 일반매출(사내이관 포함)
C15: 거래처명 | D15: 수량 | E15: 출고단가 | F15: 재고단가 | G15: 단가차액 | H15: 이익 | K15: 거래처명 | L15: 수량 | M15: 출고단가 | N15: 재고단가 | O15: 단가차액 | P15: 이익
B16: 실내 등유 | F16: =IF(D16="","",(SUM($G$9))) | G16: =IF(D16="","",(SUM(E16)-F16)) | H16: =IF(D16="","",(D16*G16)) | J16: 경유 | K16: 희락 | L16: 500 | N16: =IF(L16="","",($G$10)) -> 1438.1649 | O16: =IF(L16="","",(SUM(M16)-N16)) -> -1438.1649 | P16: =IF(L16="","",(L16*O16)) -> -719082.44
F17: =IF(D17="","",(SUM($G$9))) | G17: =IF(D17="","",(SUM(E17)-F17)) | H17: =IF(D17="","",(D17*G17)) | N17: =IF(L17="","",($G$10)) | O17: =IF(L17="","",(SUM(M17)-N17)) | P17: =IF(L17="","",(L17*O17))
F18: =IF(D18="","",(SUM($G$9))) | G18: =IF(D18="","",(SUM(E18)-F18)) | H18: =IF(D18="","",(D18*G18)) | N18: =IF(L18="","",($G$10)) | O18: =IF(L18="","",(SUM(M18)-N18)) | P18: =IF(L18="","",(L18*O18))
F19: =IF(D19="","",(SUM($G$9))) | G19: =IF(D19="","",(SUM(E19)-F19)) | H19: =IF(D19="","",(D19*G19)) | N19: =IF(L19="","",($G$10)) | O19: =IF(L19="","",(SUM(M19)-N19)) | P19: =IF(L19="","",(L19*O19))
F20: =IF(D20="","",(SUM($G$9))) | G20: =IF(D20="","",(SUM(E20)-F20)) | H20: =IF(D20="","",(D20*G20)) | N20: =IF(L20="","",($G$10)) | O20: =IF(L20="","",(SUM(M20)-N20)) | P20: =IF(L20="","",(L20*O20))
F21: =IF(D21="","",(SUM($G$9))) | G21: =IF(D21="","",(SUM(E21)-F21)) | H21: =IF(D21="","",(D21*G21)) | N21: =IF(L21="","",($G$10)) | O21: =IF(L21="","",(SUM(M21)-N21)) | P21: =IF(L21="","",(L21*O21))
F22: =IF(D22="","",(SUM($G$9))) | G22: =IF(D22="","",(SUM(E22)-F22)) | H22: =IF(D22="","",(D22*G22)) | N22: =IF(L22="","",($G$10)) | O22: =IF(L22="","",(SUM(M22)-N22)) | P22: =IF(L22="","",(L22*O22))
B23: 소 계 | D23: =SUM(D16:D22) -> 0 | H23: =SUM(H16:H22) -> 0 | J23: 소 계 | L23: =SUM(L16:L22) -> 500 | P23: =SUM(P16:P22) -> -719082.44
B26: 마 감 재 고 | G26: [단위:리터/원] | J26: 입 고 내 역 | O26: [단위:리터/원]
B27: 유종 | C27: 수량 | E27: 단가 | G27: 환산금액 | J27: 유종 | K27: 수량 | M27: 사입단가 | O27: 환산금액
B28: G | C28: 0 | E28: 0 | G28: 0 | J28: G | K28: 0 | O28: 0
B29: K | C29: =$E$9-$D$23 -> 42391 | E29: =$G$9 -> 975.22024 | G29: =C29*E29 -> 41340561 | J29: K | O29: =K29*M29 -> 0
B30: D | C30: =$E$10-$L$23 -> 242348 | E30: =$G$10 -> 1438.1649 | G30: =C30*E30 -> 3.4853638e+08 | J30: D | O30: =K30*M30 -> 0
B33: 복 합 단 가
B34: 유종 | C34: 수량 | E34: 금액 | G34: 복 합 단 가
B35: G | C35: 0 | E35: 0 | G35: 0
B36: K | C36: =$C$29+$K$29 -> 42391 | E36: =$G$29+$O$29-K36 -> 41340561 | G36: =E36/C36 -> 975.22024
B37: D | C37: =$C$30+$K$30 -> 242348 | E37: =$G$30+$O$30 -> 3.4853638e+08 | G37: =E37/C37 -> 1438.1649
B39: 재 고 현 황 | O39: [단위:리터/원]
C40: 전일 | F40: 금일 | N40: 복합단가 | O40: 증감
C41: 재고 | F41: 입고 | H41: 출고 | K41: 마 감 재 고 | M41: 재고율
B42: 휘발유 | P42: .
B43: 등 유 | C43: =SUM($E$9) -> 42391 | F43: =$K$29 -> 0 | H43: =$D$23 -> 0 | K43: =$C$43-$H$43+$F$43+$O$43 -> 42391 | M43: =SUM($K$43)/$D$9 -> 0.211955 | N43: =$G$36 -> 975.22024
B44: 경 유 | C44: =SUM($E$10) -> 242848 | F44: =$K$30 -> 0 | H44: =$L$23 -> 500 | K44: =$C$44-$H$44+$F$44+$O$44 -> 242348 | M44: =SUM($K$44)/D10 -> 0.484696 | N44: =$G$37 -> 1438.1649
G45: 복합단가의 재고수량과 단가는 보관물량 제외니 참고해주세요!

Sheet 0112
B1: ◈ KK저장소 복합단가 운영표 - 단지저장소
B5: 이 월 재 고 | G5: [단위:리터/원]
B7: 유종 | D7: 탱크용량 | E7: 재고수량 | F7: 재고율 | G7: 단가
C8: G | D8: 0 | E8: 0 | F8: 0 | G8: 0
C9: K | D9: 200000 | E9: =SUM('0110'!K43:L43) -> 42391 | F9: =E9/D9 -> 0.211955 | G9: =SUM('0110'!N43) -> 975.22024
C10: D | D10: 500000 | E10: =SUM('0110'!K44:L44) -> 242348 | F10: =E10/D10 -> 0.484696 | G10: =SUM('0110'!N44) -> 1438.1649
B13: 출고내역(K) | G13: [단위:리터/원] | J13: 출고내역(LD) | O13: [단위:리터/원]
B14: 유종 | C14: 일반매출(사내이관 포함) | J14: 유종 | K14: 일반매출(사내이관 포함)
C15: 거래처명 | D15: 수량 | E15: 출고단가 | F15: 재고단가 | G15: 단가차액 | H15: 이익 | K15: 거래처명 | L15: 수량 | M15: 출고단가 | N15: 재고단가 | O15: 단가차액 | P15: 이익
B16: 실내 등유 | C16: 영포석유 | D16: 2500 | F16: =IF(D16="","",(SUM($G$9))) -> 975.22024 | G16: =IF(D16="","",(SUM(E16)-F16)) -> -975.22024 | H16: =IF(D16="","",(D16*G16)) -> -2438050.6 | J16: 경유 | K16: 문덕 | L16: 3000 | N16: =IF(L16="","",($G$10)) -> 1438.1649 | O16: =IF(L16="","",(SUM(M16)-N16)) -> -1438.1649 | P16: =IF(L16="","",(L16*O16)) -> -4314494.6
F17: =IF(D17="","",(SUM($G$9))) | G17: =IF(D17="","",(SUM(E17)-F17)) | H17: =IF(D17="","",(D17*G17)) | K17: 세계 | L17: 3000 | N17: =IF(L17="","",($G$10)) -> 1438.1649 | O17: =IF(L17="","",(SUM(M17)-N17)) -> -1438.1649 | P17: =IF(L17="","",(L17*O17)) -> -4314494.6
F18: =IF(D18="","",(SUM($G$9))) | G18: =IF(D18="","",(SUM(E18)-F18)) | H18: =IF(D18="","",(D18*G18)) | N18: =IF(L18="","",($G$10)) | O18: =IF(L18="","",(SUM(M18)-N18)) | P18: =IF(L18="","",(L18*O18))
F19: =IF(D19="","",(SUM($G$9))) | G19: =IF(D19="","",(SUM(E19)-F19)) | H19: =IF(D19="","",(D19*G19)) | N19: =IF(L19="","",($G$10)) | O19: =IF(L19="","",(SUM(M19)-N19)) | P19: =IF(L19="","",(L19*O19))
F20: =IF(D20="","",(SUM($G$9))) | G20: =IF(D20="","",(SUM(E20)-F20)) | H20: =IF(D20="","",(D20*G20)) | N20: =IF(L20="","",($G$10)) | O20: =IF(L20="","",(SUM(M20)-N20)) | P20: =IF(L20="","",(L20*O20))
F21: =IF(D21="","",(SUM($G$9))) | G21: =IF(D21="","",(SUM(E21)-F21)) | H21: =IF(D21="","",(D21*G21)) | N21: =IF(L21="","",($G$10)) | O21: =IF(L21="","",(SUM(M21)-N21)) | P21: =IF(L21="","",(L21*O21))
F22: =IF(D22="","",(SUM($G$9))) | G22: =IF(D22="","",(SUM(E22)-F22)) | H22: =IF(D22="","",(D22*G22)) | N22: =IF(L22="","",($G$10)) | O22: =IF(L22="","",(SUM(M22)-N22)) | P22: =IF(L22="","",(L22*O22))
B23: 소 계 | D23: =SUM(D16:D22) -> 2500 | H23: =SUM(H16:H22) -> -2438050.6 | J23: 소 계 | L23: =SUM(L16:L22) -> 6000 | P23: =SUM(P16:P22) -> -8628989.2
B26: 마 감 재 고 | G26: [단위:리터/원] | J26: 입 고 내 역 | O26: [단위:리터/원]
B27: 유종 | C27: 수량 | E27: 단가 | G27: 환산금액 | J27: 유종 | K27: 수량 | M27: 사입단가 | O27: 환산금액
B28: G | C28: 0 | E28: 0 | G28: 0 | J28: G | K28: 0 | O28: 0
B29: K | C29: =$E$9-$D$23 -> 39891 | E29: =$G$9 -> 975.22024 | G29: =C29*E29 -> 38902510 | J29: K | O29: =K29*M29 -> 0
B30: D | C30: =$E$10-$L$23 -> 236348 | E30: =$G$10 -> 1438.1649 | G30: =C30*E30 -> 3.3990739e+08 | J30: D | O30: =K30*M30 -> 0
B33: 복 합 단 가
B34: 유종 | C34: 수량 | E34: 금액 | G34: 복 합 단 가
B35: G | C35: 0 | E35: 0 | G35: 0
B36: K | C36: =$C$29+$K$29 -> 39891 | E36: =$G$29+$O$29-K36 -> 38902510 | G36: =E36/C36 -> 975.22024
B37: D | C37: =$C$30+$K$30 -> 236348 | E37: =$G$30+$O$30 -> 3.3990739e+08 | G37: =E37/C37 -> 1438.1649
B39: 재 고 현 황 | O39: [단위:리터/원]
C40: 전일 | F40: 금일 | N40: 복합단가 | O40: 증감
C41: 재고 | F41: 입고 | H41: 출고 | K41: 마 감 재 고 | M41: 재고율
B42: 휘발유 | P42: .
B43: 등 유 | C43: =SUM($E$9) -> 42391 | F43: =$K$29 -> 0 | H43: =$D$23 -> 2500 | K43: =$C$43-$H$43+$F$43+$O$43 -> 39891 | M43: =SUM($K$43)/$D$9 -> 0.199455 | N43: =$G$36 -> 975.22024
B44: 경 유 | C44: =SUM($E$10) -> 242348 | F44: =$K$30 -> 0 | H44: =$L$23 -> 6000 | K44: =$C$44-$H$44+$F$44+$O$44 -> 236348 | M44: =SUM($K$44)/D10 -> 0.472696 | N44: =$G$37 -> 1438.1649
G45: 복합단가의 재고수량과 단가는 보관물량 제외니 참고해주세요!

Sheet 0113
B1: ◈ KK저장소 복합단가 운영표 - 단지저장소
B5: 이 월 재 고 | G5: [단위:리터/원]
B7: 유종 | D7: 탱크용량 | E7: 재고수량 | F7: 재고율 | G7: 단가
C8: G | D8: 0 | E8: 0 | F8: 0 | G8: 0
C9: K | D9: 200000 | E9: =SUM('0112'!K43:L43) -> 39891 | F9: =E9/D9 -> 0.199455 | G9: =SUM('0112'!N43) -> 975.22024
C10: D | D10: 500000 | E10: =SUM('0112'!K44:L44) -> 236348 | F10: =E10/D10 -> 0.472696 | G10: =SUM('0112'!N44) -> 1438.1649
B13: 출고내역(K) | G13: [단위:리터/원] | J13: 출고내역(LD) | O13: [단위:리터/원]
B14: 유종 | C14: 일반매출(사내이관 포함) | J14: 유종 | K14: 일반매출(사내이관 포함)
C15: 거래처명 | D15: 수량 | E15: 출고단가 | F15: 재고단가 | G15: 단가차액 | H15: 이익 | K15: 거래처명 | L15: 수량 | M15: 출고단가 | N15: 재고단가 | O15: 단가차액 | P15: 이익
B16: 실내 등유 | C16: 장일석유 | D16: 1900 | F16: =IF(D16="","",(SUM($G$9))) -> 975.22024 | G16: =IF(D16="","",(SUM(E16)-F16)) -> -975.22024 | H16: =IF(D16="","",(D16*G16)) -> -1852918.4 | J16: 경유 | K16: 문덕 | L16: 3000 | N16: =IF(L16="","",($G$10)) -> 1438.1649 | O16: =IF(L16="","",(SUM(M16)-N16)) -> -1438.1649 | P16: =IF(L16="","",(L16*O16)) -> -4314494.6
F17: =IF(D17="","",(SUM($G$9))) | G17: =IF(D17="","",(SUM(E17)-F17)) | H17: =IF(D17="","",(D17*G17)) | K17: 세계 | L17: 3000 | N17: =IF(L17="","",($G$10)) -> 1438.1649 | O17: =IF(L17="","",(SUM(M17)-N17)) -> -1438.1649 | P17: =IF(L17="","",(L17*O17)) -> -4314494.6
F18: =IF(D18="","",(SUM($G$9))) | G18: =IF(D18="","",(SUM(E18)-F18)) | H18: =IF(D18="","",(D18*G18)) | N18: =IF(L18="","",($G$10)) | O18: =IF(L18="","",(SUM(M18)-N18)) | P18: =IF(L18="","",(L18*O18))
F19: =IF(D19="","",(SUM($G$9))) | G19: =IF(D19="","",(SUM(E19)-F19)) | H19: =IF(D19="","",(D19*G19)) | N19: =IF(L19="","",($G$10)) | O19: =IF(L19="","",(SUM(M19)-N19)) | P19: =IF(L19="","",(L19*O19))
F20: =IF(D20="","",(SUM($G$9))) | G20: =IF(D20="","",(SUM(E20)-F20)) | H20: =IF(D20="","",(D20*G20)) | N20: =IF(L20="","",($G$10)) | O20: =IF(L20="","",(SUM(M20)-N20)) | P20: =IF(L20="","",(L20*O20))
F21: =IF(D21="","",(SUM($G$9))) | G21: =IF(D21="","",(SUM(E21)-F21)) | H21: =IF(D21="","",(D21*G21)) | N21: =IF(L21="","",($G$10)) | O21: =IF(L21="","",(SUM(M21)-N21)) | P21: =IF(L21="","",(L21*O21))
F22: =IF(D22="","",(SUM($G$9))) | G22: =IF(D22="","",(SUM(E22)-F22)) | H22: =IF(D22="","",(D22*G22)) | N22: =IF(L22="","",($G$10)) | O22: =IF(L22="","",(SUM(M22)-N22)) | P22: =IF(L22="","",(L22*O22))
B23: 소 계 | D23: =SUM(D16:D22) -> 1900 | H23: =SUM(H16:H22) -> -1852918.4 | J23: 소 계 | L23: =SUM(L16:L22) -> 6000 | P23: =SUM(P16:P22) -> -8628989.2
B26: 마 감 재 고 | G26: [단위:리터/원] | J26: 입 고 내 역 | O26: [단위:리터/원]
B27: 유종 | C27: 수량 | E27: 단가 | G27: 환산금액 | J27: 유종 | K27: 수량 | M27: 사입단가 | O27: 환산금액
B28: G | C28: 0 | E28: 0 | G28: 0 | J28: G | K28: 0 | O28: 0
B29: K | C29: =$E$9-$D$23 -> 37991 | E29: =$G$9 -> 975.22024 | G29: =C29*E29 -> 37049592 | J29: K | O29: =K29*M29 -> 0
B30: D | C30: =$E$10-$L$23 -> 230348 | E30: =$G$10 -> 1438.1649 | G30: =C30*E30 -> 3.312784e+08 | J30: D | O30: =K30*M30 -> 0
B33: 복 합 단 가
B34: 유종 | C34: 수량 | E34: 금액 | G34: 복 합 단 가
B35: G | C35: 0 | E35: 0 | G35: 0
B36: K | C36: =$C$29+$K$29 -> 37991 | E36: =$G$29+$O$29-K36 -> 37049592 | G36: =E36/C36 -> 975.22024
B37: D | C37: =$C$30+$K$30 -> 230348 | E37: =$G$30+$O$30 -> 3.312784e+08 | G37: =E37/C37 -> 1438.1649
B39: 재 고 현 황 | O39: [단위:리터/원]
C40: 전일 | F40: 금일 | N40: 복합단가 | O40: 증감
C41: 재고 | F41: 입고 | H41: 출고 | K41: 마 감 재 고 | M41: 재고율
B42: 휘발유 | P42: .
B43: 등 유 | C43: =SUM($E$9) -> 39891 | F43: =$K$29 -> 0 | H43: =$D$23 -> 1900 | K43: =$C$43-$H$43+$F$43+$O$43 -> 37991 | M43: =SUM($K$43)/$D$9 -> 0.189955 | N43: =$G$36 -> 975.22024
B44: 경 유 | C44: =SUM($E$10) -> 236348 | F44: =$K$30 -> 0 | H44: =$L$23 -> 6000 | K44: =$C$44-$H$44+$F$44+$O$44 -> 230348 | M44: =SUM($K$44)/D10 -> 0.460696 | N44: =$G$37 -> 1438.1649
G45: 복합단가의 재고수량과 단가는 보관물량 제외니 참고해주세요!

Sheet 0114
B1: ◈ KK저장소 복합단가 운영표 - 단지저장소
B5: 이 월 재 고 | G5: [단위:리터/원]
B7: 유종 | D7: 탱크용량 | E7: 재고수량 | F7: 재고율 | G7: 단가
C8: G | D8: 0 | E8: 0 | F8: 0 | G8: 0
C9: K | D9: 200000 | E9: =SUM('0113'!K43:L43) -> 37991 | F9: =E9/D9 -> 0.189955 | G9: =SUM('0113'!N43) -> 975.22024
C10: D | D10: 500000 | E10: =SUM('0113'!K44:L44) -> 230348 | F10: =E10/D10 -> 0.460696 | G10: =SUM('0113'!N44) -> 1438.1649
B13: 출고내역(K) | G13: [단위:리터/원] | J13: 출고내역(LD) | O13: [단위:리터/원]
B14: 유종 | C14: 일반매출(사내이관 포함) | J14: 유종 | K14: 일반매출(사내이관 포함)
C15: 거래처명 | D15: 수량 | E15: 출고단가 | F15: 재고단가 | G15: 단가차액 | H15: 이익 | K15: 거래처명 | L15: 수량 | M15: 출고단가 | N15: 재고단가 | O15: 단가차액 | P15: 이익
B16: 실내 등유 | C16: 중앙2 | D16: 8000 | F16: =IF(D16="","",(SUM($G$9))) -> 975.22024 | G16: =IF(D16="","",(SUM(E16)-F16)) -> -975.22024 | H16: =IF(D16="","",(D16*G16)) -> -7801761.9 | J16: 경유 | K16: 단지 | L16: 32000 | N16: =IF(L16="","",($G$10)) -> 1438.1649 | O16: =IF(L16="","",(SUM(M16)-N16)) -> -1438.1649 | P16: =IF(L16="","",(L16*O16)) -> -46021276
C17: 영포석유 | D17: 3500 | F17: =IF(D17="","",(SUM($G$9))) -> 975.22024 | G17: =IF(D17="","",(SUM(E17)-F17)) -> -975.22024 | H17: =IF(D17="","",(D17*G17)) -> -3413270.8 | K17: 중앙2 | L17: 20000 | N17: =IF(L17="","",($G$10)) -> 1438.1649 | O17: =IF(L17="","",(SUM(M17)-N17)) -> -1438.1649 | P17: =IF(L17="","",(L17*O17)) -> -28763297
F18: =IF(D18="","",(SUM($G$9))) | G18: =IF(D18="","",(SUM(E18)-F18)) | H18: =IF(D18="","",(D18*G18)) | K18: 문덕 | L18: 3000 | N18: =IF(L18="","",($G$10)) -> 1438.1649 | O18: =IF(L18="","",(SUM(M18)-N18)) -> -1438.1649 | P18: =IF(L18="","",(L18*O18)) -> -4314494.6
F19: =IF(D19="","",(SUM($G$9))) | G19: =IF(D19="","",(SUM(E19)-F19)) | H19: =IF(D19="","",(D19*G19)) | N19: =IF(L19="","",($G$10)) | O19: =IF(L19="","",(SUM(M19)-N19)) | P19: =IF(L19="","",(L19*O19))
F20: =IF(D20="","",(SUM($G$9))) | G20: =IF(D20="","",(SUM(E20)-F20)) | H20: =IF(D20="","",(D20*G20)) | N20: =IF(L20="","",($G$10)) | O20: =IF(L20="","",(SUM(M20)-N20)) | P20: =IF(L20="","",(L20*O20))
F21: =IF(D21="","",(SUM($G$9))) | G21: =IF(D21="","",(SUM(E21)-F21)) | H21: =IF(D21="","",(D21*G21)) | N21: =IF(L21="","",($G$10)) | O21: =IF(L21="","",(SUM(M21)-N21)) | P21: =IF(L21="","",(L21*O21))
F22: =IF(D22="","",(SUM($G$9))) | G22: =IF(D22="","",(SUM(E22)-F22)) | H22: =IF(D22="","",(D22*G22)) | N22: =IF(L22="","",($G$10)) | O22: =IF(L22="","",(SUM(M22)-N22)) | P22: =IF(L22="","",(L22*O22))
B23: 소 계 | D23: =SUM(D16:D22) -> 11500 | H23: =SUM(H16:H22) -> -11215033 | J23: 소 계 | L23: =SUM(L16:L22) -> 55000 | P23: =SUM(P16:P22) -> -79099068
B26: 마 감 재 고 | G26: [단위:리터/원] | J26: 입 고 내 역 | O26: [단위:리터/원]
B27: 유종 | C27: 수량 | E27: 단가 | G27: 환산금액 | J27: 유종 | K27: 수량 | M27: 사입단가 | O27: 환산금액
B28: G | C28: 0 | E28: 0 | G28: 0 | J28: G | K28: 0 | O28: 0
B29: K | C29: =$E$9-$D$23 -> 26491 | E29: =$G$9 -> 975.22024 | G29: =C29*E29 -> 25834559 | J29: K | K29: 64000 | M29: 974.5 | O29: =K29*M29 -> 62368000
B30: D | C30: =$E$10-$L$23 -> 175348 | E30: =$G$10 -> 1438.1649 | G30: =C30*E30 -> 2.5217933e+08 | J30: D | O30: =K30*M30 -> 0
B33: 복 합 단 가
B34: 유종 | C34: 수량 | E34: 금액 | G34: 복 합 단 가
B35: G | C35: 0 | E35: 0 | G35: 0
B36: K | C36: =$C$29+$K$29 -> 90491 | E36: =$G$29+$O$29-K36 -> 88202559 | G36: =E36/C36 -> 974.71085
B37: D | C37: =$C$30+$K$30 -> 175348 | E37: =$G$30+$O$30 -> 2.5217933e+08 | G37: =E37/C37 -> 1438.1649
B39: 재 고 현 황 | O39: [단위:리터/원]
C40: 전일 | F40: 금일 | N40: 복합단가 | O40: 증감
C41: 재고 | F41: 입고 | H41: 출고 | K41: 마 감 재 고 | M41: 재고율
B42: 휘발유 | P42: .
B43: 등 유 | C43: =SUM($E$9) -> 37991 | F43: =$K$29 -> 64000 | H43: =$D$23 -> 11500 | K43: =$C$43-$H$43+$F$43+$O$43 -> 90491 | M43: =SUM($K$43)/$D$9 -> 0.452455 | N43: =$G$36 -> 974.71085
B44: 경 유 | C44: =SUM($E$10) -> 230348 | F44: =$K$30 -> 0 | H44: =$L$23 -> 55000 | K44: =$C$44-$H$44+$F$44+$O$44 -> 175348 | M44: =SUM($K$44)/D10 -> 0.350696 | N44: =$G$37 -> 1438.1649
G45: 복합단가의 재고수량과 단가는 보관물량 제외니 참고해주세요!

Sheet 0115
B1: ◈ KK저장소 복합단가 운영표 - 단지저장소
B5: 이 월 재 고 | G5: [단위:리터/원]
B7: 유종 | D7: 탱크용량 | E7: 재고수량 | F7: 재고율 | G7: 단가
C8: G | D8: 0 | E8: 0 | F8: 0 | G8: 0
C9: K | D9: 200000 | E9: =SUM('0114'!K43:L43) -> 90491 | F9: =E9/D9 -> 0.452455 | G9: =SUM('0114'!N43) -> 974.71085
C10: D | D10: 500000 | E10: =SUM('0114'!K44:L44) -> 175348 | F10: =E10/D10 -> 0.350696 | G10: =SUM('0114'!N44) -> 1438.1649
B13: 출고내역(K) | G13: [단위:리터/원] | J13: 출고내역(LD) | O13: [단위:리터/원]
B14: 유종 | C14: 일반매출(사내이관 포함) | J14: 유종 | K14: 일반매출(사내이관 포함)
C15: 거래처명 | D15: 수량 | E15: 출고단가 | F15: 재고단가 | G15: 단가차액 | H15: 이익 | K15: 거래처명 | L15: 수량 | M15: 출고단가 | N15: 재고단가 | O15: 단가차액 | P15: 이익
B16: 실내 등유 | C16: 세계 | D16: 1500 | F16: =IF(D16="","",(SUM($G$9))) -> 974.71085 | G16: =IF(D16="","",(SUM(E16)-F16)) -> -974.71085 | H16: =IF(D16="","",(D16*G16)) -> -1462066.3 | J16: 경유 | K16: 문덕 | L16: 3000 | N16: =IF(L16="","",($G$10)) -> 1438.1649 | O16: =IF(L16="","",(SUM(M16)-N16)) -> -1438.1649 | P16: =IF(L16="","",(L16*O16)) -> -4314494.6
C17: 강변 | D17: 1200 | F17: =IF(D17="","",(SUM($G$9))) -> 974.71085 | G17: =IF(D17="","",(SUM(E17)-F17)) -> -974.71085 | H17: =IF(D17="","",(D17*G17)) -> -1169653 | N17: =IF(L17="","",($G$10)) | O17: =IF(L17="","",(SUM(M17)-N17)) | P17: =IF(L17="","",(L17*O17))
C18: 장일석유 | D18: 2000 | F18: =IF(D18="","",(SUM($G$9))) -> 974.71085 | G18: =IF(D18="","",(SUM(E18)-F18)) -> -974.71085 | H18: =IF(D18="","",(D18*G18)) -> -1949421.7 | N18: =IF(L18="","",($G$10)) | O18: =IF(L18="","",(SUM(M18)-N18)) | P18: =IF(L18="","",(L18*O18))
F19: =IF(D19="","",(SUM($G$9))) | G19: =IF(D19="","",(SUM(E19)-F19)) | H19: =IF(D19="","",(D19*G19)) | N19: =IF(L19="","",($G$10)) | O19: =IF(L19="","",(SUM(M19)-N19)) | P19: =IF(L19="","",(L19*O19))
F20: =IF(D20="","",(SUM($G$9))) | G20: =IF(D20="","",(SUM(E20)-F20)) | H20: =IF(D20="","",(D20*G20)) | N20: =IF(L20="","",($G$10)) | O20: =IF(L20="","",(SUM(M20)-N20)) | P20: =IF(L20="","",(L20*O20))
F21: =IF(D21="","",(SUM($G$9))) | G21: =IF(D21="","",(SUM(E21)-F21)) | H21: =IF(D21="","",(D21*G21)) | N21: =IF(L21="","",($G$10)) | O21: =IF(L21="","",(SUM(M21)-N21)) | P21: =IF(L21="","",(L21*O21))
F22: =IF(D22="","",(SUM($G$9))) | G22: =IF(D22="","",(SUM(E22)-F22)) | H22: =IF(D22="","",(D22*G22)) | N22: =IF(L22="","",($G$10)) | O22: =IF(L22="","",(SUM(M22)-N22)) | P22: =IF(L22="","",(L22*O22))
B23: 소 계 | D23: =SUM(D16:D22) -> 4700 | H23: =SUM(H16:H22) -> -4581141 | J23: 소 계 | L23: =SUM(L16:L22) -> 3000 | P23: =SUM(P16:P22) -> -4314494.6
B26: 마 감 재 고 | G26: [단위:리터/원] | J26: 입 고 내 역 | O26: [단위:리터/원]
B27: 유종 | C27: 수량 | E27: 단가 | G27: 환산금액 | J27: 유종 | K27: 수량 | M27: 사입단가 | O27: 환산금액
B28: G | C28: 0 | E28: 0 | G28: 0 | J28: G | K28: 0 | O28: 0
B29: K | C29: =$E$9-$D$23 -> 85791 | E29: =$G$9 -> 974.71085 | G29: =C29*E29 -> 83621418 | J29: K | O29: =K29*M29 -> 0
B30: D | C30: =$E$10-$L$23 -> 172348 | E30: =$G$10 -> 1438.1649 | G30: =C30*E30 -> 2.4786484e+08 | J30: D | K30: 64000 | M30: 1435.1 | O30: =K30*M30 -> 91846400
B33: 복 합 단 가
B34: 유종 | C34: 수량 | E34: 금액 | G34: 복 합 단 가
B35: G | C35: 0 | E35: 0 | G35: 0
B36: K | C36: =$C$29+$K$29 -> 85791 | E36: =$G$29+$O$29-K36 -> 83621418 | G36: =E36/C36 -> 974.71085
B37: D | C37: =$C$30+$K$30 -> 236348 | E37: =$G$30+$O$30 -> 3.3971124e+08 | G37: =E37/C37 -> 1437.3349
B39: 재 고 현 황 | O39: [단위:리터/원]
C40: 전일 | F40: 금일 | N40: 복합단가 | O40: 증감
C41: 재고 | F41: 입고 | H41: 출고 | K41: 마 감 재 고 | M41: 재고율
B42: 휘발유 | P42: .
B43: 등 유 | C43: =SUM($E$9) -> 90491 | F43: =$K$29 -> 0 | H43: =$D$23 -> 4700 | K43: =$C$43-$H$43+$F$43+$O$43 -> 85791 | M43: =SUM($K$43)/$D$9 -> 0.428955 | N43: =$G$36 -> 974.71085
B44: 경 유 | C44: =SUM($E$10) -> 175348 | F44: =$K$30 -> 64000 | H44: =$L$23 -> 3000 | K44: =$C$44-$H$44+$F$44+$O$44 -> 236348 | M44: =SUM($K$44)/D10 -> 0.472696 | N44: =$G$37 -> 1437.3349
G45: 복합단가의 재고수량과 단가는 보관물량 제외니 참고해주세요!

Sheet 0116
B1: ◈ KK저장소 복합단가 운영표 - 단지저장소
B5: 이 월 재 고 | G5: [단위:리터/원]
B7: 유종 | D7: 탱크용량 | E7: 재고수량 | F7: 재고율 | G7: 단가
C8: G | D8: 0 | E8: 0 | F8: 0 | G8: 0
C9: K | D9: 200000 | E9: =SUM('0115'!K43:L43) -> 85791 | F9: =E9/D9 -> 0.428955 | G9: =SUM('0115'!N43) -> 974.71085
C10: D | D10: 500000 | E10: =SUM('0115'!K44:L44) -> 236348 | F10: =E10/D10 -> 0.472696 | G10: =SUM('0115'!N44) -> 1437.3349
B13: 출고내역(K) | G13: [단위:리터/원] | J13: 출고내역(LD) | O13: [단위:리터/원]
B14: 유종 | C14: 일반매출(사내이관 포함) | J14: 유종 | K14: 일반매출(사내이관 포함)
C15: 거래처명 | D15: 수량 | E15: 출고단가 | F15: 재고단가 | G15: 단가차액 | H15: 이익 | K15: 거래처명 | L15: 수량 | M15: 출고단가 | N15: 재고단가 | O15: 단가차액 | P15: 이익
B16: 실내 등유 | C16: 영포석유 | D16: 1900 | F16: =IF(D16="","",(SUM($G$9))) -> 974.71085 | G16: =IF(D16="","",(SUM(E16)-F16)) -> -974.71085 | H16: =IF(D16="","",(D16*G16)) -> -1851950.6 | J16: 경유 | K16: 문덕 | L16: 4000 | N16: =IF(L16="","",($G$10)) -> 1437.3349 | O16: =IF(L16="","",(SUM(M16)-N16)) -> -1437.3349 | P16: =IF(L16="","",(L16*O16)) -> -5749339.8
C17: 문덕 | D17: 2000 | F17: =IF(D17="","",(SUM($G$9))) -> 974.71085 | G17: =IF(D17="","",(SUM(E17)-F17)) -> -974.71085 | H17: =IF(D17="","",(D17*G17)) -> -1949421.7 | K17: 세계 | L17: 5000 | N17: =IF(L17="","",($G$10)) -> 1437.3349 | O17: =IF(L17="","",(SUM(M17)-N17)) -> -1437.3349 | P17: =IF(L17="","",(L17*O17)) -> -7186674.7
C18: 신경북 | D18: 1000 | F18: =IF(D18="","",(SUM($G$9))) -> 974.71085 | G18: =IF(D18="","",(SUM(E18)-F18)) -> -974.71085 | H18: =IF(D18="","",(D18*G18)) -> -974710.85 | N18: =IF(L18="","",($G$10)) | O18: =IF(L18="","",(SUM(M18)-N18)) | P18: =IF(L18="","",(L18*O18))
F19: =IF(D19="","",(SUM($G$9))) | G19: =IF(D19="","",(SUM(E19)-F19)) | H19: =IF(D19="","",(D19*G19)) | N19: =IF(L19="","",($G$10)) | O19: =IF(L19="","",(SUM(M19)-N19)) | P19: =IF(L19="","",(L19*O19))
F20: =IF(D20="","",(SUM($G$9))) | G20: =IF(D20="","",(SUM(E20)-F20)) | H20: =IF(D20="","",(D20*G20)) | N20: =IF(L20="","",($G$10)) | O20: =IF(L20="","",(SUM(M20)-N20)) | P20: =IF(L20="","",(L20*O20))
F21: =IF(D21="","",(SUM($G$9))) | G21: =IF(D21="","",(SUM(E21)-F21)) | H21: =IF(D21="","",(D21*G21)) | N21: =IF(L21="","",($G$10)) | O21: =IF(L21="","",(SUM(M21)-N21)) | P21: =IF(L21="","",(L21*O21))
F22: =IF(D22="","",(SUM($G$9))) | G22: =IF(D22="","",(SUM(E22)-F22)) | H22: =IF(D22="","",(D22*G22)) | N22: =IF(L22="","",($G$10)) | O22: =IF(L22="","",(SUM(M22)-N22)) | P22: =IF(L22="","",(L22*O22))
B23: 소 계 | D23: =SUM(D16:D22) -> 4900 | H23: =SUM(H16:H22) -> -4776083.2 | J23: 소 계 | L23: =SUM(L16:L22) -> 9000 | P23: =SUM(P16:P22) -> -12936015
B26: 마 감 재 고 | G26: [단위:리터/원] | J26: 입 고 내 역 | O26: [단위:리터/원]
B27: 유종 | C27: 수량 | E27: 단가 | G27: 환산금액 | J27: 유종 | K27: 수량 | M27: 사입단가 | O27: 환산금액
B28: G | C28: 0 | E28: 0 | G28: 0 | J28: G | K28: 0 | O28: 0
B29: K | C29: =$E$9-$D$23 -> 80891 | E29: =$G$9 -> 974.71085 | G29: =C29*E29 -> 78845335 | J29: K | K29: 64000 | M29: 974.5 | O29: =K29*M29 -> 62368000
B30: D | C30: =$E$10-$L$23 -> 227348 | E30: =$G$10 -> 1437.3349 | G30: =C30*E30 -> 3.2677523e+08 | J30: D | O30: =K30*M30 -> 0
B33: 복 합 단 가
B34: 유종 | C34: 수량 | E34: 금액 | G34: 복 합 단 가
B35: G | C35: 0 | E35: 0 | G35: 0
B36: K | C36: =$C$29+$K$29 -> 144891 | E36: =$G$29+$O$29-K36 -> 1.4121334e+08 | G36: =E36/C36 -> 974.61771
B37: D | C37: =$C$30+$K$30 -> 227348 | E37: =$G$30+$O$30 -> 3.2677523e+08 | G37: =E37/C37 -> 1437.3349
B39: 재 고 현 황 | O39: [단위:리터/원]
C40: 전일 | F40: 금일 | N40: 복합단가 | O40: 증감
C41: 재고 | F41: 입고 | H41: 출고 | K41: 마 감 재 고 | M41: 재고율
B42: 휘발유 | P42: .
B43: 등 유 | C43: =SUM($E$9) -> 85791 | F43: =$K$29 -> 64000 | H43: =$D$23 -> 4900 | K43: =$C$43-$H$43+$F$43+$O$43 -> 144891 | M43: =SUM($K$43)/$D$9 -> 0.724455 | N43: =$G$36 -> 974.61771
B44: 경 유 | C44: =SUM($E$10) -> 236348 | F44: =$K$30 -> 0 | H44: =$L$23 -> 9000 | K44: =$C$44-$H$44+$F$44+$O$44 -> 227348 | M44: =SUM($K$44)/D10 -> 0.454696 | N44: =$G$37 -> 1437.3349
G45: 복합단가의 재고수량과 단가는 보관물량 제외니 참고해주세요!

Sheet 0117
B1: ◈ KK저장소 복합단가 운영표 - 단지저장소
B5: 이 월 재 고 | G5: [단위:리터/원]
B7: 유종 | D7: 탱크용량 | E7: 재고수량 | F7: 재고율 | G7: 단가
C8: G | D8: 0 | E8: 0 | F8: 0 | G8: 0
C9: K | D9: 200000 | E9: =SUM('0116'!K43:L43) -> 144891 | F9: =E9/D9 -> 0.724455 | G9: =SUM('0116'!N43) -> 974.61771
C10: D | D10: 500000 | E10: =SUM('0116'!K44:L44) -> 227348 | F10: =E10/D10 -> 0.454696 | G10: =SUM('0116'!N44) -> 1437.3349
B13: 출고내역(K) | G13: [단위:리터/원] | J13: 출고내역(LD) | O13: [단위:리터/원]
B14: 유종 | C14: 일반매출(사내이관 포함) | J14: 유종 | K14: 일반매출(사내이관 포함)
C15: 거래처명 | D15: 수량 | E15: 출고단가 | F15: 재고단가 | G15: 단가차액 | H15: 이익 | K15: 거래처명 | L15: 수량 | M15: 출고단가 | N15: 재고단가 | O15: 단가차액 | P15: 이익
B16: 실내 등유 | C16: 영포석유 | D16: 4200 | F16: =IF(D16="","",(SUM($G$9))) -> 974.61771 | G16: =IF(D16="","",(SUM(E16)-F16)) -> -974.61771 | H16: =IF(D16="","",(D16*G16)) -> -4093394.4 | J16: 경유 | K16: 단지 | L16: 64000 | N16: =IF(L16="","",($G$10)) -> 1437.3349 | O16: =IF(L16="","",(SUM(M16)-N16)) -> -1437.3349 | P16: =IF(L16="","",(L16*O16)) -> -91989436
C17: 장일석유 | D17: 1900 | F17: =IF(D17="","",(SUM($G$9))) -> 974.61771 | G17: =IF(D17="","",(SUM(E17)-F17)) -> -974.61771 | H17: =IF(D17="","",(D17*G17)) -> -1851773.7 | K17: 영포석유 | L17: 1000 | N17: =IF(L17="","",($G$10)) -> 1437.3349 | O17: =IF(L17="","",(SUM(M17)-N17)) -> -1437.3349 | P17: =IF(L17="","",(L17*O17)) -> -1437334.9
F18: =IF(D18="","",(SUM($G$9))) | G18: =IF(D18="","",(SUM(E18)-F18)) | H18: =IF(D18="","",(D18*G18)) | N18: =IF(L18="","",($G$10)) | O18: =IF(L18="","",(SUM(M18)-N18)) | P18: =IF(L18="","",(L18*O18))
F19: =IF(D19="","",(SUM($G$9))) | G19: =IF(D19="","",(SUM(E19)-F19)) | H19: =IF(D19="","",(D19*G19)) | N19: =IF(L19="","",($G$10)) | O19: =IF(L19="","",(SUM(M19)-N19)) | P19: =IF(L19="","",(L19*O19))
F20: =IF(D20="","",(SUM($G$9))) | G20: =IF(D20="","",(SUM(E20)-F20)) | H20: =IF(D20="","",(D20*G20)) | N20: =IF(L20="","",($G$10)) | O20: =IF(L20="","",(SUM(M20)-N20)) | P20: =IF(L20="","",(L20*O20))
F21: =IF(D21="","",(SUM($G$9))) | G21: =IF(D21="","",(SUM(E21)-F21)) | H21: =IF(D21="","",(D21*G21)) | N21: =IF(L21="","",($G$10)) | O21: =IF(L21="","",(SUM(M21)-N21)) | P21: =IF(L21="","",(L21*O21))
F22: =IF(D22="","",(SUM($G$9))) | G22: =IF(D22="","",(SUM(E22)-F22)) | H22: =IF(D22="","",(D22*G22)) | N22: =IF(L22="","",($G$10)) | O22: =IF(L22="","",(SUM(M22)-N22)) | P22: =IF(L22="","",(L22*O22))
B23: 소 계 | D23: =SUM(D16:D22) -> 6100 | H23: =SUM(H16:H22) -> -5945168.1 | J23: 소 계 | L23: =SUM(L16:L22) -> 65000 | P23: =SUM(P16:P22) -> -93426771
B26: 마 감 재 고 | G26: [단위:리터/원] | J26: 입 고 내 역 | O26: [단위:리터/원]
B27: 유종 | C27: 수량 | E27: 단가 | G27: 환산금액 | J27: 유종 | K27: 수량 | M27: 사입단가 | O27: 환산금액
B28: G | C28: 0 | E28: 0 | G28: 0 | J28: G | K28: 0 | O28: 0
B29: K | C29: =$E$9-$D$23 -> 138791 | E29: =$G$9 -> 974.61771 | G29: =C29*E29 -> 1.3526817e+08 | J29: K | O29: =K29*M29 -> 0
B30: D | C30: =$E$10-$L$23 -> 162348 | E30: =$G$10 -> 1437.3349 | G30: =C30*E30 -> 2.3334845e+08 | J30: D | O30: =K30*M30 -> 0
B33: 복 합 단 가
B34: 유종 | C34: 수량 | E34: 금액 | G34: 복 합 단 가
B35: G | C35: 0 | E35: 0 | G35: 0
B36: K | C36: =$C$29+$K$29 -> 138791 | E36: =$G$29+$O$29-K36 -> 1.3526817e+08 | G36: =E36/C36 -> 974.61771
B37: D | C37: =$C$30+$K$30 -> 162348 | E37: =$G$30+$O$30 -> 2.3334845e+08 | G37: =E37/C37 -> 1437.3349
B39: 재 고 현 황 | O39: [단위:리터/원]
C40: 전일 | F40: 금일 | N40: 복합단가 | O40: 증감
C41: 재고 | F41: 입고 | H41: 출고 | K41: 마 감 재 고 | M41: 재고율
B42: 휘발유 | P42: .
B43: 등 유 | C43: =SUM($E$9) -> 144891 | F43: =$K$29 -> 0 | H43: =$D$23 -> 6100 | K43: =$C$43-$H$43+$F$43+$O$43 -> 138791 | M43: =SUM($K$43)/$D$9 -> 0.693955 | N43: =$G$36 -> 974.61771
B44: 경 유 | C44: =SUM($E$10) -> 227348 | F44: =$K$30 -> 0 | H44: =$L$23 -> 65000 | K44: =$C$44-$H$44+$F$44+$O$44 -> 162348 | M44: =SUM($K$44)/D10 -> 0.324696 | N44: =$G$37 -> 1437.3349
G45: 복합단가의 재고수량과 단가는 보관물량 제외니 참고해주세요!

Sheet 0119
B1: ◈ KK저장소 복합단가 운영표 - 단지저장소
B5: 이 월 재 고 | G5: [단위:리터/원]
B7: 유종 | D7: 탱크용량 | E7: 재고수량 | F7: 재고율 | G7: 단가
C8: G | D8: 0 | E8: 0 | F8: 0 | G8: 0
C9: K | D9: 200000 | E9: =SUM('0117'!K43:L43) -> 138791 | F9: =E9/D9 -> 0.693955 | G9: =SUM('0117'!N43) -> 974.61771
C10: D | D10: 500000 | E10: =SUM('0117'!K44:L44) -> 162348 | F10: =E10/D10 -> 0.324696 | G10: =SUM('0117'!N44) -> 1437.3349
B13: 출고내역(K) | G13: [단위:리터/원] | J13: 출고내역(LD) | O13: [단위:리터/원]
B14: 유종 | C14: 일반매출(사내이관 포함) | J14: 유종 | K14: 일반매출(사내이관 포함)
C15: 거래처명 | D15: 수량 | E15: 출고단가 | F15: 재고단가 | G15: 단가차액 | H15: 이익 | K15: 거래처명 | L15: 수량 | M15: 출고단가 | N15: 재고단가 | O15: 단가차액 | P15: 이익
B16: 실내 등유 | C16: 영포석유 | D16: 4600 | F16: =IF(D16="","",(SUM($G$9))) -> 974.61771 | G16: =IF(D16="","",(SUM(E16)-F16)) -> -974.61771 | H16: =IF(D16="","",(D16*G16)) -> -4483241.5 | J16: 경유 | K16: 세계 | L16: 3000 | N16: =IF(L16="","",($G$10)) -> 1437.3349 | O16: =IF(L16="","",(SUM(M16)-N16)) -> -1437.3349 | P16: =IF(L16="","",(L16*O16)) -> -4312004.8
F17: =IF(D17="","",(SUM($G$9))) | G17: =IF(D17="","",(SUM(E17)-F17)) | H17: =IF(D17="","",(D17*G17)) | K17: 영포석유 | L17: 1000 | N17: =IF(L17="","",($G$10)) -> 1437.3349 | O17: =IF(L17="","",(SUM(M17)-N17)) -> -1437.3349 | P17: =IF(L17="","",(L17*O17)) -> -1437334.9
F18: =IF(D18="","",(SUM($G$9))) | G18: =IF(D18="","",(SUM(E18)-F18)) | H18: =IF(D18="","",(D18*G18)) | N18: =IF(L18="","",($G$10)) | O18: =IF(L18="","",(SUM(M18)-N18)) | P18: =IF(L18="","",(L18*O18))
F19: =IF(D19="","",(SUM($G$9))) | G19: =IF(D19="","",(SUM(E19)-F19)) | H19: =IF(D19="","",(D19*G19)) | N19: =IF(L19="","",($G$10)) | O19: =IF(L19="","",(SUM(M19)-N19)) | P19: =IF(L19="","",(L19*O19))
F20: =IF(D20="","",(SUM($G$9))) | G20: =IF(D20="","",(SUM(E20)-F20)) | H20: =IF(D20="","",(D20*G20)) | N20: =IF(L20="","",($G$10)) | O20: =IF(L20="","",(SUM(M20)-N20)) | P20: =IF(L20="","",(L20*O20))
F21: =IF(D21="","",(SUM($G$9))) | G21: =IF(D21="","",(SUM(E21)-F21)) | H21: =IF(D21="","",(D21*G21)) | N21: =IF(L21="","",($G$10)) | O21: =IF(L21="","",(SUM(M21)-N21)) | P21: =IF(L21="","",(L21*O21))
F22: =IF(D22="","",(SUM($G$9))) | G22: =IF(D22="","",(SUM(E22)-F22)) | H22: =IF(D22="","",(D22*G22)) | N22: =IF(L22="","",($G$10)) | O22: =IF(L22="","",(SUM(M22)-N22)) | P22: =IF(L22="","",(L22*O22))
B23: 소 계 | D23: =SUM(D16:D22) -> 4600 | H23: =SUM(H16:H22) -> -4483241.5 | J23: 소 계 | L23: =SUM(L16:L22) -> 4000 | P23: =SUM(P16:P22) -> -5749339.8
B26: 마 감 재 고 | G26: [단위:리터/원] | J26: 입 고 내 역 | O26: [단위:리터/원]
B27: 유종 | C27: 수량 | E27: 단가 | G27: 환산금액 | J27: 유종 | K27: 수량 | M27: 사입단가 | O27: 환산금액
B28: G | C28: 0 | E28: 0 | G28: 0 | J28: G | K28: 0 | O28: 0
B29: K | C29: =$E$9-$D$23 -> 134191 | E29: =$G$9 -> 974.61771 | G29: =C29*E29 -> 1.3078493e+08 | J29: K | O29: =K29*M29 -> 0
B30: D | C30: =$E$10-$L$23 -> 158348 | E30: =$G$10 -> 1437.3349 | G30: =C30*E30 -> 2.2759911e+08 | J30: D | O30: =K30*M30 -> 0
B33: 복 합 단 가
B34: 유종 | C34: 수량 | E34: 금액 | G34: 복 합 단 가
B35: G | C35: 0 | E35: 0 | G35: 0
B36: K | C36: =$C$29+$K$29 -> 134191 | E36: =$G$29+$O$29-K36 -> 1.3078493e+08 | G36: =E36/C36 -> 974.61771
B37: D | C37: =$C$30+$K$30 -> 158348 | E37: =$G$30+$O$30 -> 2.2759911e+08 | G37: =E37/C37 -> 1437.3349
B39: 재 고 현 황 | O39: [단위:리터/원]
C40: 전일 | F40: 금일 | N40: 복합단가 | O40: 증감
C41: 재고 | F41: 입고 | H41: 출고 | K41: 마 감 재 고 | M41: 재고율
B42: 휘발유 | P42: .
B43: 등 유 | C43: =SUM($E$9) -> 138791 | F43: =$K$29 -> 0 | H43: =$D$23 -> 4600 | K43: =$C$43-$H$43+$F$43+$O$43 -> 134191 | M43: =SUM($K$43)/$D$9 -> 0.670955 | N43: =$G$36 -> 974.61771
B44: 경 유 | C44: =SUM($E$10) -> 162348 | F44: =$K$30 -> 0 | H44: =$L$23 -> 4000 | K44: =$C$44-$H$44+$F$44+$O$44 -> 158348 | M44: =SUM($K$44)/D10 -> 0.316696 | N44: =$G$37 -> 1437.3349
G45: 복합단가의 재고수량과 단가는 보관물량 제외니 참고해주세요!

Sheet 0120
B1: ◈ KK저장소 복합단가 운영표 - 단지저장소
B5: 이 월 재 고 | G5: [단위:리터/원]
B7: 유종 | D7: 탱크용량 | E7: 재고수량 | F7: 재고율 | G7: 단가
C8: G | D8: 0 | E8: 0 | F8: 0 | G8: 0
C9: K | D9: 200000 | E9: =SUM('0119'!K43:L43) -> 134191 | F9: =E9/D9 -> 0.670955 | G9: =SUM('0119'!N43) -> 974.61771
C10: D | D10: 500000 | E10: =SUM('0119'!K44:L44) -> 158348 | F10: =E10/D10 -> 0.316696 | G10: =SUM('0119'!N44) -> 1437.3349
B13: 출고내역(K) | G13: [단위:리터/원] | J13: 출고내역(LD) | O13: [단위:리터/원]
B14: 유종 | C14: 일반매출(사내이관 포함) | J14: 유종 | K14: 일반매출(사내이관 포함)
C15: 거래처명 | D15: 수량 | E15: 출고단가 | F15: 재고단가 | G15: 단가차액 | H15: 이익 | K15: 거래처명 | L15: 수량 | M15: 출고단가 | N15: 재고단가 | O15: 단가차액 | P15: 이익
B16: 실내 등유 | C16: 영포석유 | D16: 2600 | F16: =IF(D16="","",(SUM($G$9))) -> 974.61771 | G16: =IF(D16="","",(SUM(E16)-F16)) -> -974.61771 | H16: =IF(D16="","",(D16*G16)) -> -2534006.1 | J16: 경유 | K16: 문덕 | L16: 3000 | N16: =IF(L16="","",($G$10)) -> 1437.3349 | O16: =IF(L16="","",(SUM(M16)-N16)) -> -1437.3349 | P16: =IF(L16="","",(L16*O16)) -> -4312004.8
F17: =IF(D17="","",(SUM($G$9))) | G17: =IF(D17="","",(SUM(E17)-F17)) | H17: =IF(D17="","",(D17*G17)) | N17: =IF(L17="","",($G$10)) | O17: =IF(L17="","",(SUM(M17)-N17)) | P17: =IF(L17="","",(L17*O17))
F18: =IF(D18="","",(SUM($G$9))) | G18: =IF(D18="","",(SUM(E18)-F18)) | H18: =IF(D18="","",(D18*G18)) | N18: =IF(L18="","",($G$10)) | O18: =IF(L18="","",(SUM(M18)-N18)) | P18: =IF(L18="","",(L18*O18))
F19: =IF(D19="","",(SUM($G$9))) | G19: =IF(D19="","",(SUM(E19)-F19)) | H19: =IF(D19="","",(D19*G19)) | N19: =IF(L19="","",($G$10)) | O19: =IF(L19="","",(SUM(M19)-N19)) | P19: =IF(L19="","",(L19*O19))
F20: =IF(D20="","",(SUM($G$9))) | G20: =IF(D20="","",(SUM(E20)-F20)) | H20: =IF(D20="","",(D20*G20)) | N20: =IF(L20="","",($G$10)) | O20: =IF(L20="","",(SUM(M20)-N20)) | P20: =IF(L20="","",(L20*O20))
F21: =IF(D21="","",(SUM($G$9))) | G21: =IF(D21="","",(SUM(E21)-F21)) | H21: =IF(D21="","",(D21*G21)) | N21: =IF(L21="","",($G$10)) | O21: =IF(L21="","",(SUM(M21)-N21)) | P21: =IF(L21="","",(L21*O21))
F22: =IF(D22="","",(SUM($G$9))) | G22: =IF(D22="","",(SUM(E22)-F22)) | H22: =IF(D22="","",(D22*G22)) | N22: =IF(L22="","",($G$10)) | O22: =IF(L22="","",(SUM(M22)-N22)) | P22: =IF(L22="","",(L22*O22))
B23: 소 계 | D23: =SUM(D16:D22) -> 2600 | H23: =SUM(H16:H22) -> -2534006.1 | J23: 소 계 | L23: =SUM(L16:L22) -> 3000 | P23: =SUM(P16:P22) -> -4312004.8
B26: 마 감 재 고 | G26: [단위:리터/원] | J26: 입 고 내 역 | O26: [단위:리터/원]
B27: 유종 | C27: 수량 | E27: 단가 | G27: 환산금액 | J27: 유종 | K27: 수량 | M27: 사입단가 | O27: 환산금액
B28: G | C28: 0 | E28: 0 | G28: 0 | J28: G | K28: 0 | O28: 0
B29: K | C29: =$E$9-$D$23 -> 131591 | E29: =$G$9 -> 974.61771 | G29: =C29*E29 -> 1.2825092e+08 | J29: K | O29: =K29*M29 -> 0
B30: D | C30: =$E$10-$L$23 -> 155348 | E30: =$G$10 -> 1437.3349 | G30: =C30*E30 -> 2.2328711e+08 | J30: D | O30: =K30*M30 -> 0
B33: 복 합 단 가
B34: 유종 | C34: 수량 | E34: 금액 | G34: 복 합 단 가
B35: G | C35: 0 | E35: 0 | G35: 0
B36: K | C36: =$C$29+$K$29 -> 131591 | E36: =$G$29+$O$29-K36 -> 1.2825092e+08 | G36: =E36/C36 -> 974.61771
B37: D | C37: =$C$30+$K$30 -> 155348 | E37: =$G$30+$O$30 -> 2.2328711e+08 | G37: =E37/C37 -> 1437.3349
B39: 재 고 현 황 | O39: [단위:리터/원]
C40: 전일 | F40: 금일 | N40: 복합단가 | O40: 증감
C41: 재고 | F41: 입고 | H41: 출고 | K41: 마 감 재 고 | M41: 재고율
B42: 휘발유 | P42: .
B43: 등 유 | C43: =SUM($E$9) -> 134191 | F43: =$K$29 -> 0 | H43: =$D$23 -> 2600 | K43: =$C$43-$H$43+$F$43+$O$43 -> 131591 | M43: =SUM($K$43)/$D$9 -> 0.657955 | N43: =$G$36 -> 974.61771
B44: 경 유 | C44: =SUM($E$10) -> 158348 | F44: =$K$30 -> 0 | H44: =$L$23 -> 3000 | K44: =$C$44-$H$44+$F$44+$O$44 -> 155348 | M44: =SUM($K$44)/D10 -> 0.310696 | N44: =$G$37 -> 1437.3349
G45: 복합단가의 재고수량과 단가는 보관물량 제외니 참고해주세요!

Sheet 0121
B1: ◈ KK저장소 복합단가 운영표 - 단지저장소
B5: 이 월 재 고 | G5: [단위:리터/원]
B7: 유종 | D7: 탱크용량 | E7: 재고수량 | F7: 재고율 | G7: 단가
C8: G | D8: 0 | E8: 0 | F8: 0 | G8: 0
C9: K | D9: 200000 | E9: =SUM('0120'!K43:L43) -> 131591 | F9: =E9/D9 -> 0.657955 | G9: =SUM('0120'!N43) -> 974.61771
C10: D | D10: 500000 | E10: =SUM('0120'!K44:L44) -> 155348 | F10: =E10/D10 -> 0.310696 | G10: =SUM('0120'!N44) -> 1437.3349
B13: 출고내역(K) | G13: [단위:리터/원] | J13: 출고내역(LD) | O13: [단위:리터/원]
B14: 유종 | C14: 일반매출(사내이관 포함) | J14: 유종 | K14: 일반매출(사내이관 포함)
C15: 거래처명 | D15: 수량 | E15: 출고단가 | F15: 재고단가 | G15: 단가차액 | H15: 이익 | K15: 거래처명 | L15: 수량 | M15: 출고단가 | N15: 재고단가 | O15: 단가차액 | P15: 이익
B16: 실내 등유 | F16: =IF(D16="","",(SUM($G$9))) | G16: =IF(D16="","",(SUM(E16)-F16)) | H16: =IF(D16="","",(D16*G16)) | J16: 경유 | K16: 영포석유 | L16: 1000 | N16: =IF(L16="","",($G$10)) -> 1437.3349 | O16: =IF(L16="","",(SUM(M16)-N16)) -> -1437.3349 | P16: =IF(L16="","",(L16*O16)) -> -1437334.9
F17: =IF(D17="","",(SUM($G$9))) | G17: =IF(D17="","",(SUM(E17)-F17)) | H17: =IF(D17="","",(D17*G17)) | K17: 세계 | L17: 2500 | N17: =IF(L17="","",($G$10)) -> 1437.3349 | O17: =IF(L17="","",(SUM(M17)-N17)) -> -1437.3349 | P17: =IF(L17="","",(L17*O17)) -> -3593337.4
F18: =IF(D18="","",(SUM($G$9))) | G18: =IF(D18="","",(SUM(E18)-F18)) | H18: =IF(D18="","",(D18*G18)) | N18: =IF(L18="","",($G$10)) | O18: =IF(L18="","",(SUM(M18)-N18)) | P18: =IF(L18="","",(L18*O18))
F19: =IF(D19="","",(SUM($G$9))) | G19: =IF(D19="","",(SUM(E19)-F19)) | H19: =IF(D19="","",(D19*G19)) | N19: =IF(L19="","",($G$10)) | O19: =IF(L19="","",(SUM(M19)-N19)) | P19: =IF(L19="","",(L19*O19))
F20: =IF(D20="","",(SUM($G$9))) | G20: =IF(D20="","",(SUM(E20)-F20)) | H20: =IF(D20="","",(D20*G20)) | N20: =IF(L20="","",($G$10)) | O20: =IF(L20="","",(SUM(M20)-N20)) | P20: =IF(L20="","",(L20*O20))
F21: =IF(D21="","",(SUM($G$9))) | G21: =IF(D21="","",(SUM(E21)-F21)) | H21: =IF(D21="","",(D21*G21)) | N21: =IF(L21="","",($G$10)) | O21: =IF(L21="","",(SUM(M21)-N21)) | P21: =IF(L21="","",(L21*O21))
F22: =IF(D22="","",(SUM($G$9))) | G22: =IF(D22="","",(SUM(E22)-F22)) | H22: =IF(D22="","",(D22*G22)) | N22: =IF(L22="","",($G$10)) | O22: =IF(L22="","",(SUM(M22)-N22)) | P22: =IF(L22="","",(L22*O22))
B23: 소 계 | D23: =SUM(D16:D22) -> 0 | H23: =SUM(H16:H22) -> 0 | J23: 소 계 | L23: =SUM(L16:L22) -> 3500 | P23: =SUM(P16:P22) -> -5030672.3
B26: 마 감 재 고 | G26: [단위:리터/원] | J26: 입 고 내 역 | O26: [단위:리터/원]
B27: 유종 | C27: 수량 | E27: 단가 | G27: 환산금액 | J27: 유종 | K27: 수량 | M27: 사입단가 | O27: 환산금액
B28: G | C28: 0 | E28: 0 | G28: 0 | J28: G | K28: 0 | O28: 0
B29: K | C29: =$E$9-$D$23 -> 131591 | E29: =$G$9 -> 974.61771 | G29: =C29*E29 -> 1.2825092e+08 | J29: K | O29: =K29*M29 -> 0
B30: D | C30: =$E$10-$L$23 -> 151848 | E30: =$G$10 -> 1437.3349 | G30: =C30*E30 -> 2.1825644e+08 | J30: D | O30: =K30*M30 -> 0
B33: 복 합 단 가
B34: 유종 | C34: 수량 | E34: 금액 | G34: 복 합 단 가
B35: G | C35: 0 | E35: 0 | G35: 0
B36: K | C36: =$C$29+$K$29 -> 131591 | E36: =$G$29+$O$29-K36 -> 1.2825092e+08 | G36: =E36/C36 -> 974.61771
B37: D | C37: =$C$30+$K$30 -> 151848 | E37: =$G$30+$O$30 -> 2.1825644e+08 | G37: =E37/C37 -> 1437.3349
B39: 재 고 현 황 | O39: [단위:리터/원]
C40: 전일 | F40: 금일 | N40: 복합단가 | O40: 증감
C41: 재고 | F41: 입고 | H41: 출고 | K41: 마 감 재 고 | M41: 재고율
B42: 휘발유 | P42: .
B43: 등 유 | C43: =SUM($E$9) -> 131591 | F43: =$K$29 -> 0 | H43: =$D$23 -> 0 | K43: =$C$43-$H$43+$F$43+$O$43 -> 131591 | M43: =SUM($K$43)/$D$9 -> 0.657955 | N43: =$G$36 -> 974.61771
B44: 경 유 | C44: =SUM($E$10) -> 155348 | F44: =$K$30 -> 0 | H44: =$L$23 -> 3500 | K44: =$C$44-$H$44+$F$44+$O$44 -> 151848 | M44: =SUM($K$44)/D10 -> 0.303696 | N44: =$G$37 -> 1437.3349
G45: 복합단가의 재고수량과 단가는 보관물량 제외니 참고해주세요!

Sheet 0122
B1: ◈ KK저장소 복합단가 운영표 - 단지저장소
B5: 이 월 재 고 | G5: [단위:리터/원]
B7: 유종 | D7: 탱크용량 | E7: 재고수량 | F7: 재고율 | G7: 단가
C8: G | D8: 0 | E8: 0 | F8: 0 | G8: 0
C9: K | D9: 200000 | E9: =SUM('0121'!K43:L43) -> 131591 | F9: =E9/D9 -> 0.657955 | G9: =SUM('0121'!N43) -> 974.61771
C10: D | D10: 500000 | E10: =SUM('0121'!K44:L44) -> 151848 | F10: =E10/D10 -> 0.303696 | G10: =SUM('0121'!N44) -> 1437.3349
B13: 출고내역(K) | G13: [단위:리터/원] | J13: 출고내역(LD) | O13: [단위:리터/원]
B14: 유종 | C14: 일반매출(사내이관 포함) | J14: 유종 | K14: 일반매출(사내이관 포함)
C15: 거래처명 | D15: 수량 | E15: 출고단가 | F15: 재고단가 | G15: 단가차액 | H15: 이익 | K15: 거래처명 | L15: 수량 | M15: 출고단가 | N15: 재고단가 | O15: 단가차액 | P15: 이익
B16: 실내 등유 | C16: 영포석유 | D16: 2800 | F16: =IF(D16="","",(SUM($G$9))) -> 974.61771 | G16: =IF(D16="","",(SUM(E16)-F16)) -> -974.61771 | H16: =IF(D16="","",(D16*G16)) -> -2728929.6 | J16: 경유 | K16: 문덕 | L16: 3000 | N16: =IF(L16="","",($G$10)) -> 1437.3349 | O16: =IF(L16="","",(SUM(M16)-N16)) -> -1437.3349 | P16: =IF(L16="","",(L16*O16)) -> -4312004.8
C17: 신경북 | D17: 1000 | F17: =IF(D17="","",(SUM($G$9))) -> 974.61771 | G17: =IF(D17="","",(SUM(E17)-F17)) -> -974.61771 | H17: =IF(D17="","",(D17*G17)) -> -974617.71 | N17: =IF(L17="","",($G$10)) | O17: =IF(L17="","",(SUM(M17)-N17)) | P17: =IF(L17="","",(L17*O17))
F18: =IF(D18="","",(SUM($G$9))) | G18: =IF(D18="","",(SUM(E18)-F18)) | H18: =IF(D18="","",(D18*G18)) | N18: =IF(L18="","",($G$10)) | O18: =IF(L18="","",(SUM(M18)-N18)) | P18: =IF(L18="","",(L18*O18))
F19: =IF(D19="","",(SUM($G$9))) | G19: =IF(D19="","",(SUM(E19)-F19)) | H19: =IF(D19="","",(D19*G19)) | N19: =IF(L19="","",($G$10)) | O19: =IF(L19="","",(SUM(M19)-N19)) | P19: =IF(L19="","",(L19*O19))
F20: =IF(D20="","",(SUM($G$9))) | G20: =IF(D20="","",(SUM(E20)-F20)) | H20: =IF(D20="","",(D20*G20)) | N20: =IF(L20="","",($G$10)) | O20: =IF(L20="","",(SUM(M20)-N20)) | P20: =IF(L20="","",(L20*O20))
F21: =IF(D21="","",(SUM($G$9))) | G21: =IF(D21="","",(SUM(E21)-F21)) | H21: =IF(D21="","",(D21*G21)) | N21: =IF(L21="","",($G$10)) | O21: =IF(L21="","",(SUM(M21)-N21)) | P21: =IF(L21="","",(L21*O21))
F22: =IF(D22="","",(SUM($G$9))) | G22: =IF(D22="","",(SUM(E22)-F22)) | H22: =IF(D22="","",(D22*G22)) | N22: =IF(L22="","",($G$10)) | O22: =IF(L22="","",(SUM(M22)-N22)) | P22: =IF(L22="","",(L22*O22))
B23: 소 계 | D23: =SUM(D16:D22) -> 3800 | H23: =SUM(H16:H22) -> -3703547.3 | J23: 소 계 | L23: =SUM(L16:L22) -> 3000 | P23: =SUM(P16:P22) -> -4312004.8
B26: 마 감 재 고 | G26: [단위:리터/원] | J26: 입 고 내 역 | O26: [단위:리터/원]
B27: 유종 | C27: 수량 | E27: 단가 | G27: 환산금액 | J27: 유종 | K27: 수량 | M27: 사입단가 | O27: 환산금액
B28: G | C28: 0 | E28: 0 | G28: 0 | J28: G | K28: 0 | O28: 0
B29: K | C29: =$E$9-$D$23 -> 127791 | E29: =$G$9 -> 974.61771 | G29: =C29*E29 -> 1.2454737e+08 | J29: K | O29: =K29*M29 -> 0
B30: D | C30: =$E$10-$L$23 -> 148848 | E30: =$G$10 -> 1437.3349 | G30: =C30*E30 -> 2.1394443e+08 | J30: D | O30: =K30*M30 -> 0
B33: 복 합 단 가
B34: 유종 | C34: 수량 | E34: 금액 | G34: 복 합 단 가
B35: G | C35: 0 | E35: 0 | G35: 0
B36: K | C36: =$C$29+$K$29 -> 127791 | E36: =$G$29+$O$29-K36 -> 1.2454737e+08 | G36: =E36/C36 -> 974.61771
B37: D | C37: =$C$30+$K$30 -> 148848 | E37: =$G$30+$O$30 -> 2.1394443e+08 | G37: =E37/C37 -> 1437.3349
B39: 재 고 현 황 | O39: [단위:리터/원]
C40: 전일 | F40: 금일 | N40: 복합단가 | O40: 증감
C41: 재고 | F41: 입고 | H41: 출고 | K41: 마 감 재 고 | M41: 재고율
B42: 휘발유 | P42: .
B43: 등 유 | C43: =SUM($E$9) -> 131591 | F43: =$K$29 -> 0 | H43: =$D$23 -> 3800 | K43: =$C$43-$H$43+$F$43+$O$43 -> 127791 | M43: =SUM($K$43)/$D$9 -> 0.638955 | N43: =$G$36 -> 974.61771
B44: 경 유 | C44: =SUM($E$10) -> 151848 | F44: =$K$30 -> 0 | H44: =$L$23 -> 3000 | K44: =$C$44-$H$44+$F$44+$O$44 -> 148848 | M44: =SUM($K$44)/D10 -> 0.297696 | N44: =$G$37 -> 1437.3349
G45: 복합단가의 재고수량과 단가는 보관물량 제외니 참고해주세요!

Sheet 0123
B1: ◈ KK저장소 복합단가 운영표 - 단지저장소
B5: 이 월 재 고 | G5: [단위:리터/원]
B7: 유종 | D7: 탱크용량 | E7: 재고수량 | F7: 재고율 | G7: 단가
C8: G | D8: 0 | E8: 0 | F8: 0 | G8: 0
C9: K | D9: 200000 | E9: =SUM('0122'!K43:L43) -> 127791 | F9: =E9/D9 -> 0.638955 | G9: =SUM('0122'!N43) -> 974.61771
C10: D | D10: 500000 | E10: =SUM('0122'!K44:L44) -> 148848 | F10: =E10/D10 -> 0.297696 | G10: =SUM('0122'!N44) -> 1437.3349
B13: 출고내역(K) | G13: [단위:리터/원] | J13: 출고내역(LD) | O13: [단위:리터/원]
B14: 유종 | C14: 일반매출(사내이관 포함) | J14: 유종 | K14: 일반매출(사내이관 포함)
C15: 거래처명 | D15: 수량 | E15: 출고단가 | F15: 재고단가 | G15: 단가차액 | H15: 이익 | K15: 거래처명 | L15: 수량 | M15: 출고단가 | N15: 재고단가 | O15: 단가차액 | P15: 이익
B16: 실내 등유 | C16: 안동중앙 | D16: 4000 | F16: =IF(D16="","",(SUM($G$9))) -> 974.61771 | G16: =IF(D16="","",(SUM(E16)-F16)) -> -974.61771 | H16: =IF(D16="","",(D16*G16)) -> -3898470.9 | J16: 경유 | K16: 안동중앙 | L16: 12000 | N16: =IF(L16="","",($G$10)) -> 1437.3349 | O16: =IF(L16="","",(SUM(M16)-N16)) -> -1437.3349 | P16: =IF(L16="","",(L16*O16)) -> -17248019
C17: 영포석유 | D17: 3700 | F17: =IF(D17="","",(SUM($G$9))) -> 974.61771 | G17: =IF(D17="","",(SUM(E17)-F17)) -> -974.61771 | H17: =IF(D17="","",(D17*G17)) -> -3606085.5 | K17: 영포석유 | L17: 1050 | N17: =IF(L17="","",($G$10)) -> 1437.3349 | O17: =IF(L17="","",(SUM(M17)-N17)) -> -1437.3349 | P17: =IF(L17="","",(L17*O17)) -> -1509201.7
C18: 장일석유 | D18: 4200 | F18: =IF(D18="","",(SUM($G$9))) -> 974.61771 | G18: =IF(D18="","",(SUM(E18)-F18)) -> -974.61771 | H18: =IF(D18="","",(D18*G18)) -> -4093394.4 | K18: 문덕 | L18: 3000 | N18: =IF(L18="","",($G$10)) -> 1437.3349 | O18: =IF(L18="","",(SUM(M18)-N18)) -> -1437.3349 | P18: =IF(L18="","",(L18*O18)) -> -4312004.8
C19: 동해안 | D19: 1000 | F19: =IF(D19="","",(SUM($G$9))) -> 974.61771 | G19: =IF(D19="","",(SUM(E19)-F19)) -> -974.61771 | H19: =IF(D19="","",(D19*G19)) -> -974617.71 | K19: 세계 | L19: 3000 | N19: =IF(L19="","",($G$10)) -> 1437.3349 | O19: =IF(L19="","",(SUM(M19)-N19)) -> -1437.3349 | P19: =IF(L19="","",(L19*O19)) -> -4312004.8
F20: =IF(D20="","",(SUM($G$9))) | G20: =IF(D20="","",(SUM(E20)-F20)) | H20: =IF(D20="","",(D20*G20)) | N20: =IF(L20="","",($G$10)) | O20: =IF(L20="","",(SUM(M20)-N20)) | P20: =IF(L20="","",(L20*O20))
F21: =IF(D21="","",(SUM($G$9))) | G21: =IF(D21="","",(SUM(E21)-F21)) | H21: =IF(D21="","",(D21*G21)) | N21: =IF(L21="","",($G$10)) | O21: =IF(L21="","",(SUM(M21)-N21)) | P21: =IF(L21="","",(L21*O21))
F22: =IF(D22="","",(SUM($G$9))) | G22: =IF(D22="","",(SUM(E22)-F22)) | H22: =IF(D22="","",(D22*G22)) | N22: =IF(L22="","",($G$10)) | O22: =IF(L22="","",(SUM(M22)-N22)) | P22: =IF(L22="","",(L22*O22))
B23: 소 계 | D23: =SUM(D16:D22) -> 12900 | H23: =SUM(H16:H22) -> -12572569 | J23: 소 계 | L23: =SUM(L16:L22) -> 19050 | P23: =SUM(P16:P22) -> -27381231
B26: 마 감 재 고 | G26: [단위:리터/원] | J26: 입 고 내 역 | O26: [단위:리터/원]
B27: 유종 | C27: 수량 | E27: 단가 | G27: 환산금액 | J27: 유종 | K27: 수량 | M27: 사입단가 | O27: 환산금액
B28: G | C28: 0 | E28: 0 | G28: 0 | J28: G | K28: 0 | O28: 0
B29: K | C29: =$E$9-$D$23 -> 114891 | E29: =$G$9 -> 974.61771 | G29: =C29*E29 -> 1.119748e+08 | J29: K | O29: =K29*M29 -> 0
B30: D | C30: =$E$10-$L$23 -> 129798 | E30: =$G$10 -> 1437.3349 | G30: =C30*E30 -> 1.865632e+08 | J30: D | O30: =K30*M30 -> 0
B33: 복 합 단 가
B34: 유종 | C34: 수량 | E34: 금액 | G34: 복 합 단 가
B35: G | C35: 0 | E35: 0 | G35: 0
B36: K | C36: =$C$29+$K$29 -> 114891 | E36: =$G$29+$O$29-K36 -> 1.119748e+08 | G36: =E36/C36 -> 974.61771
B37: D | C37: =$C$30+$K$30 -> 129798 | E37: =$G$30+$O$30 -> 1.865632e+08 | G37: =E37/C37 -> 1437.3349
B39: 재 고 현 황 | O39: [단위:리터/원]
C40: 전일 | F40: 금일 | N40: 복합단가 | O40: 증감
C41: 재고 | F41: 입고 | H41: 출고 | K41: 마 감 재 고 | M41: 재고율
B42: 휘발유 | P42: .
B43: 등 유 | C43: =SUM($E$9) -> 127791 | F43: =$K$29 -> 0 | H43: =$D$23 -> 12900 | K43: =$C$43-$H$43+$F$43+$O$43 -> 114891 | M43: =SUM($K$43)/$D$9 -> 0.574455 | N43: =$G$36 -> 974.61771
B44: 경 유 | C44: =SUM($E$10) -> 148848 | F44: =$K$30 -> 0 | H44: =$L$23 -> 19050 | K44: =$C$44-$H$44+$F$44+$O$44 -> 129798 | M44: =SUM($K$44)/D10 -> 0.259596 | N44: =$G$37 -> 1437.3349
G45: 복합단가의 재고수량과 단가는 보관물량 제외니 참고해주세요!

Sheet 0124
B1: ◈ KK저장소 복합단가 운영표 - 단지저장소
B5: 이 월 재 고 | G5: [단위:리터/원]
B7: 유종 | D7: 탱크용량 | E7: 재고수량 | F7: 재고율 | G7: 단가
C8: G | D8: 0 | E8: 0 | F8: 0 | G8: 0
C9: K | D9: 200000 | E9: =SUM('0123'!K43:L43) -> 114891 | F9: =E9/D9 -> 0.574455 | G9: =SUM('0123'!N43) -> 974.61771
C10: D | D10: 500000 | E10: =SUM('0123'!K44:L44) -> 129798 | F10: =E10/D10 -> 0.259596 | G10: =SUM('0123'!N44) -> 1437.3349
B13: 출고내역(K) | G13: [단위:리터/원] | J13: 출고내역(LD) | O13: [단위:리터/원]
B14: 유종 | C14: 일반매출(사내이관 포함) | J14: 유종 | K14: 일반매출(사내이관 포함)
C15: 거래처명 | D15: 수량 | E15: 출고단가 | F15: 재고단가 | G15: 단가차액 | H15: 이익 | K15: 거래처명 | L15: 수량 | M15: 출고단가 | N15: 재고단가 | O15: 단가차액 | P15: 이익
B16: 실내 등유 | C16: 신라 | D16: 16000 | F16: =IF(D16="","",(SUM($G$9))) -> 974.61771 | G16: =IF(D16="","",(SUM(E16)-F16)) -> -974.61771 | H16: =IF(D16="","",(D16*G16)) -> -15593883 | J16: 경유 | N16: =IF(L16="","",($G$10)) | O16: =IF(L16="","",(SUM(M16)-N16)) | P16: =IF(L16="","",(L16*O16))
C17: 중앙2 | D17: 8000 | F17: =IF(D17="","",(SUM($G$9))) -> 974.61771 | G17: =IF(D17="","",(SUM(E17)-F17)) -> -974.61771 | H17: =IF(D17="","",(D17*G17)) -> -7796941.7 | N17: =IF(L17="","",($G$10)) | O17: =IF(L17="","",(SUM(M17)-N17)) | P17: =IF(L17="","",(L17*O17))
C18: 장일석유 | D18: 2000 | F18: =IF(D18="","",(SUM($G$9))) -> 974.61771 | G18: =IF(D18="","",(SUM(E18)-F18)) -> -974.61771 | H18: =IF(D18="","",(D18*G18)) -> -1949235.4 | N18: =IF(L18="","",($G$10)) | O18: =IF(L18="","",(SUM(M18)-N18)) | P18: =IF(L18="","",(L18*O18))
C19: 신경북 | D19: 1000 | F19: =IF(D19="","",(SUM($G$9))) -> 974.61771 | G19: =IF(D19="","",(SUM(E19)-F19)) -> -974.61771 | H19: =IF(D19="","",(D19*G19)) -> -974617.71 | N19: =IF(L19="","",($G$10)) | O19: =IF(L19="","",(SUM(M19)-N19)) | P19: =IF(L19="","",(L19*O19))
C20: 새각남 | D20: 4000 | F20: =IF(D20="","",(SUM($G$9))) -> 974.61771 | G20: =IF(D20="","",(SUM(E20)-F20)) -> -974.61771 | H20: =IF(D20="","",(D20*G20)) -> -3898470.9 | N20: =IF(L20="","",($G$10)) | O20: =IF(L20="","",(SUM(M20)-N20)) | P20: =IF(L20="","",(L20*O20))
F21: =IF(D21="","",(SUM($G$9))) | G21: =IF(D21="","",(SUM(E21)-F21)) | H21: =IF(D21="","",(D21*G21)) | N21: =IF(L21="","",($G$10)) | O21: =IF(L21="","",(SUM(M21)-N21)) | P21: =IF(L21="","",(L21*O21))
F22: =IF(D22="","",(SUM($G$9))) | G22: =IF(D22="","",(SUM(E22)-F22)) | H22: =IF(D22="","",(D22*G22)) | N22: =IF(L22="","",($G$10)) | O22: =IF(L22="","",(SUM(M22)-N22)) | P22: =IF(L22="","",(L22*O22))
B23: 소 계 | D23: =SUM(D16:D22) -> 31000 | H23: =SUM(H16:H22) -> -30213149 | J23: 소 계 | L23: =SUM(L16:L22) -> 0 | P23: =SUM(P16:P22) -> 0
B26: 마 감 재 고 | G26: [단위:리터/원] | J26: 입 고 내 역 | O26: [단위:리터/원]
B27: 유종 | C27: 수량 | E27: 단가 | G27: 환산금액 | J27: 유종 | K27: 수량 | M27: 사입단가 | O27: 환산금액
B28: G | C28: 0 | E28: 0 | G28: 0 | J28: G | K28: 0 | O28: 0
B29: K | C29: =$E$9-$D$23 -> 83891 | E29: =$G$9 -> 974.61771 | G29: =C29*E29 -> 81761655 | J29: K | O29: =K29*M29 -> 0
B30: D | C30: =$E$10-$L$23 -> 129798 | E30: =$G$10 -> 1437.3349 | G30: =C30*E30 -> 1.865632e+08 | J30: D | O30: =K30*M30 -> 0
B33: 복 합 단 가
B34: 유종 | C34: 수량 | E34: 금액 | G34: 복 합 단 가
B35: G | C35: 0 | E35: 0 | G35: 0
B36: K | C36: =$C$29+$K$29 -> 83891 | E36: =$G$29+$O$29-K36 -> 81761655 | G36: =E36/C36 -> 974.61771
B37: D | C37: =$C$30+$K$30 -> 129798 | E37: =$G$30+$O$30 -> 1.865632e+08 | G37: =E37/C37 -> 1437.3349
B39: 재 고 현 황 | O39: [단위:리터/원]
C40: 전일 | F40: 금일 | N40: 복합단가 | O40: 증감
C41: 재고 | F41: 입고 | H41: 출고 | K41: 마 감 재 고 | M41: 재고율
B42: 휘발유 | P42: .
B43: 등 유 | C43: =SUM($E$9) -> 114891 | F43: =$K$29 -> 0 | H43: =$D$23 -> 31000 | K43: =$C$43-$H$43+$F$43+$O$43 -> 83891 | M43: =SUM($K$43)/$D$9 -> 0.419455 | N43: =$G$36 -> 974.61771
B44: 경 유 | C44: =SUM($E$10) -> 129798 | F44: =$K$30 -> 0 | H44: =$L$23 -> 0 | K44: =$C$44-$H$44+$F$44+$O$44 -> 129798 | M44: =SUM($K$44)/D10 -> 0.259596 | N44: =$G$37 -> 1437.3349
G45: 복합단가의 재고수량과 단가는 보관물량 제외니 참고해주세요!

Sheet 0126
B1: ◈ KK저장소 복합단가 운영표 - 단지저장소
B5: 이 월 재 고 | G5: [단위:리터/원]
B7: 유종 | D7: 탱크용량 | E7: 재고수량 | F7: 재고율 | G7: 단가
C8: G | D8: 0 | E8: 0 | F8: 0 | G8: 0
C9: K | D9: 200000 | E9: =SUM('0124'!K43:L43) -> 83891 | F9: =E9/D9 -> 0.419455 | G9: =SUM('0124'!N43) -> 974.61771
C10: D | D10: 500000 | E10: =SUM('0124'!K44:L44) -> 129798 | F10: =E10/D10 -> 0.259596 | G10: =SUM('0124'!N44) -> 1437.3349
B13: 출고내역(K) | G13: [단위:리터/원] | J13: 출고내역(LD) | O13: [단위:리터/원]
B14: 유종 | C14: 일반매출(사내이관 포함) | J14: 유종 | K14: 일반매출(사내이관 포함)
C15: 거래처명 | D15: 수량 | E15: 출고단가 | F15: 재고단가 | G15: 단가차액 | H15: 이익 | K15: 거래처명 | L15: 수량 | M15: 출고단가 | N15: 재고단가 | O15: 단가차액 | P15: 이익
B16: 실내 등유 | C16: 경포 | D16: 3000 | F16: =IF(D16="","",(SUM($G$9))) -> 974.61771 | G16: =IF(D16="","",(SUM(E16)-F16)) -> -974.61771 | H16: =IF(D16="","",(D16*G16)) -> -2923853.1 | J16: 경유 | K16: 영포석유 | L16: 900 | N16: =IF(L16="","",($G$10)) -> 1437.3349 | O16: =IF(L16="","",(SUM(M16)-N16)) -> -1437.3349 | P16: =IF(L16="","",(L16*O16)) -> -1293601.5
C17: 영포석유 | D17: 4900 | F17: =IF(D17="","",(SUM($G$9))) -> 974.61771 | G17: =IF(D17="","",(SUM(E17)-F17)) -> -974.61771 | H17: =IF(D17="","",(D17*G17)) -> -4775626.8 | K17: 세계 | L17: 3000 | N17: =IF(L17="","",($G$10)) -> 1437.3349 | O17: =IF(L17="","",(SUM(M17)-N17)) -> -1437.3349 | P17: =IF(L17="","",(L17*O17)) -> -4312004.8
C18: 세계 | D18: 1600 | F18: =IF(D18="","",(SUM($G$9))) -> 974.61771 | G18: =IF(D18="","",(SUM(E18)-F18)) -> -974.61771 | H18: =IF(D18="","",(D18*G18)) -> -1559388.3 | N18: =IF(L18="","",($G$10)) | O18: =IF(L18="","",(SUM(M18)-N18)) | P18: =IF(L18="","",(L18*O18))
F19: =IF(D19="","",(SUM($G$9))) | G19: =IF(D19="","",(SUM(E19)-F19)) | H19: =IF(D19="","",(D19*G19)) | N19: =IF(L19="","",($G$10)) | O19: =IF(L19="","",(SUM(M19)-N19)) | P19: =IF(L19="","",(L19*O19))
F20: =IF(D20="","",(SUM($G$9))) | G20: =IF(D20="","",(SUM(E20)-F20)) | H20: =IF(D20="","",(D20*G20)) | N20: =IF(L20="","",($G$10)) | O20: =IF(L20="","",(SUM(M20)-N20)) | P20: =IF(L20="","",(L20*O20))
F21: =IF(D21="","",(SUM($G$9))) | G21: =IF(D21="","",(SUM(E21)-F21)) | H21: =IF(D21="","",(D21*G21)) | N21: =IF(L21="","",($G$10)) | O21: =IF(L21="","",(SUM(M21)-N21)) | P21: =IF(L21="","",(L21*O21))
F22: =IF(D22="","",(SUM($G$9))) | G22: =IF(D22="","",(SUM(E22)-F22)) | H22: =IF(D22="","",(D22*G22)) | N22: =IF(L22="","",($G$10)) | O22: =IF(L22="","",(SUM(M22)-N22)) | P22: =IF(L22="","",(L22*O22))
B23: 소 계 | D23: =SUM(D16:D22) -> 9500 | H23: =SUM(H16:H22) -> -9258868.3 | J23: 소 계 | L23: =SUM(L16:L22) -> 3900 | P23: =SUM(P16:P22) -> -5605606.3
B26: 마 감 재 고 | G26: [단위:리터/원] | J26: 입 고 내 역 | O26: [단위:리터/원]
B27: 유종 | C27: 수량 | E27: 단가 | G27: 환산금액 | J27: 유종 | K27: 수량 | M27: 사입단가 | O27: 환산금액
B28: G | C28: 0 | E28: 0 | G28: 0 | J28: G | K28: 0 | O28: 0
B29: K | C29: =$E$9-$D$23 -> 74391 | E29: =$G$9 -> 974.61771 | G29: =C29*E29 -> 72502786 | J29: K | O29: =K29*M29 -> 0
B30: D | C30: =$E$10-$L$23 -> 125898 | E30: =$G$10 -> 1437.3349 | G30: =C30*E30 -> 1.8095759e+08 | J30: D | O30: =K30*M30 -> 0
B33: 복 합 단 가
B34: 유종 | C34: 수량 | E34: 금액 | G34: 복 합 단 가
B35: G | C35: 0 | E35: 0 | G35: 0
B36: K | C36: =$C$29+$K$29 -> 74391 | E36: =$G$29+$O$29-K36 -> 72502786 | G36: =E36/C36 -> 974.61771
B37: D | C37: =$C$30+$K$30 -> 125898 | E37: =$G$30+$O$30 -> 1.8095759e+08 | G37: =E37/C37 -> 1437.3349
B39: 재 고 현 황 | O39: [단위:리터/원]
C40: 전일 | F40: 금일 | N40: 복합단가 | O40: 증감
C41: 재고 | F41: 입고 | H41: 출고 | K41: 마 감 재 고 | M41: 재고율
B42: 휘발유 | P42: .
B43: 등 유 | C43: =SUM($E$9) -> 83891 | F43: =$K$29 -> 0 | H43: =$D$23 -> 9500 | K43: =$C$43-$H$43+$F$43+$O$43 -> 74391 | M43: =SUM($K$43)/$D$9 -> 0.371955 | N43: =$G$36 -> 974.61771
B44: 경 유 | C44: =SUM($E$10) -> 129798 | F44: =$K$30 -> 0 | H44: =$L$23 -> 3900 | K44: =$C$44-$H$44+$F$44+$O$44 -> 125898 | M44: =SUM($K$44)/D10 -> 0.251796 | N44: =$G$37 -> 1437.3349
G45: 복합단가의 재고수량과 단가는 보관물량 제외니 참고해주세요!

Sheet 0127
B1: ◈ KK저장소 복합단가 운영표 - 단지저장소
B5: 이 월 재 고 | G5: [단위:리터/원]
B7: 유종 | D7: 탱크용량 | E7: 재고수량 | F7: 재고율 | G7: 단가
C8: G | D8: 0 | E8: 0 | F8: 0 | G8: 0
C9: K | D9: 200000 | E9: =SUM('0126'!K43:L43) -> 74391 | F9: =E9/D9 -> 0.371955 | G9: =SUM('0126'!N43) -> 974.61771
C10: D | D10: 500000 | E10: =SUM('0126'!K44:L44) -> 125898 | F10: =E10/D10 -> 0.251796 | G10: =SUM('0126'!N44) -> 1437.3349
B13: 출고내역(K) | G13: [단위:리터/원] | J13: 출고내역(LD) | O13: [단위:리터/원]
B14: 유종 | C14: 일반매출(사내이관 포함) | J14: 유종 | K14: 일반매출(사내이관 포함)
C15: 거래처명 | D15: 수량 | E15: 출고단가 | F15: 재고단가 | G15: 단가차액 | H15: 이익 | K15: 거래처명 | L15: 수량 | M15: 출고단가 | N15: 재고단가 | O15: 단가차액 | P15: 이익
B16: 실내 등유 | C16: 영포석유 | D16: 3000 | F16: =IF(D16="","",(SUM($G$9))) -> 974.61771 | G16: =IF(D16="","",(SUM(E16)-F16)) -> -974.61771 | H16: =IF(D16="","",(D16*G16)) -> -2923853.1 | J16: 경유 | K16: 문덕 | L16: 3000 | N16: =IF(L16="","",($G$10)) -> 1437.3349 | O16: =IF(L16="","",(SUM(M16)-N16)) -> -1437.3349 | P16: =IF(L16="","",(L16*O16)) -> -4312004.8
F17: =IF(D17="","",(SUM($G$9))) | G17: =IF(D17="","",(SUM(E17)-F17)) | H17: =IF(D17="","",(D17*G17)) | K17: 세계 | L17: 3000 | N17: =IF(L17="","",($G$10)) -> 1437.3349 | O17: =IF(L17="","",(SUM(M17)-N17)) -> -1437.3349 | P17: =IF(L17="","",(L17*O17)) -> -4312004.8
F18: =IF(D18="","",(SUM($G$9))) | G18: =IF(D18="","",(SUM(E18)-F18)) | H18: =IF(D18="","",(D18*G18)) | N18: =IF(L18="","",($G$10)) | O18: =IF(L18="","",(SUM(M18)-N18)) | P18: =IF(L18="","",(L18*O18))
F19: =IF(D19="","",(SUM($G$9))) | G19: =IF(D19="","",(SUM(E19)-F19)) | H19: =IF(D19="","",(D19*G19)) | N19: =IF(L19="","",($G$10)) | O19: =IF(L19="","",(SUM(M19)-N19)) | P19: =IF(L19="","",(L19*O19))
F20: =IF(D20="","",(SUM($G$9))) | G20: =IF(D20="","",(SUM(E20)-F20)) | H20: =IF(D20="","",(D20*G20)) | N20: =IF(L20="","",($G$10)) | O20: =IF(L20="","",(SUM(M20)-N20)) | P20: =IF(L20="","",(L20*O20))
F21: =IF(D21="","",(SUM($G$9))) | G21: =IF(D21="","",(SUM(E21)-F21)) | H21: =IF(D21="","",(D21*G21)) | N21: =IF(L21="","",($G$10)) | O21: =IF(L21="","",(SUM(M21)-N21)) | P21: =IF(L21="","",(L21*O21))
F22: =IF(D22="","",(SUM($G$9))) | G22: =IF(D22="","",(SUM(E22)-F22)) | H22: =IF(D22="","",(D22*G22)) | N22: =IF(L22="","",($G$10)) | O22: =IF(L22="","",(SUM(M22)-N22)) | P22: =IF(L22="","",(L22*O22))
B23: 소 계 | D23: =SUM(D16:D22) -> 3000 | H23: =SUM(H16:H22) -> -2923853.1 | J23: 소 계 | L23: =SUM(L16:L22) -> 6000 | P23: =SUM(P16:P22) -> -8624009.7
B26: 마 감 재 고 | G26: [단위:리터/원] | J26: 입 고 내 역 | O26: [단위:리터/원]
B27: 유종 | C27: 수량 | E27: 단가 | G27: 환산금액 | J27: 유종 | K27: 수량 | M27: 사입단가 | O27: 환산금액
B28: G | C28: 0 | E28: 0 | G28: 0 | J28: G | K28: 0 | O28: 0
B29: K | C29: =$E$9-$D$23 -> 71391 | E29: =$G$9 -> 974.61771 | G29: =C29*E29 -> 69578933 | J29: K | O29: =K29*M29 -> 0
B30: D | C30: =$E$10-$L$23 -> 119898 | E30: =$G$10 -> 1437.3349 | G30: =C30*E30 -> 1.7233359e+08 | J30: D | O30: =K30*M30 -> 0
B33: 복 합 단 가
B34: 유종 | C34: 수량 | E34: 금액 | G34: 복 합 단 가
B35: G | C35: 0 | E35: 0 | G35: 0
B36: K | C36: =$C$29+$K$29 -> 71391 | E36: =$G$29+$O$29-K36 -> 69578933 | G36: =E36/C36 -> 974.61771
B37: D | C37: =$C$30+$K$30 -> 119898 | E37: =$G$30+$O$30 -> 1.7233359e+08 | G37: =E37/C37 -> 1437.3349
B39: 재 고 현 황 | O39: [단위:리터/원]
C40: 전일 | F40: 금일 | N40: 복합단가 | O40: 증감
C41: 재고 | F41: 입고 | H41: 출고 | K41: 마 감 재 고 | M41: 재고율
B42: 휘발유 | P42: .
B43: 등 유 | C43: =SUM($E$9) -> 74391 | F43: =$K$29 -> 0 | H43: =$D$23 -> 3000 | K43: =$C$43-$H$43+$F$43+$O$43 -> 71391 | M43: =SUM($K$43)/$D$9 -> 0.356955 | N43: =$G$36 -> 974.61771
B44: 경 유 | C44: =SUM($E$10) -> 125898 | F44: =$K$30 -> 0 | H44: =$L$23 -> 6000 | K44: =$C$44-$H$44+$F$44+$O$44 -> 119898 | M44: =SUM($K$44)/D10 -> 0.239796 | N44: =$G$37 -> 1437.3349
G45: 복합단가의 재고수량과 단가는 보관물량 제외니 참고해주세요!

Sheet 0128
B1: ◈ KK저장소 복합단가 운영표 - 단지저장소
B5: 이 월 재 고 | G5: [단위:리터/원]
B7: 유종 | D7: 탱크용량 | E7: 재고수량 | F7: 재고율 | G7: 단가
C8: G | D8: 0 | E8: 0 | F8: 0 | G8: 0
C9: K | D9: 200000 | E9: =SUM('0127'!K43:L43) -> 71391 | F9: =E9/D9 -> 0.356955 | G9: =SUM('0127'!N43) -> 974.61771
C10: D | D10: 500000 | E10: =SUM('0127'!K44:L44) -> 119898 | F10: =E10/D10 -> 0.239796 | G10: =SUM('0127'!N44) -> 1437.3349
B13: 출고내역(K) | G13: [단위:리터/원] | J13: 출고내역(LD) | O13: [단위:리터/원]
B14: 유종 | C14: 일반매출(사내이관 포함) | J14: 유종 | K14: 일반매출(사내이관 포함)
C15: 거래처명 | D15: 수량 | E15: 출고단가 | F15: 재고단가 | G15: 단가차액 | H15: 이익 | K15: 거래처명 | L15: 수량 | M15: 출고단가 | N15: 재고단가 | O15: 단가차액 | P15: 이익
B16: 실내 등유 | C16: 영포석유 | D16: 3000 | F16: =IF(D16="","",(SUM($G$9))) -> 974.61771 | G16: =IF(D16="","",(SUM(E16)-F16)) -> -974.61771 | H16: =IF(D16="","",(D16*G16)) -> -2923853.1 | J16: 경유 | K16: 문덕 | L16: 3000 | N16: =IF(L16="","",($G$10)) -> 1437.3349 | O16: =IF(L16="","",(SUM(M16)-N16)) -> -1437.3349 | P16: =IF(L16="","",(L16*O16)) -> -4312004.8
C17: 강변 | D17: 1400 | F17: =IF(D17="","",(SUM($G$9))) -> 974.61771 | G17: =IF(D17="","",(SUM(E17)-F17)) -> -974.61771 | H17: =IF(D17="","",(D17*G17)) -> -1364464.8 | K17: 세계 | L17: 3000 | N17: =IF(L17="","",($G$10)) -> 1437.3349 | O17: =IF(L17="","",(SUM(M17)-N17)) -> -1437.3349 | P17: =IF(L17="","",(L17*O17)) -> -4312004.8
C18: 장일석유 | D18: 2000 | F18: =IF(D18="","",(SUM($G$9))) -> 974.61771 | G18: =IF(D18="","",(SUM(E18)-F18)) -> -974.61771 | H18: =IF(D18="","",(D18*G18)) -> -1949235.4 | N18: =IF(L18="","",($G$10)) | O18: =IF(L18="","",(SUM(M18)-N18)) | P18: =IF(L18="","",(L18*O18))
F19: =IF(D19="","",(SUM($G$9))) | G19: =IF(D19="","",(SUM(E19)-F19)) | H19: =IF(D19="","",(D19*G19)) | N19: =IF(L19="","",($G$10)) | O19: =IF(L19="","",(SUM(M19)-N19)) | P19: =IF(L19="","",(L19*O19))
F20: =IF(D20="","",(SUM($G$9))) | G20: =IF(D20="","",(SUM(E20)-F20)) | H20: =IF(D20="","",(D20*G20)) | N20: =IF(L20="","",($G$10)) | O20: =IF(L20="","",(SUM(M20)-N20)) | P20: =IF(L20="","",(L20*O20))
F21: =IF(D21="","",(SUM($G$9))) | G21: =IF(D21="","",(SUM(E21)-F21)) | H21: =IF(D21="","",(D21*G21)) | N21: =IF(L21="","",($G$10)) | O21: =IF(L21="","",(SUM(M21)-N21)) | P21: =IF(L21="","",(L21*O21))
F22: =IF(D22="","",(SUM($G$9))) | G22: =IF(D22="","",(SUM(E22)-F22)) | H22: =IF(D22="","",(D22*G22)) | N22: =IF(L22="","",($G$10)) | O22: =IF(L22="","",(SUM(M22)-N22)) | P22: =IF(L22="","",(L22*O22))
B23: 소 계 | D23: =SUM(D16:D22) -> 6400 | H23: =SUM(H16:H22) -> -6237553.4 | J23: 소 계 | L23: =SUM(L16:L22) -> 6000 | P23: =SUM(P16:P22) -> -8624009.7
B26: 마 감 재 고 | G26: [단위:리터/원] | J26: 입 고 내 역 | O26: [단위:리터/원]
B27: 유종 | C27: 수량 | E27: 단가 | G27: 환산금액 | J27: 유종 | K27: 수량 | M27: 사입단가 | O27: 환산금액
B28: G | C28: 0 | E28: 0 | G28: 0 | J28: G | K28: 0 | O28: 0
B29: K | C29: =$E$9-$D$23 -> 64991 | E29: =$G$9 -> 974.61771 | G29: =C29*E29 -> 63341380 | J29: K | O29: =K29*M29 -> 0
B30: D | C30: =$E$10-$L$23 -> 113898 | E30: =$G$10 -> 1437.3349 | G30: =C30*E30 -> 1.6370958e+08 | J30: D | O30: =K30*M30 -> 0
B33: 복 합 단 가
B34: 유종 | C34: 수량 | E34: 금액 | G34: 복 합 단 가
B35: G | C35: 0 | E35: 0 | G35: 0
B36: K | C36: =$C$29+$K$29 -> 64991 | E36: =$G$29+$O$29-K36 -> 63341380 | G36: =E36/C36 -> 974.61771
B37: D | C37: =$C$30+$K$30 -> 113898 | E37: =$G$30+$O$30 -> 1.6370958e+08 | G37: =E37/C37 -> 1437.3349
B39: 재 고 현 황 | O39: [단위:리터/원]
C40: 전일 | F40: 금일 | N40: 복합단가 | O40: 증감
C41: 재고 | F41: 입고 | H41: 출고 | K41: 마 감 재 고 | M41: 재고율
B42: 휘발유 | P42: .
B43: 등 유 | C43: =SUM($E$9) -> 71391 | F43: =$K$29 -> 0 | H43: =$D$23 -> 6400 | K43: =$C$43-$H$43+$F$43+$O$43 -> 64991 | M43: =SUM($K$43)/$D$9 -> 0.324955 | N43: =$G$36 -> 974.61771
B44: 경 유 | C44: =SUM($E$10) -> 119898 | F44: =$K$30 -> 0 | H44: =$L$23 -> 6000 | K44: =$C$44-$H$44+$F$44+$O$44 -> 113898 | M44: =SUM($K$44)/D10 -> 0.227796 | N44: =$G$37 -> 1437.3349
G45: 복합단가의 재고수량과 단가는 보관물량 제외니 참고해주세요!

Sheet 0129
B1: ◈ KK저장소 복합단가 운영표 - 단지저장소
B5: 이 월 재 고 | G5: [단위:리터/원]
B7: 유종 | D7: 탱크용량 | E7: 재고수량 | F7: 재고율 | G7: 단가
C8: G | D8: 0 | E8: 0 | F8: 0 | G8: 0
C9: K | D9: 200000 | E9: =SUM('0128'!K43:L43) -> 64991 | F9: =E9/D9 -> 0.324955 | G9: =SUM('0128'!N43) -> 974.61771
C10: D | D10: 500000 | E10: =SUM('0128'!K44:L44) -> 113898 | F10: =E10/D10 -> 0.227796 | G10: =SUM('0128'!N44) -> 1437.3349
B13: 출고내역(K) | G13: [단위:리터/원] | J13: 출고내역(LD) | O13: [단위:리터/원]
B14: 유종 | C14: 일반매출(사내이관 포함) | J14: 유종 | K14: 일반매출(사내이관 포함)
C15: 거래처명 | D15: 수량 | E15: 출고단가 | F15: 재고단가 | G15: 단가차액 | H15: 이익 | K15: 거래처명 | L15: 수량 | M15: 출고단가 | N15: 재고단가 | O15: 단가차액 | P15: 이익
B16: 실내 등유 | C16: 영포석유 | D16: 3000 | F16: =IF(D16="","",(SUM($G$9))) -> 974.61771 | G16: =IF(D16="","",(SUM(E16)-F16)) -> -974.61771 | H16: =IF(D16="","",(D16*G16)) -> -2923853.1 | J16: 경유 | K16: 문덕 | L16: 3000 | N16: =IF(L16="","",($G$10)) -> 1437.3349 | O16: =IF(L16="","",(SUM(M16)-N16)) -> -1437.3349 | P16: =IF(L16="","",(L16*O16)) -> -4312004.8
F17: =IF(D17="","",(SUM($G$9))) | G17: =IF(D17="","",(SUM(E17)-F17)) | H17: =IF(D17="","",(D17*G17)) | K17: 세계 | L17: 3000 | N17: =IF(L17="","",($G$10)) -> 1437.3349 | O17: =IF(L17="","",(SUM(M17)-N17)) -> -1437.3349 | P17: =IF(L17="","",(L17*O17)) -> -4312004.8
F18: =IF(D18="","",(SUM($G$9))) | G18: =IF(D18="","",(SUM(E18)-F18)) | H18: =IF(D18="","",(D18*G18)) | N18: =IF(L18="","",($G$10)) | O18: =IF(L18="","",(SUM(M18)-N18)) | P18: =IF(L18="","",(L18*O18))
F19: =IF(D19="","",(SUM($G$9))) | G19: =IF(D19="","",(SUM(E19)-F19)) | H19: =IF(D19="","",(D19*G19)) | N19: =IF(L19="","",($G$10)) | O19: =IF(L19="","",(SUM(M19)-N19)) | P19: =IF(L19="","",(L19*O19))
F20: =IF(D20="","",(SUM($G$9))) | G20: =IF(D20="","",(SUM(E20)-F20)) | H20: =IF(D20="","",(D20*G20)) | N20: =IF(L20="","",($G$10)) | O20: =IF(L20="","",(SUM(M20)-N20)) | P20: =IF(L20="","",(L20*O20))
F21: =IF(D21="","",(SUM($G$9))) | G21: =IF(D21="","",(SUM(E21)-F21)) | H21: =IF(D21="","",(D21*G21)) | N21: =IF(L21="","",($G$10)) | O21: =IF(L21="","",(SUM(M21)-N21)) | P21: =IF(L21="","",(L21*O21))
F22: =IF(D22="","",(SUM($G$9))) | G22: =IF(D22="","",(SUM(E22)-F22)) | H22: =IF(D22="","",(D22*G22)) | N22: =IF(L22="","",($G$10)) | O22: =IF(L22="","",(SUM(M22)-N22)) | P22: =IF(L22="","",(L22*O22))
B23: 소 계 | D23: =SUM(D16:D22) -> 3000 | H23: =SUM(H16:H22) -> -2923853.1 | J23: 소 계 | L23: =SUM(L16:L22) -> 6000 | P23: =SUM(P16:P22) -> -8624009.7
B26: 마 감 재 고 | G26: [단위:리터/원] | J26: 입 고 내 역 | O26: [단위:리터/원]
B27: 유종 | C27: 수량 | E27: 단가 | G27: 환산금액 | J27: 유종 | K27: 수량 | M27: 사입단가 | O27: 환산금액
B28: G | C28: 0 | E28: 0 | G28: 0 | J28: G | K28: 0 | O28: 0
B29: K | C29: =$E$9-$D$23 -> 61991 | E29: =$G$9 -> 974.61771 | G29: =C29*E29 -> 60417527 | J29: K | O29: =K29*M29 -> 0
B30: D | C30: =$E$10-$L$23 -> 107898 | E30: =$G$10 -> 1437.3349 | G30: =C30*E30 -> 1.5508557e+08 | J30: D | O30: =K30*M30 -> 0
B33: 복 합 단 가
B34: 유종 | C34: 수량 | E34: 금액 | G34: 복 합 단 가
B35: G | C35: 0 | E35: 0 | G35: 0
B36: K | C36: =$C$29+$K$29 -> 61991 | E36: =$G$29+$O$29-K36 -> 60417527 | G36: =E36/C36 -> 974.61771
B37: D | C37: =$C$30+$K$30 -> 107898 | E37: =$G$30+$O$30 -> 1.5508557e+08 | G37: =E37/C37 -> 1437.3349
B39: 재 고 현 황 | O39: [단위:리터/원]
C40: 전일 | F40: 금일 | N40: 복합단가 | O40: 증감
C41: 재고 | F41: 입고 | H41: 출고 | K41: 마 감 재 고 | M41: 재고율
B42: 휘발유 | P42: .
B43: 등 유 | C43: =SUM($E$9) -> 64991 | F43: =$K$29 -> 0 | H43: =$D$23 -> 3000 | K43: =$C$43-$H$43+$F$43+$O$43 -> 61991 | M43: =SUM($K$43)/$D$9 -> 0.309955 | N43: =$G$36 -> 974.61771
B44: 경 유 | C44: =SUM($E$10) -> 113898 | F44: =$K$30 -> 0 | H44: =$L$23 -> 6000 | K44: =$C$44-$H$44+$F$44+$O$44 -> 107898 | M44: =SUM($K$44)/D10 -> 0.215796 | N44: =$G$37 -> 1437.3349
G45: 복합단가의 재고수량과 단가는 보관물량 제외니 참고해주세요!

Sheet 0130
B1: ◈ KK저장소 복합단가 운영표 - 단지저장소
B5: 이 월 재 고 | G5: [단위:리터/원]
B7: 유종 | D7: 탱크용량 | E7: 재고수량 | F7: 재고율 | G7: 단가
C8: G | D8: 0 | E8: 0 | F8: 0 | G8: 0
C9: K | D9: 200000 | E9: =SUM('0129'!K43:L43) -> 61991 | F9: =E9/D9 -> 0.309955 | G9: =SUM('0129'!N43) -> 974.61771
C10: D | D10: 500000 | E10: =SUM('0129'!K44:L44) -> 107898 | F10: =E10/D10 -> 0.215796 | G10: =SUM('0129'!N44) -> 1437.3349
B13: 출고내역(K) | G13: [단위:리터/원] | J13: 출고내역(LD) | O13: [단위:리터/원]
B14: 유종 | C14: 일반매출(사내이관 포함) | J14: 유종 | K14: 일반매출(사내이관 포함)
C15: 거래처명 | D15: 수량 | E15: 출고단가 | F15: 재고단가 | G15: 단가차액 | H15: 이익 | K15: 거래처명 | L15: 수량 | M15: 출고단가 | N15: 재고단가 | O15: 단가차액 | P15: 이익
B16: 실내 등유 | F16: =IF(D16="","",(SUM($G$9))) | G16: =IF(D16="","",(SUM(E16)-F16)) | H16: =IF(D16="","",(D16*G16)) | J16: 경유 | K16: 영포석유 | L16: 1000 | N16: =IF(L16="","",($G$10)) -> 1437.3349 | O16: =IF(L16="","",(SUM(M16)-N16)) -> -1437.3349 | P16: =IF(L16="","",(L16*O16)) -> -1437334.9
F17: =IF(D17="","",(SUM($G$9))) | G17: =IF(D17="","",(SUM(E17)-F17)) | H17: =IF(D17="","",(D17*G17)) | K17: 문덕 | L17: 6000 | N17: =IF(L17="","",($G$10)) -> 1437.3349 | O17: =IF(L17="","",(SUM(M17)-N17)) -> -1437.3349 | P17: =IF(L17="","",(L17*O17)) -> -8624009.7
F18: =IF(D18="","",(SUM($G$9))) | G18: =IF(D18="","",(SUM(E18)-F18)) | H18: =IF(D18="","",(D18*G18)) | K18: 세계 | L18: 2400 | N18: =IF(L18="","",($G$10)) -> 1437.3349 | O18: =IF(L18="","",(SUM(M18)-N18)) -> -1437.3349 | P18: =IF(L18="","",(L18*O18)) -> -3449603.9
F19: =IF(D19="","",(SUM($G$9))) | G19: =IF(D19="","",(SUM(E19)-F19)) | H19: =IF(D19="","",(D19*G19)) | N19: =IF(L19="","",($G$10)) | O19: =IF(L19="","",(SUM(M19)-N19)) | P19: =IF(L19="","",(L19*O19))
F20: =IF(D20="","",(SUM($G$9))) | G20: =IF(D20="","",(SUM(E20)-F20)) | H20: =IF(D20="","",(D20*G20)) | N20: =IF(L20="","",($G$10)) | O20: =IF(L20="","",(SUM(M20)-N20)) | P20: =IF(L20="","",(L20*O20))
F21: =IF(D21="","",(SUM($G$9))) | G21: =IF(D21="","",(SUM(E21)-F21)) | H21: =IF(D21="","",(D21*G21)) | N21: =IF(L21="","",($G$10)) | O21: =IF(L21="","",(SUM(M21)-N21)) | P21: =IF(L21="","",(L21*O21))
F22: =IF(D22="","",(SUM($G$9))) | G22: =IF(D22="","",(SUM(E22)-F22)) | H22: =IF(D22="","",(D22*G22)) | N22: =IF(L22="","",($G$10)) | O22: =IF(L22="","",(SUM(M22)-N22)) | P22: =IF(L22="","",(L22*O22))
B23: 소 계 | D23: =SUM(D16:D22) -> 0 | H23: =SUM(H16:H22) -> 0 | J23: 소 계 | L23: =SUM(L16:L22) -> 9400 | P23: =SUM(P16:P22) -> -13510948
B26: 마 감 재 고 | G26: [단위:리터/원] | J26: 입 고 내 역 | O26: [단위:리터/원]
B27: 유종 | C27: 수량 | E27: 단가 | G27: 환산금액 | J27: 유종 | K27: 수량 | M27: 사입단가 | O27: 환산금액
B28: G | C28: 0 | E28: 0 | G28: 0 | J28: G | K28: 0 | O28: 0
B29: K | C29: =$E$9-$D$23 -> 61991 | E29: =$G$9 -> 974.61771 | G29: =C29*E29 -> 60417527 | J29: K | K29: 64000 | M29: 1009.5 | O29: =K29*M29 -> 64608000
B30: D | C30: =$E$10-$L$23 -> 98498 | E30: =$G$10 -> 1437.3349 | G30: =C30*E30 -> 1.4157462e+08 | J30: D | K30: 32218 | M30: 1494.65 | O30: =K30*M30 -> 48154634
B33: 복 합 단 가
B34: 유종 | C34: 수량 | E34: 금액 | G34: 복 합 단 가
B35: G | C35: 0 | E35: 0 | G35: 0
B36: K | C36: =$C$29+$K$29 -> 125991 | E36: =$G$29+$O$29-K36 -> 1.2502553e+08 | G36: =E36/C36 -> 992.33697
B37: D | C37: =$C$30+$K$30 -> 130716 | E37: =$G$30+$O$30 -> 1.8972925e+08 | G37: =E37/C37 -> 1451.4616
B39: 재 고 현 황 | O39: [단위:리터/원]
C40: 전일 | F40: 금일 | N40: 복합단가 | O40: 증감
C41: 재고 | F41: 입고 | H41: 출고 | K41: 마 감 재 고 | M41: 재고율
B42: 휘발유 | P42: .
B43: 등 유 | C43: =SUM($E$9) -> 61991 | F43: =$K$29 -> 64000 | H43: =$D$23 -> 0 | K43: =$C$43-$H$43+$F$43+$O$43 -> 125991 | M43: =SUM($K$43)/$D$9 -> 0.629955 | N43: =$G$36 -> 992.33697
B44: 경 유 | C44: =SUM($E$10) -> 107898 | F44: =$K$30 -> 32218 | H44: =$L$23 -> 9400 | K44: =$C$44-$H$44+$F$44+$O$44 -> 130716 | M44: =SUM($K$44)/D10 -> 0.261432 | N44: =$G$37 -> 1451.4616
G45: 복합단가의 재고수량과 단가는 보관물량 제외니 참고해주세요!

Sheet 0131
B1: ◈ KK저장소 복합단가 운영표 - 단지저장소
B5: 이 월 재 고 | G5: [단위:리터/원]
B7: 유종 | D7: 탱크용량 | E7: 재고수량 | F7: 재고율 | G7: 단가
C8: G | D8: 0 | E8: 0 | F8: 0 | G8: 0
C9: K | D9: 200000 | E9: =SUM('0130'!K43:L43) -> 125991 | F9: =E9/D9 -> 0.629955 | G9: =SUM('0130'!N43) -> 992.33697
C10: D | D10: 500000 | E10: =SUM('0130'!K44:L44) -> 130716 | F10: =E10/D10 -> 0.261432 | G10: =SUM('0130'!N44) -> 1451.4616
B13: 출고내역(K) | G13: [단위:리터/원] | J13: 출고내역(LD) | O13: [단위:리터/원]
B14: 유종 | C14: 일반매출(사내이관 포함) | J14: 유종 | K14: 일반매출(사내이관 포함)
C15: 거래처명 | D15: 수량 | E15: 출고단가 | F15: 재고단가 | G15: 단가차액 | H15: 이익 | K15: 거래처명 | L15: 수량 | M15: 출고단가 | N15: 재고단가 | O15: 단가차액 | P15: 이익
B16: 실내 등유 | C16: 신라 | D16: 24000 | F16: =IF(D16="","",(SUM($G$9))) -> 992.33697 | G16: =IF(D16="","",(SUM(E16)-F16)) -> -992.33697 | H16: =IF(D16="","",(D16*G16)) -> -23816087 | J16: 경유 | K16: 세계 | L16: 3000 | N16: =IF(L16="","",($G$10)) -> 1451.4616 | O16: =IF(L16="","",(SUM(M16)-N16)) -> -1451.4616 | P16: =IF(L16="","",(L16*O16)) -> -4354384.7
F17: =IF(D17="","",(SUM($G$9))) | G17: =IF(D17="","",(SUM(E17)-F17)) | H17: =IF(D17="","",(D17*G17)) | N17: =IF(L17="","",($G$10)) | O17: =IF(L17="","",(SUM(M17)-N17)) | P17: =IF(L17="","",(L17*O17))
F18: =IF(D18="","",(SUM($G$9))) | G18: =IF(D18="","",(SUM(E18)-F18)) | H18: =IF(D18="","",(D18*G18)) | N18: =IF(L18="","",($G$10)) | O18: =IF(L18="","",(SUM(M18)-N18)) | P18: =IF(L18="","",(L18*O18))
F19: =IF(D19="","",(SUM($G$9))) | G19: =IF(D19="","",(SUM(E19)-F19)) | H19: =IF(D19="","",(D19*G19)) | N19: =IF(L19="","",($G$10)) | O19: =IF(L19="","",(SUM(M19)-N19)) | P19: =IF(L19="","",(L19*O19))
F20: =IF(D20="","",(SUM($G$9))) | G20: =IF(D20="","",(SUM(E20)-F20)) | H20: =IF(D20="","",(D20*G20)) | N20: =IF(L20="","",($G$10)) | O20: =IF(L20="","",(SUM(M20)-N20)) | P20: =IF(L20="","",(L20*O20))
F21: =IF(D21="","",(SUM($G$9))) | G21: =IF(D21="","",(SUM(E21)-F21)) | H21: =IF(D21="","",(D21*G21)) | N21: =IF(L21="","",($G$10)) | O21: =IF(L21="","",(SUM(M21)-N21)) | P21: =IF(L21="","",(L21*O21))
F22: =IF(D22="","",(SUM($G$9))) | G22: =IF(D22="","",(SUM(E22)-F22)) | H22: =IF(D22="","",(D22*G22)) | N22: =IF(L22="","",($G$10)) | O22: =IF(L22="","",(SUM(M22)-N22)) | P22: =IF(L22="","",(L22*O22))
B23: 소 계 | D23: =SUM(D16:D22) -> 24000 | H23: =SUM(H16:H22) -> -23816087 | J23: 소 계 | L23: =SUM(L16:L22) -> 3000 | P23: =SUM(P16:P22) -> -4354384.7
B26: 마 감 재 고 | G26: [단위:리터/원] | J26: 입 고 내 역 | O26: [단위:리터/원]
B27: 유종 | C27: 수량 | E27: 단가 | G27: 환산금액 | J27: 유종 | K27: 수량 | M27: 사입단가 | O27: 환산금액
B28: G | C28: 0 | E28: 0 | G28: 0 | J28: G | K28: 0 | O28: 0
B29: K | C29: =$E$9-$D$23 -> 101991 | E29: =$G$9 -> 992.33697 | G29: =C29*E29 -> 1.0120944e+08 | J29: K | O29: =K29*M29 -> 0
B30: D | C30: =$E$10-$L$23 -> 127716 | E30: =$G$10 -> 1451.4616 | G30: =C30*E30 -> 1.8537487e+08 | J30: D | K30: 32000 | M30: 1475.1 | O30: =K30*M30 -> 47203200
B33: 복 합 단 가
B34: 유종 | C34: 수량 | E34: 금액 | G34: 복 합 단 가
B35: G | C35: 0 | E35: 0 | G35: 0
B36: K | C36: =$C$29+$K$29 -> 101991 | E36: =$G$29+$O$29-K36 -> 1.0120944e+08 | G36: =E36/C36 -> 992.33697
B37: D | C37: =$C$30+$K$30 -> 159716 | E37: =$G$30+$O$30 -> 2.3257807e+08 | G37: =E37/C37 -> 1456.1977
B39: 재 고 현 황 | O39: [단위:리터/원]
C40: 전일 | F40: 금일 | N40: 복합단가 | O40: 증감
C41: 재고 | F41: 입고 | H41: 출고 | K41: 마 감 재 고 | M41: 재고율
B42: 휘발유 | P42: .
B43: 등 유 | C43: =SUM($E$9) -> 125991 | F43: =$K$29 -> 0 | H43: =$D$23 -> 24000 | K43: =$C$43-$H$43+$F$43+$O$43 -> 101991 | M43: =SUM($K$43)/$D$9 -> 0.509955 | N43: =$G$36 -> 992.33697
B44: 경 유 | C44: =SUM($E$10) -> 130716 | F44: =$K$30 -> 32000 | H44: =$L$23 -> 3000 | K44: =$C$44-$H$44+$F$44+$O$44 -> 159716 | M44: =SUM($K$44)/D10 -> 0.319432 | N44: =$G$37 -> 1456.1977
G45: 복합단가의 재고수량과 단가는 보관물량 제외니 참고해주세요!

Sheet 0202
B1: ◈ KK저장소 복합단가 운영표 - 단지저장소
B5: 이 월 재 고 | G5: [단위:리터/원]
B7: 유종 | D7: 탱크용량 | E7: 재고수량 | F7: 재고율 | G7: 단가
C8: G | D8: 0 | E8: 0 | F8: 0 | G8: 0
C9: K | D9: 200000 | E9: =SUM('0131'!K43:L43) -> 101991 | F9: =E9/D9 -> 0.509955 | G9: =SUM('0131'!N43) -> 992.33697
C10: D | D10: 500000 | E10: =SUM('0131'!K44:L44) -> 159716 | F10: =E10/D10 -> 0.319432 | G10: =SUM('0131'!N44) -> 1456.1977
B13: 출고내역(K) | G13: [단위:리터/원] | J13: 출고내역(LD) | O13: [단위:리터/원]
B14: 유종 | C14: 일반매출(사내이관 포함) | J14: 유종 | K14: 일반매출(사내이관 포함)
C15: 거래처명 | D15: 수량 | E15: 출고단가 | F15: 재고단가 | G15: 단가차액 | H15: 이익 | K15: 거래처명 | L15: 수량 | M15: 출고단가 | N15: 재고단가 | O15: 단가차액 | P15: 이익
B16: 실내 등유 | C16: 영포석유 | D16: 3000 | F16: =IF(D16="","",(SUM($G$9))) -> 992.33697 | G16: =IF(D16="","",(SUM(E16)-F16)) -> -992.33697 | H16: =IF(D16="","",(D16*G16)) -> -2977010.9 | J16: 경유 | K16: 세계 | L16: 6000 | N16: =IF(L16="","",($G$10)) -> 1456.1977 | O16: =IF(L16="","",(SUM(M16)-N16)) -> -1456.1977 | P16: =IF(L16="","",(L16*O16)) -> -8737186
C17: 세계 | D17: 3000 | F17: =IF(D17="","",(SUM($G$9))) -> 992.33697 | G17: =IF(D17="","",(SUM(E17)-F17)) -> -992.33697 | H17: =IF(D17="","",(D17*G17)) -> -2977010.9 | N17: =IF(L17="","",($G$10)) | O17: =IF(L17="","",(SUM(M17)-N17)) | P17: =IF(L17="","",(L17*O17))
C18: 장일석유 | D18: 2100 | F18: =IF(D18="","",(SUM($G$9))) -> 992.33697 | G18: =IF(D18="","",(SUM(E18)-F18)) -> -992.33697 | H18: =IF(D18="","",(D18*G18)) -> -2083907.6 | N18: =IF(L18="","",($G$10)) | O18: =IF(L18="","",(SUM(M18)-N18)) | P18: =IF(L18="","",(L18*O18))
C19: 동해안 | D19: 1000 | F19: =IF(D19="","",(SUM($G$9))) -> 992.33697 | G19: =IF(D19="","",(SUM(E19)-F19)) -> -992.33697 | H19: =IF(D19="","",(D19*G19)) -> -992336.97 | N19: =IF(L19="","",($G$10)) | O19: =IF(L19="","",(SUM(M19)-N19)) | P19: =IF(L19="","",(L19*O19))
F20: =IF(D20="","",(SUM($G$9))) | G20: =IF(D20="","",(SUM(E20)-F20)) | H20: =IF(D20="","",(D20*G20)) | N20: =IF(L20="","",($G$10)) | O20: =IF(L20="","",(SUM(M20)-N20)) | P20: =IF(L20="","",(L20*O20))
F21: =IF(D21="","",(SUM($G$9))) | G21: =IF(D21="","",(SUM(E21)-F21)) | H21: =IF(D21="","",(D21*G21)) | N21: =IF(L21="","",($G$10)) | O21: =IF(L21="","",(SUM(M21)-N21)) | P21: =IF(L21="","",(L21*O21))
F22: =IF(D22="","",(SUM($G$9))) | G22: =IF(D22="","",(SUM(E22)-F22)) | H22: =IF(D22="","",(D22*G22)) | N22: =IF(L22="","",($G$10)) | O22: =IF(L22="","",(SUM(M22)-N22)) | P22: =IF(L22="","",(L22*O22))
B23: 소 계 | D23: =SUM(D16:D22) -> 9100 | H23: =SUM(H16:H22) -> -9030266.4 | J23: 소 계 | L23: =SUM(L16:L22) -> 6000 | P23: =SUM(P16:P22) -> -8737186
B26: 마 감 재 고 | G26: [단위:리터/원] | J26: 입 고 내 역 | O26: [단위:리터/원]
B27: 유종 | C27: 수량 | E27: 단가 | G27: 환산금액 | J27: 유종 | K27: 수량 | M27: 사입단가 | O27: 환산금액
B28: G | C28: 0 | E28: 0 | G28: 0 | J28: G | K28: 0 | O28: 0
