Workbook

Sheet 1203
B1: ◈ KK저장소 복합단가 운영표 - 침산저장소
B5: 이 월 재 고 | G5: [단위:리터/원]
B7: 유종 | D7: 탱크용량 | E7: 재고수량 | F7: 재고율 | G7: 단가
C8: G | D8: 0 | E8: 0 | F8: 0 | G8: 0
C9: K | D9: 0 | E9: 0 | G9: #DIV/0!
C10: D | D10: 800000 | E10: 135149 | G10: 1457.9272
B13: 출고내역(K) | G13: [단위:리터/원] | J13: 출고내역(LD) | O13: [단위:리터/원]
B14: 유종 | C14: 일반매출(사내이관 포함) | J14: 유종 | K14: 일반매출(사내이관 포함)
C15: 거래처명 | D15: 수량 | E15: 출고단가 | F15: 재고단가 | G15: 단가차액 | H15: 이익 | K15: 거래처명 | L15: 수량 | M15: 출고단가 | N15: 재고단가 | O15: 단가차액 | P15: 이익
B16: 실내 등유 | J16: 경유 | L16: 8000 | N16: 1457.9272 | O16: -1457.9272 | P16: -11663418
B23: 소 계 | D23: 0 | H23: 0 | J23: 소 계 | L23: 8000 | P23: -11663418
B26: 마 감 재 고 | G26: [단위:리터/원] | J26: 입 고 내 역 | O26: [단위:리터/원]
B27: 유종 | C27: 수량 | E27: 단가 | G27: 환산금액 | J27: 유종 | K27: 수량 | M27: 사입단가 | O27: 환산금액
B28: G | C28: 0 | E28: 0 | G28: 0 | J28: G | K28: 0 | M28: 0 | O28: 0
B29: K | C29: 0 | E29: #DIV/0! | G29: #DIV/0! | J29: K | O29: 0
B30: D | C30: 127149 | E30: 1457.9272 | G30: 1.8537399e+08 | J30: D | O30: 0
B33: 복 합 단 가
B34: 유종 | C34: 수량 | E34: 금액 | G34: 복 합 단 가
B35: G | C35: 0 | E35: 0 | G35: 0 | R35: 별도 보관물량(국세청 제외)
B36: K | C36: 0 | E36: #DIV/0! | G36: #DIV/0!
B37: D | C37: 127149 | E37: 1.8537399e+08 | G37: 1457.9272
B39: 재 고 현 황 | O39: [단위:리터/원]
C40: 전일 | F40: 금일 | N40: 복합단가 | O40: 증감
C41: 재고 | F41: 입고 | H41: 출고 | K41: 마 감 재 고 | M41: 재고율
B42: 휘발유
B43: 등 유 | C43: 0 | F43: 0 | H43: 0 | K43: 0 | M43: #DIV/0! | N43: #DIV/0!
B44: 경 유 | C44: 135149 | F44: 0 | H44: 8000 | K44: 126264 | M44: 0.15783 | N44: 1457.9272 | O44: -885
G45: 복합단가의 재고수량과 단가는 보관물량 제외니 참고해주세요!

Sheet 1211
B1: ◈ KK저장소 복합단가 운영표 - 침산저장소
B5: 이 월 재 고 | G5: [단위:리터/원]
B7: 유종 | D7: 탱크용량 | E7: 재고수량 | F7: 재고율 | G7: 단가
C8: G | D8: 0 | E8: 0 | F8: 0 | G8: 0
C9: K | D9: 0 | E9: =SUM(#REF!) -> #REF! | G9: =SUM(#REF!) -> #REF!
C10: D | D10: 800000 | E10: =SUM('1203'!K44:L44) -> 126264 | G10: =SUM('1203'!N44) -> 1457.9272
B13: 출고내역(K) | G13: [단위:리터/원] | J13: 출고내역(LD) | O13: [단위:리터/원]
B14: 유종 | C14: 일반매출(사내이관 포함) | J14: 유종 | K14: 일반매출(사내이관 포함)
C15: 거래처명 | D15: 수량 | E15: 출고단가 | F15: 재고단가 | G15: 단가차액 | H15: 이익 | K15: 거래처명 | L15: 수량 | M15: 출고단가 | N15: 재고단가 | O15: 단가차액 | P15: 이익
B16: 실내 등유 | F16: =IF(D16="","",(SUM($G$9))) | G16: =IF(D16="","",(SUM(E16)-F16)) | H16: =IF(D16="","",(D16*G16)) | J16: 경유 | N16: =IF(L16="","",($G$10)) | O16: =IF(L16="","",(SUM(M16)-N16)) | P16: =IF(L16="","",(L16*O16))
F17: =IF(D17="","",(SUM($G$9))) | G17: =IF(D17="","",(SUM(E17)-F17)) | H17: =IF(D17="","",(D17*G17)) | N17: =IF(L17="","",($G$10)) | O17: =IF(L17="","",(SUM(M17)-N17)) | P17: =IF(L17="","",(L17*O17))
F18: =IF(D18="","",(SUM($G$9))) | G18: =IF(D18="","",(SUM(E18)-F18)) | H18: =IF(D18="","",(D18*G18)) | N18: =IF(L18="","",($G$10)) | O18: =IF(L18="","",(SUM(M18)-N18)) | P18: =IF(L18="","",(L18*O18))
F19: =IF(D19="","",(SUM($G$9))) | G19: =IF(D19="","",(SUM(E19)-F19)) | H19: =IF(D19="","",(D19*G19)) | N19: =IF(L19="","",($G$10)) | O19: =IF(L19="","",(SUM(M19)-N19)) | P19: =IF(L19="","",(L19*O19))
F20: =IF(D20="","",(SUM($G$9))) | G20: =IF(D20="","",(SUM(E20)-F20)) | H20: =IF(D20="","",(D20*G20)) | N20: =IF(L20="","",($G$10)) | O20: =IF(L20="","",(SUM(M20)-N20)) | P20: =IF(L20="","",(L20*O20))
F21: =IF(D21="","",(SUM($G$9))) | G21: =IF(D21="","",(SUM(E21)-F21)) | H21: =IF(D21="","",(D21*G21)) | N21: =IF(L21="","",($G$10)) | O21: =IF(L21="","",(SUM(M21)-N21)) | P21: =IF(L21="","",(L21*O21))
F22: =IF(D22="","",(SUM($G$9))) | G22: =IF(D22="","",(SUM(E22)-F22)) | H22: =IF(D22="","",(D22*G22)) | N22: =IF(L22="","",($G$10)) | O22: =IF(L22="","",(SUM(M22)-N22)) | P22: =IF(L22="","",(L22*O22))
B23: 소 계 | D23: =SUM(D16:D22) -> 0 | H23: =SUM(H16:H22) -> 0 | J23: 소 계 | L23: =SUM(L16:L22) -> 0 | P23: =SUM(P16:P22) -> 0
B26: 마 감 재 고 | G26: [단위:리터/원] | J26: 입 고 내 역 | O26: [단위:리터/원]
B27: 유종 | C27: 수량 | E27: 단가 | G27: 환산금액 | J27: 유종 | K27: 수량 | M27: 사입단가 | O27: 환산금액
B28: G | C28: 0 | E28: 0 | G28: 0 | J28: G | K28: 0 | M28: 0 | O28: 0
B29: K | C29: =$E$9-$D$23 -> #REF! | E29: =$G$9 -> #REF! | G29: =C29*E29 -> #REF! | J29: K | O29: =K29*M29 -> 0
B30: D | C30: =$E$10-$L$23 -> 126264 | E30: =$G$10 -> 1457.9272 | G30: =C30*E30 -> 1.8408372e+08 | J30: D | K30: 60000 | M30: 1453.1 | O30: =K30*M30 -> 87186000
B33: 복 합 단 가
B34: 유종 | C34: 수량 | E34: 금액 | G34: 복 합 단 가
B35: G | C35: 0 | E35: 0 | G35: 0 | R35: 별도 보관물량(국세청 제외)
B36: K | C36: =$C$29+$K$29 -> #REF! | E36: =$G$29+$O$29 -> #REF! | G36: =E36/C36 -> #REF!
B37: D | C37: =$C$30+$K$30 -> 186264 | E37: =$G$30+$O$30-K37 -> 2.7126972e+08 | G37: =E37/C37 -> 1456.3722
B39: 재 고 현 황 | O39: [단위:리터/원]
C40: 전일 | F40: 금일 | N40: 복합단가 | O40: 증감
C41: 재고 | F41: 입고 | H41: 출고 | K41: 마 감 재 고 | M41: 재고율
B42: 휘발유
B43: 등 유 | C43: =SUM($E$9) -> #REF! | F43: =$K$29 -> 0 | H43: =$D$23 -> 0 | K43: =$C$43-$H$43+$F$43+$O$43 -> #REF! | M43: =SUM($K$43)/$D$9 -> #REF! | N43: =$G$36 -> #REF!
B44: 경 유 | C44: =SUM($E$10) -> 126264 | F44: =$K$30 -> 60000 | H44: =$L$23 -> 0 | K44: =$C$44-$H$44+$F$44+$O$44 -> 186264 | M44: =SUM($K$44)/D10 -> 0.23283 | N44: =$G$37 -> 1456.3722
G45: 복합단가의 재고수량과 단가는 보관물량 제외니 참고해주세요!

Sheet 1212
B1: ◈ KK저장소 복합단가 운영표 - 침산저장소
B5: 이 월 재 고 | G5: [단위:리터/원]
B7: 유종 | D7: 탱크용량 | E7: 재고수량 | F7: 재고율 | G7: 단가
C8: G | D8: 0 | E8: 0 | F8: 0 | G8: 0
C9: K | D9: 0 | E9: =SUM(#REF!) -> #REF! | G9: =SUM(#REF!) -> #REF!
C10: D | D10: 800000 | E10: =SUM('1211'!K44:L44) -> 186264 | G10: =SUM('1211'!N44) -> 1456.3722
B13: 출고내역(K) | G13: [단위:리터/원] | J13: 출고내역(LD) | O13: [단위:리터/원]
B14: 유종 | C14: 일반매출(사내이관 포함) | J14: 유종 | K14: 일반매출(사내이관 포함)
C15: 거래처명 | D15: 수량 | E15: 출고단가 | F15: 재고단가 | G15: 단가차액 | H15: 이익 | K15: 거래처명 | L15: 수량 | M15: 출고단가 | N15: 재고단가 | O15: 단가차액 | P15: 이익
B16: 실내 등유 | F16: =IF(D16="","",(SUM($G$9))) | G16: =IF(D16="","",(SUM(E16)-F16)) | H16: =IF(D16="","",(D16*G16)) | J16: 경유 | L16: 3000 | N16: =IF(L16="","",($G$10)) -> 1456.3722 | O16: =IF(L16="","",(SUM(M16)-N16)) -> -1456.3722 | P16: =IF(L16="","",(L16*O16)) -> -4369116.7
F17: =IF(D17="","",(SUM($G$9))) | G17: =IF(D17="","",(SUM(E17)-F17)) | H17: =IF(D17="","",(D17*G17)) | N17: =IF(L17="","",($G$10)) | O17: =IF(L17="","",(SUM(M17)-N17)) | P17: =IF(L17="","",(L17*O17))
F18: =IF(D18="","",(SUM($G$9))) | G18: =IF(D18="","",(SUM(E18)-F18)) | H18: =IF(D18="","",(D18*G18)) | N18: =IF(L18="","",($G$10)) | O18: =IF(L18="","",(SUM(M18)-N18)) | P18: =IF(L18="","",(L18*O18))
F19: =IF(D19="","",(SUM($G$9))) | G19: =IF(D19="","",(SUM(E19)-F19)) | H19: =IF(D19="","",(D19*G19)) | N19: =IF(L19="","",($G$10)) | O19: =IF(L19="","",(SUM(M19)-N19)) | P19: =IF(L19="","",(L19*O19))
F20: =IF(D20="","",(SUM($G$9))) | G20: =IF(D20="","",(SUM(E20)-F20)) | H20: =IF(D20="","",(D20*G20)) | N20: =IF(L20="","",($G$10)) | O20: =IF(L20="","",(SUM(M20)-N20)) | P20: =IF(L20="","",(L20*O20))
F21: =IF(D21="","",(SUM($G$9))) | G21: =IF(D21="","",(SUM(E21)-F21)) | H21: =IF(D21="","",(D21*G21)) | N21: =IF(L21="","",($G$10)) | O21: =IF(L21="","",(SUM(M21)-N21)) | P21: =IF(L21="","",(L21*O21))
F22: =IF(D22="","",(SUM($G$9))) | G22: =IF(D22="","",(SUM(E22)-F22)) | H22: =IF(D22="","",(D22*G22)) | N22: =IF(L22="","",($G$10)) | O22: =IF(L22="","",(SUM(M22)-N22)) | P22: =IF(L22="","",(L22*O22))
B23: 소 계 | D23: =SUM(D16:D22) -> 0 | H23: =SUM(H16:H22) -> 0 | J23: 소 계 | L23: =SUM(L16:L22) -> 3000 | P23: =SUM(P16:P22) -> -4369116.7
B26: 마 감 재 고 | G26: [단위:리터/원] | J26: 입 고 내 역 | O26: [단위:리터/원]
B27: 유종 | C27: 수량 | E27: 단가 | G27: 환산금액 | J27: 유종 | K27: 수량 | M27: 사입단가 | O27: 환산금액
B28: G | C28: 0 | E28: 0 | G28: 0 | J28: G | K28: 0 | M28: 0 | O28: 0
B29: K | C29: =$E$9-$D$23 -> #REF! | E29: =$G$9 -> #REF! | G29: =C29*E29 -> #REF! | J29: K | O29: =K29*M29 -> 0
B30: D | C30: =$E$10-$L$23 -> 183264 | E30: =$G$10 -> 1456.3722 | G30: =C30*E30 -> 2.669006e+08 | J30: D | O30: =K30*M30 -> 0
B33: 복 합 단 가
B34: 유종 | C34: 수량 | E34: 금액 | G34: 복 합 단 가
B35: G | C35: 0 | E35: 0 | G35: 0 | R35: 별도 보관물량(국세청 제외)
B36: K | C36: =$C$29+$K$29 -> #REF! | E36: =$G$29+$O$29 -> #REF! | G36: =E36/C36 -> #REF!
B37: D | C37: =$C$30+$K$30 -> 183264 | E37: =$G$30+$O$30-K37 -> 2.669006e+08 | G37: =E37/C37 -> 1456.3722
B39: 재 고 현 황 | O39: [단위:리터/원]
C40: 전일 | F40: 금일 | N40: 복합단가 | O40: 증감
C41: 재고 | F41: 입고 | H41: 출고 | K41: 마 감 재 고 | M41: 재고율
B42: 휘발유
B43: 등 유 | C43: =SUM($E$9) -> #REF! | F43: =$K$29 -> 0 | H43: =$D$23 -> 0 | K43: =$C$43-$H$43+$F$43+$O$43 -> #REF! | M43: =SUM($K$43)/$D$9 -> #REF! | N43: =$G$36 -> #REF!
B44: 경 유 | C44: =SUM($E$10) -> 186264 | F44: =$K$30 -> 0 | H44: =$L$23 -> 3000 | K44: =$C$44-$H$44+$F$44+$O$44 -> 183264 | M44: =SUM($K$44)/D10 -> 0.22908 | N44: =$G$37 -> 1456.3722
G45: 복합단가의 재고수량과 단가는 보관물량 제외니 참고해주세요!

Sheet 1215
B1: ◈ KK저장소 복합단가 운영표 - 침산저장소
B5: 이 월 재 고 | G5: [단위:리터/원]
B7: 유종 | D7: 탱크용량 | E7: 재고수량 | F7: 재고율 | G7: 단가
C8: G | D8: 0 | E8: 0 | F8: 0 | G8: 0
C9: K | D9: 0 | E9: =SUM(#REF!) -> #REF! | G9: =SUM(#REF!) -> #REF!
C10: D | D10: 800000 | E10: =SUM('1212'!K44:L44) -> 183264 | G10: =SUM('1212'!N44) -> 1456.3722
B13: 출고내역(K) | G13: [단위:리터/원] | J13: 출고내역(LD) | O13: [단위:리터/원]
B14: 유종 | C14: 일반매출(사내이관 포함) | J14: 유종 | K14: 일반매출(사내이관 포함)
C15: 거래처명 | D15: 수량 | E15: 출고단가 | F15: 재고단가 | G15: 단가차액 | H15: 이익 | K15: 거래처명 | L15: 수량 | M15: 출고단가 | N15: 재고단가 | O15: 단가차액 | P15: 이익
B16: 실내 등유 | F16: =IF(D16="","",(SUM($G$9))) | G16: =IF(D16="","",(SUM(E16)-F16)) | H16: =IF(D16="","",(D16*G16)) | J16: 경유 | L16: 8000 | N16: =IF(L16="","",($G$10)) -> 1456.3722 | O16: =IF(L16="","",(SUM(M16)-N16)) -> -1456.3722 | P16: =IF(L16="","",(L16*O16)) -> -11650978
F17: =IF(D17="","",(SUM($G$9))) | G17: =IF(D17="","",(SUM(E17)-F17)) | H17: =IF(D17="","",(D17*G17)) | N17: =IF(L17="","",($G$10)) | O17: =IF(L17="","",(SUM(M17)-N17)) | P17: =IF(L17="","",(L17*O17))
F18: =IF(D18="","",(SUM($G$9))) | G18: =IF(D18="","",(SUM(E18)-F18)) | H18: =IF(D18="","",(D18*G18)) | N18: =IF(L18="","",($G$10)) | O18: =IF(L18="","",(SUM(M18)-N18)) | P18: =IF(L18="","",(L18*O18))
F19: =IF(D19="","",(SUM($G$9))) | G19: =IF(D19="","",(SUM(E19)-F19)) | H19: =IF(D19="","",(D19*G19)) | N19: =IF(L19="","",($G$10)) | O19: =IF(L19="","",(SUM(M19)-N19)) | P19: =IF(L19="","",(L19*O19))
F20: =IF(D20="","",(SUM($G$9))) | G20: =IF(D20="","",(SUM(E20)-F20)) | H20: =IF(D20="","",(D20*G20)) | N20: =IF(L20="","",($G$10)) | O20: =IF(L20="","",(SUM(M20)-N20)) | P20: =IF(L20="","",(L20*O20))
F21: =IF(D21="","",(SUM($G$9))) | G21: =IF(D21="","",(SUM(E21)-F21)) | H21: =IF(D21="","",(D21*G21)) | N21: =IF(L21="","",($G$10)) | O21: =IF(L21="","",(SUM(M21)-N21)) | P21: =IF(L21="","",(L21*O21))
F22: =IF(D22="","",(SUM($G$9))) | G22: =IF(D22="","",(SUM(E22)-F22)) | H22: =IF(D22="","",(D22*G22)) | N22: =IF(L22="","",($G$10)) | O22: =IF(L22="","",(SUM(M22)-N22)) | P22: =IF(L22="","",(L22*O22))
B23: 소 계 | D23: =SUM(D16:D22) -> 0 | H23: =SUM(H16:H22) -> 0 | J23: 소 계 | L23: =SUM(L16:L22) -> 8000 | P23: =SUM(P16:P22) -> -11650978
B26: 마 감 재 고 | G26: [단위:리터/원] | J26: 입 고 내 역 | O26: [단위:리터/원]
B27: 유종 | C27: 수량 | E27: 단가 | G27: 환산금액 | J27: 유종 | K27: 수량 | M27: 사입단가 | O27: 환산금액
B28: G | C28: 0 | E28: 0 | G28: 0 | J28: G | K28: 0 | M28: 0 | O28: 0
B29: K | C29: =$E$9-$D$23 -> #REF! | E29: =$G$9 -> #REF! | G29: =C29*E29 -> #REF! | J29: K | O29: =K29*M29 -> 0
B30: D | C30: =$E$10-$L$23 -> 175264 | E30: =$G$10 -> 1456.3722 | G30: =C30*E30 -> 2.5524963e+08 | J30: D | O30: =K30*M30 -> 0
B33: 복 합 단 가
B34: 유종 | C34: 수량 | E34: 금액 | G34: 복 합 단 가
B35: G | C35: 0 | E35: 0 | G35: 0 | R35: 별도 보관물량(국세청 제외)
B36: K | C36: =$C$29+$K$29 -> #REF! | E36: =$G$29+$O$29 -> #REF! | G36: =E36/C36 -> #REF!
B37: D | C37: =$C$30+$K$30 -> 175264 | E37: =$G$30+$O$30-K37 -> 2.5524963e+08 | G37: =E37/C37 -> 1456.3722
B39: 재 고 현 황 | O39: [단위:리터/원]
C40: 전일 | F40: 금일 | N40: 복합단가 | O40: 증감
C41: 재고 | F41: 입고 | H41: 출고 | K41: 마 감 재 고 | M41: 재고율
B42: 휘발유
B43: 등 유 | C43: =SUM($E$9) -> #REF! | F43: =$K$29 -> 0 | H43: =$D$23 -> 0 | K43: =$C$43-$H$43+$F$43+$O$43 -> #REF! | M43: =SUM($K$43)/$D$9 -> #REF! | N43: =$G$36 -> #REF!
B44: 경 유 | C44: =SUM($E$10) -> 183264 | F44: =$K$30 -> 0 | H44: =$L$23 -> 8000 | K44: =$C$44-$H$44+$F$44+$O$44 -> 175264 | M44: =SUM($K$44)/D10 -> 0.21908 | N44: =$G$37 -> 1456.3722
G45: 복합단가의 재고수량과 단가는 보관물량 제외니 참고해주세요!

Sheet 1222
B1: ◈ KK저장소 복합단가 운영표 - 침산저장소
B5: 이 월 재 고 | G5: [단위:리터/원]
B7: 유종 | D7: 탱크용량 | E7: 재고수량 | F7: 재고율 | G7: 단가
C8: G | D8: 0 | E8: 0 | F8: 0 | G8: 0
C9: K | D9: 0 | E9: =SUM(#REF!) -> #REF! | G9: =SUM(#REF!) -> #REF!
C10: D | D10: 800000 | E10: =SUM('1215'!K44:L44) -> 175264 | G10: =SUM('1215'!N44) -> 1456.3722
B13: 출고내역(K) | G13: [단위:리터/원] | J13: 출고내역(LD) | O13: [단위:리터/원]
B14: 유종 | C14: 일반매출(사내이관 포함) | J14: 유종 | K14: 일반매출(사내이관 포함)
C15: 거래처명 | D15: 수량 | E15: 출고단가 | F15: 재고단가 | G15: 단가차액 | H15: 이익 | K15: 거래처명 | L15: 수량 | M15: 출고단가 | N15: 재고단가 | O15: 단가차액 | P15: 이익
B16: 실내 등유 | F16: =IF(D16="","",(SUM($G$9))) | G16: =IF(D16="","",(SUM(E16)-F16)) | H16: =IF(D16="","",(D16*G16)) | J16: 경유 | K16: 새양개발 | L16: 8000 | N16: =IF(L16="","",($G$10)) -> 1456.3722 | O16: =IF(L16="","",(SUM(M16)-N16)) -> -1456.3722 | P16: =IF(L16="","",(L16*O16)) -> -11650978
F17: =IF(D17="","",(SUM($G$9))) | G17: =IF(D17="","",(SUM(E17)-F17)) | H17: =IF(D17="","",(D17*G17)) | N17: =IF(L17="","",($G$10)) | O17: =IF(L17="","",(SUM(M17)-N17)) | P17: =IF(L17="","",(L17*O17))
F18: =IF(D18="","",(SUM($G$9))) | G18: =IF(D18="","",(SUM(E18)-F18)) | H18: =IF(D18="","",(D18*G18)) | N18: =IF(L18="","",($G$10)) | O18: =IF(L18="","",(SUM(M18)-N18)) | P18: =IF(L18="","",(L18*O18))
F19: =IF(D19="","",(SUM($G$9))) | G19: =IF(D19="","",(SUM(E19)-F19)) | H19: =IF(D19="","",(D19*G19)) | N19: =IF(L19="","",($G$10)) | O19: =IF(L19="","",(SUM(M19)-N19)) | P19: =IF(L19="","",(L19*O19))
F20: =IF(D20="","",(SUM($G$9))) | G20: =IF(D20="","",(SUM(E20)-F20)) | H20: =IF(D20="","",(D20*G20)) | N20: =IF(L20="","",($G$10)) | O20: =IF(L20="","",(SUM(M20)-N20)) | P20: =IF(L20="","",(L20*O20))
F21: =IF(D21="","",(SUM($G$9))) | G21: =IF(D21="","",(SUM(E21)-F21)) | H21: =IF(D21="","",(D21*G21)) | N21: =IF(L21="","",($G$10)) | O21: =IF(L21="","",(SUM(M21)-N21)) | P21: =IF(L21="","",(L21*O21))
F22: =IF(D22="","",(SUM($G$9))) | G22: =IF(D22="","",(SUM(E22)-F22)) | H22: =IF(D22="","",(D22*G22)) | N22: =IF(L22="","",($G$10)) | O22: =IF(L22="","",(SUM(M22)-N22)) | P22: =IF(L22="","",(L22*O22))
B23: 소 계 | D23: =SUM(D16:D22) -> 0 | H23: =SUM(H16:H22) -> 0 | J23: 소 계 | L23: =SUM(L16:L22) -> 8000 | P23: =SUM(P16:P22) -> -11650978
B26: 마 감 재 고 | G26: [단위:리터/원] | J26: 입 고 내 역 | O26: [단위:리터/원]
B27: 유종 | C27: 수량 | E27: 단가 | G27: 환산금액 | J27: 유종 | K27: 수량 | M27: 사입단가 | O27: 환산금액
B28: G | C28: 0 | E28: 0 | G28: 0 | J28: G | K28: 0 | M28: 0 | O28: 0
B29: K | C29: =$E$9-$D$23 -> #REF! | E29: =$G$9 -> #REF! | G29: =C29*E29 -> #REF! | J29: K | O29: =K29*M29 -> 0
B30: D | C30: =$E$10-$L$23 -> 167264 | E30: =$G$10 -> 1456.3722 | G30: =C30*E30 -> 2.4359865e+08 | J30: D | O30: =K30*M30 -> 0
B33: 복 합 단 가
B34: 유종 | C34: 수량 | E34: 금액 | G34: 복 합 단 가
B35: G | C35: 0 | E35: 0 | G35: 0 | R35: 별도 보관물량(국세청 제외)
B36: K | C36: =$C$29+$K$29 -> #REF! | E36: =$G$29+$O$29 -> #REF! | G36: =E36/C36 -> #REF!
B37: D | C37: =$C$30+$K$30 -> 167264 | E37: =$G$30+$O$30-K37 -> 2.4359865e+08 | G37: =E37/C37 -> 1456.3722
B39: 재 고 현 황 | O39: [단위:리터/원]
C40: 전일 | F40: 금일 | N40: 복합단가 | O40: 증감
C41: 재고 | F41: 입고 | H41: 출고 | K41: 마 감 재 고 | M41: 재고율
B42: 휘발유
B43: 등 유 | C43: =SUM($E$9) -> #REF! | F43: =$K$29 -> 0 | H43: =$D$23 -> 0 | K43: =$C$43-$H$43+$F$43+$O$43 -> #REF! | M43: =SUM($K$43)/$D$9 -> #REF! | N43: =$G$36 -> #REF!
B44: 경 유 | C44: =SUM($E$10) -> 175264 | F44: =$K$30 -> 0 | H44: =$L$23 -> 8000 | K44: =$C$44-$H$44+$F$44+$O$44 -> 167264 | M44: =SUM($K$44)/D10 -> 0.20908 | N44: =$G$37 -> 1456.3722
G45: 복합단가의 재고수량과 단가는 보관물량 제외니 참고해주세요!

Sheet 1224
B1: ◈ KK저장소 복합단가 운영표 - 침산저장소
B5: 이 월 재 고 | G5: [단위:리터/원]
B7: 유종 | D7: 탱크용량 | E7: 재고수량 | F7: 재고율 | G7: 단가
C8: G | D8: 0 | E8: 0 | F8: 0 | G8: 0
C9: K | D9: 0 | E9: =SUM(#REF!) -> #REF! | G9: =SUM(#REF!) -> #REF!
C10: D | D10: 800000 | E10: =SUM('1222'!K44:L44) -> 167264 | G10: =SUM('1222'!N44) -> 1456.3722
B13: 출고내역(K) | G13: [단위:리터/원] | J13: 출고내역(LD) | O13: [단위:리터/원]
B14: 유종 | C14: 일반매출(사내이관 포함) | J14: 유종 | K14: 일반매출(사내이관 포함)
C15: 거래처명 | D15: 수량 | E15: 출고단가 | F15: 재고단가 | G15: 단가차액 | H15: 이익 | K15: 거래처명 | L15: 수량 | M15: 출고단가 | N15: 재고단가 | O15: 단가차액 | P15: 이익
B16: 실내 등유 | F16: =IF(D16="","",(SUM($G$9))) | G16: =IF(D16="","",(SUM(E16)-F16)) | H16: =IF(D16="","",(D16*G16)) | J16: 경유 | N16: =IF(L16="","",($G$10)) | O16: =IF(L16="","",(SUM(M16)-N16)) | P16: =IF(L16="","",(L16*O16))
F17: =IF(D17="","",(SUM($G$9))) | G17: =IF(D17="","",(SUM(E17)-F17)) | H17: =IF(D17="","",(D17*G17)) | N17: =IF(L17="","",($G$10)) | O17: =IF(L17="","",(SUM(M17)-N17)) | P17: =IF(L17="","",(L17*O17))
F18: =IF(D18="","",(SUM($G$9))) | G18: =IF(D18="","",(SUM(E18)-F18)) | H18: =IF(D18="","",(D18*G18)) | N18: =IF(L18="","",($G$10)) | O18: =IF(L18="","",(SUM(M18)-N18)) | P18: =IF(L18="","",(L18*O18))
F19: =IF(D19="","",(SUM($G$9))) | G19: =IF(D19="","",(SUM(E19)-F19)) | H19: =IF(D19="","",(D19*G19)) | N19: =IF(L19="","",($G$10)) | O19: =IF(L19="","",(SUM(M19)-N19)) | P19: =IF(L19="","",(L19*O19))
F20: =IF(D20="","",(SUM($G$9))) | G20: =IF(D20="","",(SUM(E20)-F20)) | H20: =IF(D20="","",(D20*G20)) | N20: =IF(L20="","",($G$10)) | O20: =IF(L20="","",(SUM(M20)-N20)) | P20: =IF(L20="","",(L20*O20))
F21: =IF(D21="","",(SUM($G$9))) | G21: =IF(D21="","",(SUM(E21)-F21)) | H21: =IF(D21="","",(D21*G21)) | N21: =IF(L21="","",($G$10)) | O21: =IF(L21="","",(SUM(M21)-N21)) | P21: =IF(L21="","",(L21*O21))
F22: =IF(D22="","",(SUM($G$9))) | G22: =IF(D22="","",(SUM(E22)-F22)) | H22: =IF(D22="","",(D22*G22)) | N22: =IF(L22="","",($G$10)) | O22: =IF(L22="","",(SUM(M22)-N22)) | P22: =IF(L22="","",(L22*O22))
B23: 소 계 | D23: =SUM(D16:D22) -> 0 | H23: =SUM(H16:H22) -> 0 | J23: 소 계 | L23: =SUM(L16:L22) -> 0 | P23: =SUM(P16:P22) -> 0
B26: 마 감 재 고 | G26: [단위:리터/원] | J26: 입 고 내 역 | O26: [단위:리터/원]
B27: 유종 | C27: 수량 | E27: 단가 | G27: 환산금액 | J27: 유종 | K27: 수량 | M27: 사입단가 | O27: 환산금액
B28: G | C28: 0 | E28: 0 | G28: 0 | J28: G | K28: 0 | M28: 0 | O28: 0
B29: K | C29: =$E$9-$D$23 -> #REF! | E29: =$G$9 -> #REF! | G29: =C29*E29 -> #REF! | J29: K | O29: =K29*M29 -> 0
B30: D | C30: =$E$10-$L$23 -> 167264 | E30: =$G$10 -> 1456.3722 | G30: =C30*E30 -> 2.4359865e+08 | J30: D | O30: =K30*M30 -> 0
B33: 복 합 단 가
B34: 유종 | C34: 수량 | E34: 금액 | G34: 복 합 단 가
B35: G | C35: 0 | E35: 0 | G35: 0 | R35: 별도 보관물량(국세청 제외)
B36: K | C36: =$C$29+$K$29 -> #REF! | E36: =$G$29+$O$29 -> #REF! | G36: =E36/C36 -> #REF! | R36: 46015
B37: D | C37: =$C$30+$K$30 -> 167264 | E37: =$G$30+$O$30-K37 -> 2.4359865e+08 | G37: =E37/C37 -> 1456.3722 | R37: 신광
R38: 28137
B39: 재 고 현 황 | O39: [단위:리터/원] | R39: 1대
C40: 전일 | F40: 금일 | N40: 복합단가 | O40: 증감 | R40: 1452.1
C41: 재고 | F41: 입고 | H41: 출고 | K41: 마 감 재 고 | M41: 재고율
B42: 휘발유
B43: 등 유 | C43: =SUM($E$9) -> #REF! | F43: =$K$29 -> 0 | H43: =$D$23 -> 0 | K43: =$C$43-$H$43+$F$43+$O$43 -> #REF! | M43: =SUM($K$43)/$D$9 -> #REF! | N43: =$G$36 -> #REF!
B44: 경 유 | C44: =SUM($E$10) -> 167264 | F44: =$K$30 -> 0 | H44: =$L$23 -> 0 | K44: =$C$44-$H$44+$F$44+$O$44 -> 167264 | M44: =SUM($K$44)/D10 -> 0.20908 | N44: =$G$37 -> 1456.3722
G45: 복합단가의 재고수량과 단가는 보관물량 제외니 참고해주세요!

Sheet 1226
B1: ◈ KK저장소 복합단가 운영표 - 침산저장소
B5: 이 월 재 고 | G5: [단위:리터/원]
B7: 유종 | D7: 탱크용량 | E7: 재고수량 | F7: 재고율 | G7: 단가
C8: G | D8: 0 | E8: 0 | F8: 0 | G8: 0
C9: K | D9: 0 | E9: =SUM(#REF!) -> #REF! | G9: =SUM(#REF!) -> #REF!
C10: D | D10: 800000 | E10: =SUM('1224'!K44:L44) -> 167264 | G10: =SUM('1224'!N44) -> 1456.3722
B13: 출고내역(K) | G13: [단위:리터/원] | J13: 출고내역(LD) | O13: [단위:리터/원]
B14: 유종 | C14: 일반매출(사내이관 포함) | J14: 유종 | K14: 일반매출(사내이관 포함)
C15: 거래처명 | D15: 수량 | E15: 출고단가 | F15: 재고단가 | G15: 단가차액 | H15: 이익 | K15: 거래처명 | L15: 수량 | M15: 출고단가 | N15: 재고단가 | O15: 단가차액 | P15: 이익
B16: 실내 등유 | F16: =IF(D16="","",(SUM($G$9))) | G16: =IF(D16="","",(SUM(E16)-F16)) | H16: =IF(D16="","",(D16*G16)) | J16: 경유 | N16: =IF(L16="","",($G$10)) | O16: =IF(L16="","",(SUM(M16)-N16)) | P16: =IF(L16="","",(L16*O16))
F17: =IF(D17="","",(SUM($G$9))) | G17: =IF(D17="","",(SUM(E17)-F17)) | H17: =IF(D17="","",(D17*G17)) | N17: =IF(L17="","",($G$10)) | O17: =IF(L17="","",(SUM(M17)-N17)) | P17: =IF(L17="","",(L17*O17))
F18: =IF(D18="","",(SUM($G$9))) | G18: =IF(D18="","",(SUM(E18)-F18)) | H18: =IF(D18="","",(D18*G18)) | N18: =IF(L18="","",($G$10)) | O18: =IF(L18="","",(SUM(M18)-N18)) | P18: =IF(L18="","",(L18*O18))
F19: =IF(D19="","",(SUM($G$9))) | G19: =IF(D19="","",(SUM(E19)-F19)) | H19: =IF(D19="","",(D19*G19)) | N19: =IF(L19="","",($G$10)) | O19: =IF(L19="","",(SUM(M19)-N19)) | P19: =IF(L19="","",(L19*O19))
F20: =IF(D20="","",(SUM($G$9))) | G20: =IF(D20="","",(SUM(E20)-F20)) | H20: =IF(D20="","",(D20*G20)) | N20: =IF(L20="","",($G$10)) | O20: =IF(L20="","",(SUM(M20)-N20)) | P20: =IF(L20="","",(L20*O20))
F21: =IF(D21="","",(SUM($G$9))) | G21: =IF(D21="","",(SUM(E21)-F21)) | H21: =IF(D21="","",(D21*G21)) | N21: =IF(L21="","",($G$10)) | O21: =IF(L21="","",(SUM(M21)-N21)) | P21: =IF(L21="","",(L21*O21))
F22: =IF(D22="","",(SUM($G$9))) | G22: =IF(D22="","",(SUM(E22)-F22)) | H22: =IF(D22="","",(D22*G22)) | N22: =IF(L22="","",($G$10)) | O22: =IF(L22="","",(SUM(M22)-N22)) | P22: =IF(L22="","",(L22*O22))
B23: 소 계 | D23: =SUM(D16:D22) -> 0 | H23: =SUM(H16:H22) -> 0 | J23: 소 계 | L23: =SUM(L16:L22) -> 0 | P23: =SUM(P16:P22) -> 0
B26: 마 감 재 고 | G26: [단위:리터/원] | J26: 입 고 내 역 | O26: [단위:리터/원]
B27: 유종 | C27: 수량 | E27: 단가 | G27: 환산금액 | J27: 유종 | K27: 수량 | M27: 사입단가 | O27: 환산금액
B28: G | C28: 0 | E28: 0 | G28: 0 | J28: G | K28: 0 | M28: 0 | O28: 0
B29: K | C29: =$E$9-$D$23 -> #REF! | E29: =$G$9 -> #REF! | G29: =C29*E29 -> #REF! | J29: K | O29: =K29*M29 -> 0
B30: D | C30: =$E$10-$L$23 -> 167264 | E30: =$G$10 -> 1456.3722 | G30: =C30*E30 -> 2.4359865e+08 | J30: D | K30: 161037 | M30: 1449.1 | O30: =K30*M30 -> 2.3335872e+08
B33: 복 합 단 가
B34: 유종 | C34: 수량 | E34: 금액 | G34: 복 합 단 가
B35: G | C35: 0 | E35: 0 | G35: 0 | R35: 별도 보관물량(국세청 제외)
B36: K | C36: =$C$29+$K$29 -> #REF! | E36: =$G$29+$O$29 -> #REF! | G36: =E36/C36 -> #REF! | R36: 46015 | T36: 46017
B37: D | C37: =$C$30+$K$30 -> 328301 | E37: =$G$30+$O$30-K37 -> 4.7695736e+08 | G37: =E37/C37 -> 1452.8051 | R37: 신광 | T37: 신광
R38: 28137 | T38: 112719
B39: 재 고 현 황 | O39: [단위:리터/원] | R39: 1대 | T39: 4대
C40: 전일 | F40: 금일 | N40: 복합단가 | O40: 증감 | R40: 1452.1 | T40: 1452.1
C41: 재고 | F41: 입고 | H41: 출고 | K41: 마 감 재 고 | M41: 재고율
B42: 휘발유 | T42: =+T38+K30 -> 273756
B43: 등 유 | C43: =SUM($E$9) -> #REF! | F43: =$K$29 -> 0 | H43: =$D$23 -> 0 | K43: =$C$43-$H$43+$F$43+$O$43 -> #REF! | M43: =SUM($K$43)/$D$9 -> #REF! | N43: =$G$36 -> #REF!
B44: 경 유 | C44: =SUM($E$10) -> 167264 | F44: =$K$30 -> 161037 | H44: =$L$23 -> 0 | K44: =$C$44-$H$44+$F$44+$O$44 -> 328301 | M44: =SUM($K$44)/D10 -> 0.41037625 | N44: =$G$37 -> 1452.8051
G45: 복합단가의 재고수량과 단가는 보관물량 제외니 참고해주세요!

Sheet 1229
B1: ◈ KK저장소 복합단가 운영표 - 침산저장소
B5: 이 월 재 고 | G5: [단위:리터/원]
B7: 유종 | D7: 탱크용량 | E7: 재고수량 | F7: 재고율 | G7: 단가
C8: G | D8: 0 | E8: 0 | F8: 0 | G8: 0
C9: K | D9: 0 | E9: =SUM(#REF!) -> #REF! | G9: =SUM(#REF!) -> #REF!
C10: D | D10: 800000 | E10: =SUM('1226'!K44:L44) -> 328301 | G10: =SUM('1226'!N44) -> 1452.8051
B13: 출고내역(K) | G13: [단위:리터/원] | J13: 출고내역(LD) | O13: [단위:리터/원]
B14: 유종 | C14: 일반매출(사내이관 포함) | J14: 유종 | K14: 일반매출(사내이관 포함)
C15: 거래처명 | D15: 수량 | E15: 출고단가 | F15: 재고단가 | G15: 단가차액 | H15: 이익 | K15: 거래처명 | L15: 수량 | M15: 출고단가 | N15: 재고단가 | O15: 단가차액 | P15: 이익
B16: 실내 등유 | F16: =IF(D16="","",(SUM($G$9))) | G16: =IF(D16="","",(SUM(E16)-F16)) | H16: =IF(D16="","",(D16*G16)) | J16: 경유 | N16: =IF(L16="","",($G$10)) | O16: =IF(L16="","",(SUM(M16)-N16)) | P16: =IF(L16="","",(L16*O16))
F17: =IF(D17="","",(SUM($G$9))) | G17: =IF(D17="","",(SUM(E17)-F17)) | H17: =IF(D17="","",(D17*G17)) | N17: =IF(L17="","",($G$10)) | O17: =IF(L17="","",(SUM(M17)-N17)) | P17: =IF(L17="","",(L17*O17))
F18: =IF(D18="","",(SUM($G$9))) | G18: =IF(D18="","",(SUM(E18)-F18)) | H18: =IF(D18="","",(D18*G18)) | N18: =IF(L18="","",($G$10)) | O18: =IF(L18="","",(SUM(M18)-N18)) | P18: =IF(L18="","",(L18*O18))
F19: =IF(D19="","",(SUM($G$9))) | G19: =IF(D19="","",(SUM(E19)-F19)) | H19: =IF(D19="","",(D19*G19)) | N19: =IF(L19="","",($G$10)) | O19: =IF(L19="","",(SUM(M19)-N19)) | P19: =IF(L19="","",(L19*O19))
F20: =IF(D20="","",(SUM($G$9))) | G20: =IF(D20="","",(SUM(E20)-F20)) | H20: =IF(D20="","",(D20*G20)) | N20: =IF(L20="","",($G$10)) | O20: =IF(L20="","",(SUM(M20)-N20)) | P20: =IF(L20="","",(L20*O20))
F21: =IF(D21="","",(SUM($G$9))) | G21: =IF(D21="","",(SUM(E21)-F21)) | H21: =IF(D21="","",(D21*G21)) | N21: =IF(L21="","",($G$10)) | O21: =IF(L21="","",(SUM(M21)-N21)) | P21: =IF(L21="","",(L21*O21))
F22: =IF(D22="","",(SUM($G$9))) | G22: =IF(D22="","",(SUM(E22)-F22)) | H22: =IF(D22="","",(D22*G22)) | N22: =IF(L22="","",($G$10)) | O22: =IF(L22="","",(SUM(M22)-N22)) | P22: =IF(L22="","",(L22*O22))
B23: 소 계 | D23: =SUM(D16:D22) -> 0 | H23: =SUM(H16:H22) -> 0 | J23: 소 계 | L23: =SUM(L16:L22) -> 0 | P23: =SUM(P16:P22) -> 0
B26: 마 감 재 고 | G26: [단위:리터/원] | J26: 입 고 내 역 | O26: [단위:리터/원]
B27: 유종 | C27: 수량 | E27: 단가 | G27: 환산금액 | J27: 유종 | K27: 수량 | M27: 사입단가 | O27: 환산금액
B28: G | C28: 0 | E28: 0 | G28: 0 | J28: G | K28: 0 | M28: 0 | O28: 0
B29: K | C29: =$E$9-$D$23 -> #REF! | E29: =$G$9 -> #REF! | G29: =C29*E29 -> #REF! | J29: K | O29: =K29*M29 -> 0
B30: D | C30: =$E$10-$L$23 -> 328301 | E30: =$G$10 -> 1452.8051 | G30: =C30*E30 -> 4.7695736e+08 | J30: D | K30: 112795 | M30: 1424.3224 | O30: =K30*M30 -> 1.6065644e+08
B33: 복 합 단 가
B34: 유종 | C34: 수량 | E34: 금액 | G34: 복 합 단 가
B35: G | C35: 0 | E35: 0 | G35: 0 | R35: 별도 보관물량(국세청 제외)
B36: K | C36: =$C$29+$K$29 -> #REF! | E36: =$G$29+$O$29 -> #REF! | G36: =E36/C36 -> #REF! | R36: 46015 | T36: 46017
B37: D | C37: =$C$30+$K$30 -> 441096 | E37: =$G$30+$O$30-K37 -> 6.376138e+08 | G37: =E37/C37 -> 1445.5216 | R37: 신광 | T37: 신광
R38: 28137 | T38: 112719
B39: 재 고 현 황 | O39: [단위:리터/원] | R39: 1대 | T39: 4대
C40: 전일 | F40: 금일 | N40: 복합단가 | O40: 증감
C41: 재고 | F41: 입고 | H41: 출고 | K41: 마 감 재 고 | M41: 재고율
B42: 휘발유
B43: 등 유 | C43: =SUM($E$9) -> #REF! | F43: =$K$29 -> 0 | H43: =$D$23 -> 0 | K43: =$C$43-$H$43+$F$43+$O$43 -> #REF! | M43: =SUM($K$43)/$D$9 -> #REF! | N43: =$G$36 -> #REF!
B44: 경 유 | C44: =SUM($E$10) -> 328301 | F44: =$K$30 -> 112795 | H44: =$L$23 -> 0 | K44: =$C$44-$H$44+$F$44+$O$44 -> 441096 | M44: =SUM($K$44)/D10 -> 0.55137 | N44: =$G$37 -> 1445.5216
G45: 복합단가의 재고수량과 단가는 보관물량 제외니 참고해주세요!

Sheet 1231
B1: ◈ KK저장소 복합단가 운영표 - 침산저장소
B5: 이 월 재 고 | G5: [단위:리터/원]
B7: 유종 | D7: 탱크용량 | E7: 재고수량 | F7: 재고율 | G7: 단가
C8: G | D8: 0 | E8: 0 | F8: 0 | G8: 0
C9: K | D9: 0 | E9: =SUM(#REF!) -> #REF! | G9: =SUM(#REF!) -> #REF!
C10: D | D10: 800000 | E10: =SUM('1229'!K44:L44) -> 441096 | G10: =SUM('1229'!N44) -> 1445.5216
B13: 출고내역(K) | G13: [단위:리터/원] | J13: 출고내역(LD) | O13: [단위:리터/원]
B14: 유종 | C14: 일반매출(사내이관 포함) | J14: 유종 | K14: 일반매출(사내이관 포함)
C15: 거래처명 | D15: 수량 | E15: 출고단가 | F15: 재고단가 | G15: 단가차액 | H15: 이익 | K15: 거래처명 | L15: 수량 | M15: 출고단가 | N15: 재고단가 | O15: 단가차액 | P15: 이익
B16: 실내 등유 | F16: =IF(D16="","",(SUM($G$9))) | G16: =IF(D16="","",(SUM(E16)-F16)) | H16: =IF(D16="","",(D16*G16)) | J16: 경유 | K16: 성서고속 | L16: 28000 | N16: =IF(L16="","",($G$10)) -> 1445.5216 | O16: =IF(L16="","",(SUM(M16)-N16)) -> -1445.5216 | P16: =IF(L16="","",(L16*O16)) -> -40474605
F17: =IF(D17="","",(SUM($G$9))) | G17: =IF(D17="","",(SUM(E17)-F17)) | H17: =IF(D17="","",(D17*G17)) | K17: 보관출고증감 | L17: 1054 | N17: =IF(L17="","",($G$10)) -> 1445.5216 | O17: =IF(L17="","",(SUM(M17)-N17)) -> -1445.5216 | P17: =IF(L17="","",(L17*O17)) -> -1523579.8
F18: =IF(D18="","",(SUM($G$9))) | G18: =IF(D18="","",(SUM(E18)-F18)) | H18: =IF(D18="","",(D18*G18)) | N18: =IF(L18="","",($G$10)) | O18: =IF(L18="","",(SUM(M18)-N18)) | P18: =IF(L18="","",(L18*O18))
F19: =IF(D19="","",(SUM($G$9))) | G19: =IF(D19="","",(SUM(E19)-F19)) | H19: =IF(D19="","",(D19*G19)) | N19: =IF(L19="","",($G$10)) | O19: =IF(L19="","",(SUM(M19)-N19)) | P19: =IF(L19="","",(L19*O19))
F20: =IF(D20="","",(SUM($G$9))) | G20: =IF(D20="","",(SUM(E20)-F20)) | H20: =IF(D20="","",(D20*G20)) | N20: =IF(L20="","",($G$10)) | O20: =IF(L20="","",(SUM(M20)-N20)) | P20: =IF(L20="","",(L20*O20))
F21: =IF(D21="","",(SUM($G$9))) | G21: =IF(D21="","",(SUM(E21)-F21)) | H21: =IF(D21="","",(D21*G21)) | N21: =IF(L21="","",($G$10)) | O21: =IF(L21="","",(SUM(M21)-N21)) | P21: =IF(L21="","",(L21*O21))
F22: =IF(D22="","",(SUM($G$9))) | G22: =IF(D22="","",(SUM(E22)-F22)) | H22: =IF(D22="","",(D22*G22)) | N22: =IF(L22="","",($G$10)) | O22: =IF(L22="","",(SUM(M22)-N22)) | P22: =IF(L22="","",(L22*O22))
B23: 소 계 | D23: =SUM(D16:D22) -> 0 | H23: =SUM(H16:H22) -> 0 | J23: 소 계 | L23: =SUM(L16:L22) -> 29054 | P23: =SUM(P16:P22) -> -41998185
B26: 마 감 재 고 | G26: [단위:리터/원] | J26: 입 고 내 역 | O26: [단위:리터/원]
B27: 유종 | C27: 수량 | E27: 단가 | G27: 환산금액 | J27: 유종 | K27: 수량 | M27: 사입단가 | O27: 환산금액
B28: G | C28: 0 | E28: 0 | G28: 0 | J28: G | K28: 0 | M28: 0 | O28: 0
B29: K | C29: =$E$9-$D$23 -> #REF! | E29: =$G$9 -> #REF! | G29: =C29*E29 -> #REF! | J29: K | O29: =K29*M29 -> 0
B30: D | C30: =$E$10-$L$23 -> 412042 | E30: =$G$10 -> 1445.5216 | G30: =C30*E30 -> 5.9561562e+08 | J30: D | O30: =K30*M30 -> 0
B33: 복 합 단 가
B34: 유종 | C34: 수량 | E34: 금액 | G34: 복 합 단 가
B35: G | C35: 0 | E35: 0 | G35: 0 | R35: 별도 보관물량(국세청 제외)
B36: K | C36: =$C$29+$K$29 -> #REF! | E36: =$G$29+$O$29 -> #REF! | G36: =E36/C36 -> #REF! | T36: 46017
B37: D | C37: =$C$30+$K$30 -> 412042 | E37: =$G$30+$O$30-K37 -> 5.9561562e+08 | G37: =E37/C37 -> 1445.5216 | T37: 신광
T38: =112719-28000+137 -> 84856
B39: 재 고 현 황 | O39: [단위:리터/원] | T39: 3대
C40: 전일 | F40: 금일 | N40: 복합단가 | O40: 증감 | Q40: 46387 | R40: 신광 56천 | S40: 2대출고
C41: 재고 | F41: 입고 | H41: 출고 | K41: 마 감 재 고 | M41: 재고율
B42: 휘발유
B43: 등 유 | C43: =SUM($E$9) -> #REF! | F43: =$K$29 -> 0 | H43: =$D$23 -> 0 | K43: =$C$43-$H$43+$F$43+$O$43 -> #REF! | M43: =SUM($K$43)/$D$9 -> #REF! | N43: =$G$36 -> #REF!
B44: 경 유 | C44: =SUM($E$10) -> 441096 | F44: =$K$30 -> 0 | H44: =$L$23 -> 29054 | K44: =$C$44-$H$44+$F$44+$O$44 -> 412042 | M44: =SUM($K$44)/D10 -> 0.5150525 | N44: =$G$37 -> 1445.5216
G45: 복합단가의 재고수량과 단가는 보관물량 제외니 참고해주세요!

Sheet 0102
B1: ◈ KK저장소 복합단가 운영표 - 침산저장소
B5: 이 월 재 고 | G5: [단위:리터/원]
B7: 유종 | D7: 탱크용량 | E7: 재고수량 | F7: 재고율 | G7: 단가
C8: G | D8: 0 | E8: 0 | F8: 0 | G8: 0
C9: K | D9: 0 | E9: =SUM(#REF!) -> #REF! | G9: =SUM(#REF!) -> #REF!
C10: D | D10: 800000 | E10: =SUM('1231'!K44:L44) -> 412042 | G10: =SUM('1231'!N44) -> 1445.5216
B13: 출고내역(K) | G13: [단위:리터/원] | J13: 출고내역(LD) | O13: [단위:리터/원]
B14: 유종 | C14: 일반매출(사내이관 포함) | J14: 유종 | K14: 일반매출(사내이관 포함)
C15: 거래처명 | D15: 수량 | E15: 출고단가 | F15: 재고단가 | G15: 단가차액 | H15: 이익 | K15: 거래처명 | L15: 수량 | M15: 출고단가 | N15: 재고단가 | O15: 단가차액 | P15: 이익
B16: 실내 등유 | F16: =IF(D16="","",(SUM($G$9))) | G16: =IF(D16="","",(SUM(E16)-F16)) | H16: =IF(D16="","",(D16*G16)) | J16: 경유 | N16: =IF(L16="","",($G$10)) | O16: =IF(L16="","",(SUM(M16)-N16)) | P16: =IF(L16="","",(L16*O16))
F17: =IF(D17="","",(SUM($G$9))) | G17: =IF(D17="","",(SUM(E17)-F17)) | H17: =IF(D17="","",(D17*G17)) | N17: =IF(L17="","",($G$10)) | O17: =IF(L17="","",(SUM(M17)-N17)) | P17: =IF(L17="","",(L17*O17))
F18: =IF(D18="","",(SUM($G$9))) | G18: =IF(D18="","",(SUM(E18)-F18)) | H18: =IF(D18="","",(D18*G18)) | N18: =IF(L18="","",($G$10)) | O18: =IF(L18="","",(SUM(M18)-N18)) | P18: =IF(L18="","",(L18*O18))
F19: =IF(D19="","",(SUM($G$9))) | G19: =IF(D19="","",(SUM(E19)-F19)) | H19: =IF(D19="","",(D19*G19)) | N19: =IF(L19="","",($G$10)) | O19: =IF(L19="","",(SUM(M19)-N19)) | P19: =IF(L19="","",(L19*O19))
F20: =IF(D20="","",(SUM($G$9))) | G20: =IF(D20="","",(SUM(E20)-F20)) | H20: =IF(D20="","",(D20*G20)) | N20: =IF(L20="","",($G$10)) | O20: =IF(L20="","",(SUM(M20)-N20)) | P20: =IF(L20="","",(L20*O20))
F21: =IF(D21="","",(SUM($G$9))) | G21: =IF(D21="","",(SUM(E21)-F21)) | H21: =IF(D21="","",(D21*G21)) | N21: =IF(L21="","",($G$10)) | O21: =IF(L21="","",(SUM(M21)-N21)) | P21: =IF(L21="","",(L21*O21))
F22: =IF(D22="","",(SUM($G$9))) | G22: =IF(D22="","",(SUM(E22)-F22)) | H22: =IF(D22="","",(D22*G22)) | N22: =IF(L22="","",($G$10)) | O22: =IF(L22="","",(SUM(M22)-N22)) | P22: =IF(L22="","",(L22*O22))
B23: 소 계 | D23: =SUM(D16:D22) -> 0 | H23: =SUM(H16:H22) -> 0 | J23: 소 계 | L23: =SUM(L16:L22) -> 0 | P23: =SUM(P16:P22) -> 0
B26: 마 감 재 고 | G26: [단위:리터/원] | J26: 입 고 내 역 | O26: [단위:리터/원]
B27: 유종 | C27: 수량 | E27: 단가 | G27: 환산금액 | J27: 유종 | K27: 수량 | M27: 사입단가 | O27: 환산금액
B28: G | C28: 0 | E28: 0 | G28: 0 | J28: G | K28: 0 | M28: 0 | O28: 0
B29: K | C29: =$E$9-$D$23 -> #REF! | E29: =$G$9 -> #REF! | G29: =C29*E29 -> #REF! | J29: K | O29: =K29*M29 -> 0
B30: D | C30: =$E$10-$L$23 -> 412042 | E30: =$G$10 -> 1445.5216 | G30: =C30*E30 -> 5.9561562e+08 | J30: D | O30: =K30*M30 -> 0
B33: 복 합 단 가
B34: 유종 | C34: 수량 | E34: 금액 | G34: 복 합 단 가
B35: G | C35: 0 | E35: 0 | G35: 0 | R35: 별도 보관물량(국세청 제외)
B36: K | C36: =$C$29+$K$29 -> #REF! | E36: =$G$29+$O$29 -> #REF! | G36: =E36/C36 -> #REF! | T36: 46017
B37: D | C37: =$C$30+$K$30 -> 412042 | E37: =$G$30+$O$30-K37 -> 5.9494414e+08 | G37: =E37/C37 -> 1443.892 | K37: 671482.37 | L37: <<11월, 12월 경질유인센 | T37: 신광
T38: 56856
B39: 재 고 현 황 | O39: [단위:리터/원] | T39: 2대
C40: 전일 | F40: 금일 | N40: 복합단가 | O40: 증감 | Q40: 12월 31일 | R40: 신광 56천 | S40: 2대출고
C41: 재고 | F41: 입고 | H41: 출고 | K41: 마 감 재 고 | M41: 재고율 | Q41: 01월 02일 | R41: 신광 28천 | S41: 1대출고
B42: 휘발유
B43: 등 유 | C43: =SUM($E$9) -> #REF! | F43: =$K$29 -> 0 | H43: =$D$23 -> 0 | K43: =$C$43-$H$43+$F$43+$O$43 -> #REF! | M43: =SUM($K$43)/$D$9 -> #REF! | N43: =$G$36 -> #REF!
B44: 경 유 | C44: =SUM($E$10) -> 412042 | F44: =$K$30 -> 0 | H44: =$L$23 -> 0 | K44: =$C$44-$H$44+$F$44+$O$44 -> 415560 | M44: =SUM($K$44)/D10 -> 0.51945 | N44: =$G$37 -> 1443.892 | O44: 3518
G45: 복합단가의 재고수량과 단가는 보관물량 제외니 참고해주세요!

Sheet 0105
B1: ◈ KK저장소 복합단가 운영표 - 침산저장소
B5: 이 월 재 고 | G5: [단위:리터/원]
B7: 유종 | D7: 탱크용량 | E7: 재고수량 | F7: 재고율 | G7: 단가
C8: G | D8: 0 | E8: 0 | F8: 0 | G8: 0
C9: K | D9: 0 | E9: =SUM(#REF!) -> #REF! | G9: =SUM(#REF!) -> #REF!
C10: D | D10: 800000 | E10: =SUM('0102'!K44:L44) -> 415560 | G10: =SUM('0102'!N44) -> 1443.892
B13: 출고내역(K) | G13: [단위:리터/원] | J13: 출고내역(LD) | O13: [단위:리터/원]
B14: 유종 | C14: 일반매출(사내이관 포함) | J14: 유종 | K14: 일반매출(사내이관 포함)
C15: 거래처명 | D15: 수량 | E15: 출고단가 | F15: 재고단가 | G15: 단가차액 | H15: 이익 | K15: 거래처명 | L15: 수량 | M15: 출고단가 | N15: 재고단가 | O15: 단가차액 | P15: 이익
B16: 실내 등유 | F16: =IF(D16="","",(SUM($G$9))) | G16: =IF(D16="","",(SUM(E16)-F16)) | H16: =IF(D16="","",(D16*G16)) | J16: 경유 | K16: 세양개발 | L16: 8000 | N16: =IF(L16="","",($G$10)) -> 1443.892 | O16: =IF(L16="","",(SUM(M16)-N16)) -> -1443.892 | P16: =IF(L16="","",(L16*O16)) -> -11551136
F17: =IF(D17="","",(SUM($G$9))) | G17: =IF(D17="","",(SUM(E17)-F17)) | H17: =IF(D17="","",(D17*G17)) | N17: =IF(L17="","",($G$10)) | O17: =IF(L17="","",(SUM(M17)-N17)) | P17: =IF(L17="","",(L17*O17))
F18: =IF(D18="","",(SUM($G$9))) | G18: =IF(D18="","",(SUM(E18)-F18)) | H18: =IF(D18="","",(D18*G18)) | N18: =IF(L18="","",($G$10)) | O18: =IF(L18="","",(SUM(M18)-N18)) | P18: =IF(L18="","",(L18*O18))
F19: =IF(D19="","",(SUM($G$9))) | G19: =IF(D19="","",(SUM(E19)-F19)) | H19: =IF(D19="","",(D19*G19)) | N19: =IF(L19="","",($G$10)) | O19: =IF(L19="","",(SUM(M19)-N19)) | P19: =IF(L19="","",(L19*O19))
F20: =IF(D20="","",(SUM($G$9))) | G20: =IF(D20="","",(SUM(E20)-F20)) | H20: =IF(D20="","",(D20*G20)) | N20: =IF(L20="","",($G$10)) | O20: =IF(L20="","",(SUM(M20)-N20)) | P20: =IF(L20="","",(L20*O20))
F21: =IF(D21="","",(SUM($G$9))) | G21: =IF(D21="","",(SUM(E21)-F21)) | H21: =IF(D21="","",(D21*G21)) | N21: =IF(L21="","",($G$10)) | O21: =IF(L21="","",(SUM(M21)-N21)) | P21: =IF(L21="","",(L21*O21))
F22: =IF(D22="","",(SUM($G$9))) | G22: =IF(D22="","",(SUM(E22)-F22)) | H22: =IF(D22="","",(D22*G22)) | N22: =IF(L22="","",($G$10)) | O22: =IF(L22="","",(SUM(M22)-N22)) | P22: =IF(L22="","",(L22*O22))
B23: 소 계 | D23: =SUM(D16:D22) -> 0 | H23: =SUM(H16:H22) -> 0 | J23: 소 계 | L23: =SUM(L16:L22) -> 8000 | P23: =SUM(P16:P22) -> -11551136
B26: 마 감 재 고 | G26: [단위:리터/원] | J26: 입 고 내 역 | O26: [단위:리터/원]
B27: 유종 | C27: 수량 | E27: 단가 | G27: 환산금액 | J27: 유종 | K27: 수량 | M27: 사입단가 | O27: 환산금액
B28: G | C28: 0 | E28: 0 | G28: 0 | J28: G | K28: 0 | M28: 0 | O28: 0
B29: K | C29: =$E$9-$D$23 -> #REF! | E29: =$G$9 -> #REF! | G29: =C29*E29 -> #REF! | J29: K | O29: =K29*M29 -> 0
B30: D | C30: =$E$10-$L$23 -> 407560 | E30: =$G$10 -> 1443.892 | G30: =C30*E30 -> 5.8847261e+08 | J30: D | O30: =K30*M30 -> 0
B33: 복 합 단 가
B34: 유종 | C34: 수량 | E34: 금액 | G34: 복 합 단 가
B35: G | C35: 0 | E35: 0 | G35: 0 | R35: 별도 보관물량(국세청 제외)
B36: K | C36: =$C$29+$K$29 -> #REF! | E36: =$G$29+$O$29 -> #REF! | G36: =E36/C36 -> #REF! | T36: 46017
B37: D | C37: =$C$30+$K$30 -> 407560 | E37: =$G$30+$O$30-K37 -> 5.8847261e+08 | G37: =E37/C37 -> 1443.892 | T37: 신광
T38: 28856
B39: 재 고 현 황 | O39: [단위:리터/원] | T39: 1대
C40: 전일 | F40: 금일 | N40: 복합단가 | O40: 증감 | Q40: 12월 31일 | R40: 신광 56천 | S40: 2대출고
C41: 재고 | F41: 입고 | H41: 출고 | K41: 마 감 재 고 | M41: 재고율 | Q41: 01월 02일 | R41: 신광 28천 | S41: 1대출고
B42: 휘발유 | Q42: 01월 05일 | R42: 신광 28천 | S42: 1대출고
B43: 등 유 | C43: =SUM($E$9) -> #REF! | F43: =$K$29 -> 0 | H43: =$D$23 -> 0 | K43: =$C$43-$H$43+$F$43+$O$43 -> #REF! | M43: =SUM($K$43)/$D$9 -> #REF! | N43: =$G$36 -> #REF!
B44: 경 유 | C44: =SUM($E$10) -> 415560 | F44: =$K$30 -> 0 | H44: =$L$23 -> 8000 | K44: =$C$44-$H$44+$F$44+$O$44 -> 407560 | M44: =SUM($K$44)/D10 -> 0.50945 | N44: =$G$37 -> 1443.892
G45: 복합단가의 재고수량과 단가는 보관물량 제외니 참고해주세요!

Sheet 0107
B1: ◈ KK저장소 복합단가 운영표 - 침산저장소
B5: 이 월 재 고 | G5: [단위:리터/원]
B7: 유종 | D7: 탱크용량 | E7: 재고수량 | F7: 재고율 | G7: 단가
C8: G | D8: 0 | E8: 0 | F8: 0 | G8: 0
C9: K | D9: 0 | E9: =SUM(#REF!) -> #REF! | G9: =SUM(#REF!) -> #REF!
C10: D | D10: 800000 | E10: =SUM('0105'!K44:L44) -> 407560 | G10: =SUM('0105'!N44) -> 1443.892
B13: 출고내역(K) | G13: [단위:리터/원] | J13: 출고내역(LD) | O13: [단위:리터/원]
B14: 유종 | C14: 일반매출(사내이관 포함) | J14: 유종 | K14: 일반매출(사내이관 포함)
C15: 거래처명 | D15: 수량 | E15: 출고단가 | F15: 재고단가 | G15: 단가차액 | H15: 이익 | K15: 거래처명 | L15: 수량 | M15: 출고단가 | N15: 재고단가 | O15: 단가차액 | P15: 이익
B16: 실내 등유 | F16: =IF(D16="","",(SUM($G$9))) | G16: =IF(D16="","",(SUM(E16)-F16)) | H16: =IF(D16="","",(D16*G16)) | J16: 경유 | N16: =IF(L16="","",($G$10)) | O16: =IF(L16="","",(SUM(M16)-N16)) | P16: =IF(L16="","",(L16*O16))
F17: =IF(D17="","",(SUM($G$9))) | G17: =IF(D17="","",(SUM(E17)-F17)) | H17: =IF(D17="","",(D17*G17)) | N17: =IF(L17="","",($G$10)) | O17: =IF(L17="","",(SUM(M17)-N17)) | P17: =IF(L17="","",(L17*O17))
F18: =IF(D18="","",(SUM($G$9))) | G18: =IF(D18="","",(SUM(E18)-F18)) | H18: =IF(D18="","",(D18*G18)) | N18: =IF(L18="","",($G$10)) | O18: =IF(L18="","",(SUM(M18)-N18)) | P18: =IF(L18="","",(L18*O18))
F19: =IF(D19="","",(SUM($G$9))) | G19: =IF(D19="","",(SUM(E19)-F19)) | H19: =IF(D19="","",(D19*G19)) | N19: =IF(L19="","",($G$10)) | O19: =IF(L19="","",(SUM(M19)-N19)) | P19: =IF(L19="","",(L19*O19))
F20: =IF(D20="","",(SUM($G$9))) | G20: =IF(D20="","",(SUM(E20)-F20)) | H20: =IF(D20="","",(D20*G20)) | N20: =IF(L20="","",($G$10)) | O20: =IF(L20="","",(SUM(M20)-N20)) | P20: =IF(L20="","",(L20*O20))
F21: =IF(D21="","",(SUM($G$9))) | G21: =IF(D21="","",(SUM(E21)-F21)) | H21: =IF(D21="","",(D21*G21)) | N21: =IF(L21="","",($G$10)) | O21: =IF(L21="","",(SUM(M21)-N21)) | P21: =IF(L21="","",(L21*O21))
F22: =IF(D22="","",(SUM($G$9))) | G22: =IF(D22="","",(SUM(E22)-F22)) | H22: =IF(D22="","",(D22*G22)) | N22: =IF(L22="","",($G$10)) | O22: =IF(L22="","",(SUM(M22)-N22)) | P22: =IF(L22="","",(L22*O22))
B23: 소 계 | D23: =SUM(D16:D22) -> 0 | H23: =SUM(H16:H22) -> 0 | J23: 소 계 | L23: =SUM(L16:L22) -> 0 | P23: =SUM(P16:P22) -> 0
B26: 마 감 재 고 | G26: [단위:리터/원] | J26: 입 고 내 역 | O26: [단위:리터/원]
B27: 유종 | C27: 수량 | E27: 단가 | G27: 환산금액 | J27: 유종 | K27: 수량 | M27: 사입단가 | O27: 환산금액
B28: G | C28: 0 | E28: 0 | G28: 0 | J28: G | K28: 0 | M28: 0 | O28: 0
B29: K | C29: =$E$9-$D$23 -> #REF! | E29: =$G$9 -> #REF! | G29: =C29*E29 -> #REF! | J29: K | O29: =K29*M29 -> 0
B30: D | C30: =$E$10-$L$23 -> 407560 | E30: =$G$10 -> 1443.892 | G30: =C30*E30 -> 5.8847261e+08 | J30: D | O30: =K30*M30 -> 0
B33: 복 합 단 가
B34: 유종 | C34: 수량 | E34: 금액 | G34: 복 합 단 가
B35: G | C35: 0 | E35: 0 | G35: 0 | R35: 별도 보관물량(국세청 제외)
B36: K | C36: =$C$29+$K$29 -> #REF! | E36: =$G$29+$O$29 -> #REF! | G36: =E36/C36 -> #REF! | T36: 46017
B37: D | C37: =$C$30+$K$30 -> 407560 | E37: =$G$30+$O$30-K37 -> 5.8847261e+08 | G37: =E37/C37 -> 1443.892 | T37: 신광
T38: 856 | U38: <<증감처리
B39: 재 고 현 황 | O39: [단위:리터/원]
C40: 전일 | F40: 금일 | N40: 복합단가 | O40: 증감 | Q40: 12월 31일 | R40: 신광 56천 | S40: 2대출고
C41: 재고 | F41: 입고 | H41: 출고 | K41: 마 감 재 고 | M41: 재고율 | Q41: 01월 02일 | R41: 신광 28천 | S41: 1대출고
B42: 휘발유 | Q42: 01월 05일 | R42: 신광 28천 | S42: 1대출고
B43: 등 유 | C43: =SUM($E$9) -> #REF! | F43: =$K$29 -> 0 | H43: =$D$23 -> 0 | K43: =$C$43-$H$43+$F$43+$O$43 -> #REF! | M43: =SUM($K$43)/$D$9 -> #REF! | N43: =$G$36 -> #REF! | Q43: 01월 07일 | R43: 신광 28천 | S43: 1대출고
B44: 경 유 | C44: =SUM($E$10) -> 407560 | F44: =$K$30 -> 0 | H44: =$L$23 -> 0 | K44: =$C$44-$H$44+$F$44+$O$44 -> 408416 | M44: =SUM($K$44)/D10 -> 0.51052 | N44: =$G$37 -> 1443.892 | O44: 856
G45: 복합단가의 재고수량과 단가는 보관물량 제외니 참고해주세요!

Sheet 0109
B1: ◈ KK저장소 복합단가 운영표 - 침산저장소
B5: 이 월 재 고 | G5: [단위:리터/원]
B7: 유종 | D7: 탱크용량 | E7: 재고수량 | F7: 재고율 | G7: 단가
C8: G | D8: 0 | E8: 0 | F8: 0 | G8: 0
C9: K | D9: 0 | E9: =SUM(#REF!) -> #REF! | G9: =SUM(#REF!) -> #REF!
C10: D | D10: 800000 | E10: =SUM('0107'!K44:L44) -> 408416 | G10: =SUM('0107'!N44) -> 1443.892
B13: 출고내역(K) | G13: [단위:리터/원] | J13: 출고내역(LD) | O13: [단위:리터/원]
B14: 유종 | C14: 일반매출(사내이관 포함) | J14: 유종 | K14: 일반매출(사내이관 포함)
C15: 거래처명 | D15: 수량 | E15: 출고단가 | F15: 재고단가 | G15: 단가차액 | H15: 이익 | K15: 거래처명 | L15: 수량 | M15: 출고단가 | N15: 재고단가 | O15: 단가차액 | P15: 이익
B16: 실내 등유 | F16: =IF(D16="","",(SUM($G$9))) | G16: =IF(D16="","",(SUM(E16)-F16)) | H16: =IF(D16="","",(D16*G16)) | J16: 경유 | K16: 침산2 | L16: 20000 | N16: =IF(L16="","",($G$10)) -> 1443.892 | O16: =IF(L16="","",(SUM(M16)-N16)) -> -1443.892 | P16: =IF(L16="","",(L16*O16)) -> -28877839
F17: =IF(D17="","",(SUM($G$9))) | G17: =IF(D17="","",(SUM(E17)-F17)) | H17: =IF(D17="","",(D17*G17)) | K17: 세양개발 | L17: 8000 | N17: =IF(L17="","",($G$10)) -> 1443.892 | O17: =IF(L17="","",(SUM(M17)-N17)) -> -1443.892 | P17: =IF(L17="","",(L17*O17)) -> -11551136
F18: =IF(D18="","",(SUM($G$9))) | G18: =IF(D18="","",(SUM(E18)-F18)) | H18: =IF(D18="","",(D18*G18)) | N18: =IF(L18="","",($G$10)) | O18: =IF(L18="","",(SUM(M18)-N18)) | P18: =IF(L18="","",(L18*O18))
F19: =IF(D19="","",(SUM($G$9))) | G19: =IF(D19="","",(SUM(E19)-F19)) | H19: =IF(D19="","",(D19*G19)) | N19: =IF(L19="","",($G$10)) | O19: =IF(L19="","",(SUM(M19)-N19)) | P19: =IF(L19="","",(L19*O19))
F20: =IF(D20="","",(SUM($G$9))) | G20: =IF(D20="","",(SUM(E20)-F20)) | H20: =IF(D20="","",(D20*G20)) | N20: =IF(L20="","",($G$10)) | O20: =IF(L20="","",(SUM(M20)-N20)) | P20: =IF(L20="","",(L20*O20))
F21: =IF(D21="","",(SUM($G$9))) | G21: =IF(D21="","",(SUM(E21)-F21)) | H21: =IF(D21="","",(D21*G21)) | N21: =IF(L21="","",($G$10)) | O21: =IF(L21="","",(SUM(M21)-N21)) | P21: =IF(L21="","",(L21*O21))
F22: =IF(D22="","",(SUM($G$9))) | G22: =IF(D22="","",(SUM(E22)-F22)) | H22: =IF(D22="","",(D22*G22)) | N22: =IF(L22="","",($G$10)) | O22: =IF(L22="","",(SUM(M22)-N22)) | P22: =IF(L22="","",(L22*O22))
B23: 소 계 | D23: =SUM(D16:D22) -> 0 | H23: =SUM(H16:H22) -> 0 | J23: 소 계 | L23: =SUM(L16:L22) -> 28000 | P23: =SUM(P16:P22) -> -40428975
B26: 마 감 재 고 | G26: [단위:리터/원] | J26: 입 고 내 역 | O26: [단위:리터/원]
B27: 유종 | C27: 수량 | E27: 단가 | G27: 환산금액 | J27: 유종 | K27: 수량 | M27: 사입단가 | O27: 환산금액
B28: G | C28: 0 | E28: 0 | G28: 0 | J28: G | K28: 0 | M28: 0 | O28: 0
B29: K | C29: =$E$9-$D$23 -> #REF! | E29: =$G$9 -> #REF! | G29: =C29*E29 -> #REF! | J29: K | O29: =K29*M29 -> 0
B30: D | C30: =$E$10-$L$23 -> 380416 | E30: =$G$10 -> 1443.892 | G30: =C30*E30 -> 5.4927961e+08 | J30: D | O30: =K30*M30 -> 0
B33: 복 합 단 가
B34: 유종 | C34: 수량 | E34: 금액 | G34: 복 합 단 가
B35: G | C35: 0 | E35: 0 | G35: 0 | R35: 별도 보관물량(국세청 제외)
B36: K | C36: =$C$29+$K$29 -> #REF! | E36: =$G$29+$O$29 -> #REF! | G36: =E36/C36 -> #REF!
B37: D | C37: =$C$30+$K$30 -> 380416 | E37: =$G$30+$O$30-K37 -> 5.4927961e+08 | G37: =E37/C37 -> 1443.892
B39: 재 고 현 황 | O39: [단위:리터/원]
C40: 전일 | F40: 금일 | N40: 복합단가 | O40: 증감
C41: 재고 | F41: 입고 | H41: 출고 | K41: 마 감 재 고 | M41: 재고율
B42: 휘발유
B43: 등 유 | C43: =SUM($E$9) -> #REF! | F43: =$K$29 -> 0 | H43: =$D$23 -> 0 | K43: =$C$43-$H$43+$F$43+$O$43 -> #REF! | M43: =SUM($K$43)/$D$9 -> #REF! | N43: =$G$36 -> #REF!
B44: 경 유 | C44: =SUM($E$10) -> 408416 | F44: =$K$30 -> 0 | H44: =$L$23 -> 28000 | K44: =$C$44-$H$44+$F$44+$O$44 -> 380416 | M44: =SUM($K$44)/D10 -> 0.47552 | N44: =$G$37 -> 1443.892
G45: 복합단가의 재고수량과 단가는 보관물량 제외니 참고해주세요!

Sheet 0119
B1: ◈ KK저장소 복합단가 운영표 - 침산저장소
B5: 이 월 재 고 | G5: [단위:리터/원]
B7: 유종 | D7: 탱크용량 | E7: 재고수량 | F7: 재고율 | G7: 단가
C8: G | D8: 0 | E8: 0 | F8: 0 | G8: 0
C9: K | D9: 0 | E9: =SUM(#REF!) -> #REF! | G9: =SUM(#REF!) -> #REF!
C10: D | D10: 800000 | E10: =SUM('0109'!K44:L44) -> 380416 | G10: =SUM('0109'!N44) -> 1443.892
B13: 출고내역(K) | G13: [단위:리터/원] | J13: 출고내역(LD) | O13: [단위:리터/원]
B14: 유종 | C14: 일반매출(사내이관 포함) | J14: 유종 | K14: 일반매출(사내이관 포함)
C15: 거래처명 | D15: 수량 | E15: 출고단가 | F15: 재고단가 | G15: 단가차액 | H15: 이익 | K15: 거래처명 | L15: 수량 | M15: 출고단가 | N15: 재고단가 | O15: 단가차액 | P15: 이익
B16: 실내 등유 | F16: =IF(D16="","",(SUM($G$9))) | G16: =IF(D16="","",(SUM(E16)-F16)) | H16: =IF(D16="","",(D16*G16)) | J16: 경유 | K16: 중앙2 | L16: 28000 | N16: =IF(L16="","",($G$10)) -> 1443.892 | O16: =IF(L16="","",(SUM(M16)-N16)) -> -1443.892 | P16: =IF(L16="","",(L16*O16)) -> -40428975
F17: =IF(D17="","",(SUM($G$9))) | G17: =IF(D17="","",(SUM(E17)-F17)) | H17: =IF(D17="","",(D17*G17)) | K17: 신라 | L17: 32000 | N17: =IF(L17="","",($G$10)) -> 1443.892 | O17: =IF(L17="","",(SUM(M17)-N17)) -> -1443.892 | P17: =IF(L17="","",(L17*O17)) -> -46204543
F18: =IF(D18="","",(SUM($G$9))) | G18: =IF(D18="","",(SUM(E18)-F18)) | H18: =IF(D18="","",(D18*G18)) | N18: =IF(L18="","",($G$10)) | O18: =IF(L18="","",(SUM(M18)-N18)) | P18: =IF(L18="","",(L18*O18))
F19: =IF(D19="","",(SUM($G$9))) | G19: =IF(D19="","",(SUM(E19)-F19)) | H19: =IF(D19="","",(D19*G19)) | N19: =IF(L19="","",($G$10)) | O19: =IF(L19="","",(SUM(M19)-N19)) | P19: =IF(L19="","",(L19*O19))
F20: =IF(D20="","",(SUM($G$9))) | G20: =IF(D20="","",(SUM(E20)-F20)) | H20: =IF(D20="","",(D20*G20)) | N20: =IF(L20="","",($G$10)) | O20: =IF(L20="","",(SUM(M20)-N20)) | P20: =IF(L20="","",(L20*O20))
F21: =IF(D21="","",(SUM($G$9))) | G21: =IF(D21="","",(SUM(E21)-F21)) | H21: =IF(D21="","",(D21*G21)) | N21: =IF(L21="","",($G$10)) | O21: =IF(L21="","",(SUM(M21)-N21)) | P21: =IF(L21="","",(L21*O21))
F22: =IF(D22="","",(SUM($G$9))) | G22: =IF(D22="","",(SUM(E22)-F22)) | H22: =IF(D22="","",(D22*G22)) | N22: =IF(L22="","",($G$10)) | O22: =IF(L22="","",(SUM(M22)-N22)) | P22: =IF(L22="","",(L22*O22))
B23: 소 계 | D23: =SUM(D16:D22) -> 0 | H23: =SUM(H16:H22) -> 0 | J23: 소 계 | L23: =SUM(L16:L22) -> 60000 | P23: =SUM(P16:P22) -> -86633518
B26: 마 감 재 고 | G26: [단위:리터/원] | J26: 입 고 내 역 | O26: [단위:리터/원]
B27: 유종 | C27: 수량 | E27: 단가 | G27: 환산금액 | J27: 유종 | K27: 수량 | M27: 사입단가 | O27: 환산금액
B28: G | C28: 0 | E28: 0 | G28: 0 | J28: G | K28: 0 | M28: 0 | O28: 0
B29: K | C29: =$E$9-$D$23 -> #REF! | E29: =$G$9 -> #REF! | G29: =C29*E29 -> #REF! | J29: K | O29: =K29*M29 -> 0
B30: D | C30: =$E$10-$L$23 -> 320416 | E30: =$G$10 -> 1443.892 | G30: =C30*E30 -> 4.6264609e+08 | J30: D | O30: =K30*M30 -> 0
B33: 복 합 단 가
B34: 유종 | C34: 수량 | E34: 금액 | G34: 복 합 단 가
B35: G | C35: 0 | E35: 0 | G35: 0 | R35: 별도 보관물량(국세청 제외)
B36: K | C36: =$C$29+$K$29 -> #REF! | E36: =$G$29+$O$29 -> #REF! | G36: =E36/C36 -> #REF!
B37: D | C37: =$C$30+$K$30 -> 320416 | E37: =$G$30+$O$30-K37 -> 4.6264609e+08 | G37: =E37/C37 -> 1443.892
B39: 재 고 현 황 | O39: [단위:리터/원]
C40: 전일 | F40: 금일 | N40: 복합단가 | O40: 증감
C41: 재고 | F41: 입고 | H41: 출고 | K41: 마 감 재 고 | M41: 재고율
B42: 휘발유
B43: 등 유 | C43: =SUM($E$9) -> #REF! | F43: =$K$29 -> 0 | H43: =$D$23 -> 0 | K43: =$C$43-$H$43+$F$43+$O$43 -> #REF! | M43: =SUM($K$43)/$D$9 -> #REF! | N43: =$G$36 -> #REF!
B44: 경 유 | C44: =SUM($E$10) -> 380416 | F44: =$K$30 -> 0 | H44: =$L$23 -> 60000 | K44: =$C$44-$H$44+$F$44+$O$44 -> 320416 | M44: =SUM($K$44)/D10 -> 0.40052 | N44: =$G$37 -> 1443.892
G45: 복합단가의 재고수량과 단가는 보관물량 제외니 참고해주세요!

Sheet 0120
B1: ◈ KK저장소 복합단가 운영표 - 침산저장소
B5: 이 월 재 고 | G5: [단위:리터/원]
B7: 유종 | D7: 탱크용량 | E7: 재고수량 | F7: 재고율 | G7: 단가
C8: G | D8: 0 | E8: 0 | F8: 0 | G8: 0
C9: K | D9: 0 | E9: =SUM(#REF!) -> #REF! | G9: =SUM(#REF!) -> #REF!
C10: D | D10: 800000 | E10: =SUM('0119'!K44:L44) -> 320416 | G10: =SUM('0119'!N44) -> 1443.892
B13: 출고내역(K) | G13: [단위:리터/원] | J13: 출고내역(LD) | O13: [단위:리터/원]
B14: 유종 | C14: 일반매출(사내이관 포함) | J14: 유종 | K14: 일반매출(사내이관 포함)
C15: 거래처명 | D15: 수량 | E15: 출고단가 | F15: 재고단가 | G15: 단가차액 | H15: 이익 | K15: 거래처명 | L15: 수량 | M15: 출고단가 | N15: 재고단가 | O15: 단가차액 | P15: 이익
B16: 실내 등유 | F16: =IF(D16="","",(SUM($G$9))) | G16: =IF(D16="","",(SUM(E16)-F16)) | H16: =IF(D16="","",(D16*G16)) | J16: 경유 | K16: 영강 | L16: 28000 | N16: =IF(L16="","",($G$10)) -> 1443.892 | O16: =IF(L16="","",(SUM(M16)-N16)) -> -1443.892 | P16: =IF(L16="","",(L16*O16)) -> -40428975
F17: =IF(D17="","",(SUM($G$9))) | G17: =IF(D17="","",(SUM(E17)-F17)) | H17: =IF(D17="","",(D17*G17)) | K17: 침산 | L17: 28000 | N17: =IF(L17="","",($G$10)) -> 1443.892 | O17: =IF(L17="","",(SUM(M17)-N17)) -> -1443.892 | P17: =IF(L17="","",(L17*O17)) -> -40428975
F18: =IF(D18="","",(SUM($G$9))) | G18: =IF(D18="","",(SUM(E18)-F18)) | H18: =IF(D18="","",(D18*G18)) | N18: =IF(L18="","",($G$10)) | O18: =IF(L18="","",(SUM(M18)-N18)) | P18: =IF(L18="","",(L18*O18))
F19: =IF(D19="","",(SUM($G$9))) | G19: =IF(D19="","",(SUM(E19)-F19)) | H19: =IF(D19="","",(D19*G19)) | N19: =IF(L19="","",($G$10)) | O19: =IF(L19="","",(SUM(M19)-N19)) | P19: =IF(L19="","",(L19*O19))
F20: =IF(D20="","",(SUM($G$9))) | G20: =IF(D20="","",(SUM(E20)-F20)) | H20: =IF(D20="","",(D20*G20)) | N20: =IF(L20="","",($G$10)) | O20: =IF(L20="","",(SUM(M20)-N20)) | P20: =IF(L20="","",(L20*O20))
F21: =IF(D21="","",(SUM($G$9))) | G21: =IF(D21="","",(SUM(E21)-F21)) | H21: =IF(D21="","",(D21*G21)) | N21: =IF(L21="","",($G$10)) | O21: =IF(L21="","",(SUM(M21)-N21)) | P21: =IF(L21="","",(L21*O21))
F22: =IF(D22="","",(SUM($G$9))) | G22: =IF(D22="","",(SUM(E22)-F22)) | H22: =IF(D22="","",(D22*G22)) | N22: =IF(L22="","",($G$10)) | O22: =IF(L22="","",(SUM(M22)-N22)) | P22: =IF(L22="","",(L22*O22))
B23: 소 계 | D23: =SUM(D16:D22) -> 0 | H23: =SUM(H16:H22) -> 0 | J23: 소 계 | L23: =SUM(L16:L22) -> 56000 | P23: =SUM(P16:P22) -> -80857951
B26: 마 감 재 고 | G26: [단위:리터/원] | J26: 입 고 내 역 | O26: [단위:리터/원]
B27: 유종 | C27: 수량 | E27: 단가 | G27: 환산금액 | J27: 유종 | K27: 수량 | M27: 사입단가 | O27: 환산금액
B28: G | C28: 0 | E28: 0 | G28: 0 | J28: G | K28: 0 | M28: 0 | O28: 0
B29: K | C29: =$E$9-$D$23 -> #REF! | E29: =$G$9 -> #REF! | G29: =C29*E29 -> #REF! | J29: K | O29: =K29*M29 -> 0
B30: D | C30: =$E$10-$L$23 -> 264416 | E30: =$G$10 -> 1443.892 | G30: =C30*E30 -> 3.8178814e+08 | J30: D | O30: =K30*M30 -> 0
B33: 복 합 단 가
B34: 유종 | C34: 수량 | E34: 금액 | G34: 복 합 단 가
B35: G | C35: 0 | E35: 0 | G35: 0 | R35: 별도 보관물량(국세청 제외)
B36: K | C36: =$C$29+$K$29 -> #REF! | E36: =$G$29+$O$29 -> #REF! | G36: =E36/C36 -> #REF!
B37: D | C37: =$C$30+$K$30 -> 264416 | E37: =$G$30+$O$30-K37 -> 3.8178814e+08 | G37: =E37/C37 -> 1443.892
B39: 재 고 현 황 | O39: [단위:리터/원]
C40: 전일 | F40: 금일 | N40: 복합단가 | O40: 증감
C41: 재고 | F41: 입고 | H41: 출고 | K41: 마 감 재 고 | M41: 재고율
B42: 휘발유
B43: 등 유 | C43: =SUM($E$9) -> #REF! | F43: =$K$29 -> 0 | H43: =$D$23 -> 0 | K43: =$C$43-$H$43+$F$43+$O$43 -> #REF! | M43: =SUM($K$43)/$D$9 -> #REF! | N43: =$G$36 -> #REF!
B44: 경 유 | C44: =SUM($E$10) -> 320416 | F44: =$K$30 -> 0 | H44: =$L$23 -> 56000 | K44: =$C$44-$H$44+$F$44+$O$44 -> 264416 | M44: =SUM($K$44)/D10 -> 0.33052 | N44: =$G$37 -> 1443.892
G45: 복합단가의 재고수량과 단가는 보관물량 제외니 참고해주세요!

Sheet 0122
B1: ◈ KK저장소 복합단가 운영표 - 침산저장소
B5: 이 월 재 고 | G5: [단위:리터/원]
B7: 유종 | D7: 탱크용량 | E7: 재고수량 | F7: 재고율 | G7: 단가
C8: G | D8: 0 | E8: 0 | F8: 0 | G8: 0
C9: K | D9: 0 | E9: =SUM(#REF!) -> #REF! | G9: =SUM(#REF!) -> #REF!
C10: D | D10: 800000 | E10: =SUM('0120'!K44:L44) -> 264416 | G10: =SUM('0120'!N44) -> 1443.892
B13: 출고내역(K) | G13: [단위:리터/원] | J13: 출고내역(LD) | O13: [단위:리터/원]
B14: 유종 | C14: 일반매출(사내이관 포함) | J14: 유종 | K14: 일반매출(사내이관 포함)
C15: 거래처명 | D15: 수량 | E15: 출고단가 | F15: 재고단가 | G15: 단가차액 | H15: 이익 | K15: 거래처명 | L15: 수량 | M15: 출고단가 | N15: 재고단가 | O15: 단가차액 | P15: 이익
B16: 실내 등유 | F16: =IF(D16="","",(SUM($G$9))) | G16: =IF(D16="","",(SUM(E16)-F16)) | H16: =IF(D16="","",(D16*G16)) | J16: 경유 | K16: 세양개발 | L16: 8000 | N16: =IF(L16="","",($G$10)) -> 1443.892 | O16: =IF(L16="","",(SUM(M16)-N16)) -> -1443.892 | P16: =IF(L16="","",(L16*O16)) -> -11551136
F17: =IF(D17="","",(SUM($G$9))) | G17: =IF(D17="","",(SUM(E17)-F17)) | H17: =IF(D17="","",(D17*G17)) | N17: =IF(L17="","",($G$10)) | O17: =IF(L17="","",(SUM(M17)-N17)) | P17: =IF(L17="","",(L17*O17))
F18: =IF(D18="","",(SUM($G$9))) | G18: =IF(D18="","",(SUM(E18)-F18)) | H18: =IF(D18="","",(D18*G18)) | N18: =IF(L18="","",($G$10)) | O18: =IF(L18="","",(SUM(M18)-N18)) | P18: =IF(L18="","",(L18*O18))
F19: =IF(D19="","",(SUM($G$9))) | G19: =IF(D19="","",(SUM(E19)-F19)) | H19: =IF(D19="","",(D19*G19)) | N19: =IF(L19="","",($G$10)) | O19: =IF(L19="","",(SUM(M19)-N19)) | P19: =IF(L19="","",(L19*O19))
F20: =IF(D20="","",(SUM($G$9))) | G20: =IF(D20="","",(SUM(E20)-F20)) | H20: =IF(D20="","",(D20*G20)) | N20: =IF(L20="","",($G$10)) | O20: =IF(L20="","",(SUM(M20)-N20)) | P20: =IF(L20="","",(L20*O20))
F21: =IF(D21="","",(SUM($G$9))) | G21: =IF(D21="","",(SUM(E21)-F21)) | H21: =IF(D21="","",(D21*G21)) | N21: =IF(L21="","",($G$10)) | O21: =IF(L21="","",(SUM(M21)-N21)) | P21: =IF(L21="","",(L21*O21))
F22: =IF(D22="","",(SUM($G$9))) | G22: =IF(D22="","",(SUM(E22)-F22)) | H22: =IF(D22="","",(D22*G22)) | N22: =IF(L22="","",($G$10)) | O22: =IF(L22="","",(SUM(M22)-N22)) | P22: =IF(L22="","",(L22*O22))
B23: 소 계 | D23: =SUM(D16:D22) -> 0 | H23: =SUM(H16:H22) -> 0 | J23: 소 계 | L23: =SUM(L16:L22) -> 8000 | P23: =SUM(P16:P22) -> -11551136
B26: 마 감 재 고 | G26: [단위:리터/원] | J26: 입 고 내 역 | O26: [단위:리터/원]
B27: 유종 | C27: 수량 | E27: 단가 | G27: 환산금액 | J27: 유종 | K27: 수량 | M27: 사입단가 | O27: 환산금액
B28: G | C28: 0 | E28: 0 | G28: 0 | J28: G | K28: 0 | M28: 0 | O28: 0
B29: K | C29: =$E$9-$D$23 -> #REF! | E29: =$G$9 -> #REF! | G29: =C29*E29 -> #REF! | J29: K | O29: =K29*M29 -> 0
B30: D | C30: =$E$10-$L$23 -> 256416 | E30: =$G$10 -> 1443.892 | G30: =C30*E30 -> 3.70237e+08 | J30: D | O30: =K30*M30 -> 0
B33: 복 합 단 가
B34: 유종 | C34: 수량 | E34: 금액 | G34: 복 합 단 가
B35: G | C35: 0 | E35: 0 | G35: 0 | R35: 별도 보관물량(국세청 제외)
B36: K | C36: =$C$29+$K$29 -> #REF! | E36: =$G$29+$O$29 -> #REF! | G36: =E36/C36 -> #REF!
B37: D | C37: =$C$30+$K$30 -> 256416 | E37: =$G$30+$O$30-K37 -> 3.70237e+08 | G37: =E37/C37 -> 1443.892
B39: 재 고 현 황 | O39: [단위:리터/원]
C40: 전일 | F40: 금일 | N40: 복합단가 | O40: 증감
C41: 재고 | F41: 입고 | H41: 출고 | K41: 마 감 재 고 | M41: 재고율
B42: 휘발유
B43: 등 유 | C43: =SUM($E$9) -> #REF! | F43: =$K$29 -> 0 | H43: =$D$23 -> 0 | K43: =$C$43-$H$43+$F$43+$O$43 -> #REF! | M43: =SUM($K$43)/$D$9 -> #REF! | N43: =$G$36 -> #REF!
B44: 경 유 | C44: =SUM($E$10) -> 264416 | F44: =$K$30 -> 0 | H44: =$L$23 -> 8000 | K44: =$C$44-$H$44+$F$44+$O$44 -> 256416 | M44: =SUM($K$44)/D10 -> 0.32052 | N44: =$G$37 -> 1443.892
G45: 복합단가의 재고수량과 단가는 보관물량 제외니 참고해주세요!

Sheet 0127
B1: ◈ KK저장소 복합단가 운영표 - 침산저장소
B5: 이 월 재 고 | G5: [단위:리터/원]
B7: 유종 | D7: 탱크용량 | E7: 재고수량 | F7: 재고율 | G7: 단가
C8: G | D8: 0 | E8: 0 | F8: 0 | G8: 0
C9: K | D9: 0 | E9: =SUM(#REF!) -> #REF! | G9: =SUM(#REF!) -> #REF!
C10: D | D10: 800000 | E10: =SUM('0122'!K44:L44) -> 256416 | G10: =SUM('0122'!N44) -> 1443.892
B13: 출고내역(K) | G13: [단위:리터/원] | J13: 출고내역(LD) | O13: [단위:리터/원]
B14: 유종 | C14: 일반매출(사내이관 포함) | J14: 유종 | K14: 일반매출(사내이관 포함)
C15: 거래처명 | D15: 수량 | E15: 출고단가 | F15: 재고단가 | G15: 단가차액 | H15: 이익 | K15: 거래처명 | L15: 수량 | M15: 출고단가 | N15: 재고단가 | O15: 단가차액 | P15: 이익
B16: 실내 등유 | F16: =IF(D16="","",(SUM($G$9))) | G16: =IF(D16="","",(SUM(E16)-F16)) | H16: =IF(D16="","",(D16*G16)) | J16: 경유 | N16: =IF(L16="","",($G$10)) | O16: =IF(L16="","",(SUM(M16)-N16)) | P16: =IF(L16="","",(L16*O16))
F17: =IF(D17="","",(SUM($G$9))) | G17: =IF(D17="","",(SUM(E17)-F17)) | H17: =IF(D17="","",(D17*G17)) | N17: =IF(L17="","",($G$10)) | O17: =IF(L17="","",(SUM(M17)-N17)) | P17: =IF(L17="","",(L17*O17))
F18: =IF(D18="","",(SUM($G$9))) | G18: =IF(D18="","",(SUM(E18)-F18)) | H18: =IF(D18="","",(D18*G18)) | N18: =IF(L18="","",($G$10)) | O18: =IF(L18="","",(SUM(M18)-N18)) | P18: =IF(L18="","",(L18*O18))
F19: =IF(D19="","",(SUM($G$9))) | G19: =IF(D19="","",(SUM(E19)-F19)) | H19: =IF(D19="","",(D19*G19)) | N19: =IF(L19="","",($G$10)) | O19: =IF(L19="","",(SUM(M19)-N19)) | P19: =IF(L19="","",(L19*O19))
F20: =IF(D20="","",(SUM($G$9))) | G20: =IF(D20="","",(SUM(E20)-F20)) | H20: =IF(D20="","",(D20*G20)) | N20: =IF(L20="","",($G$10)) | O20: =IF(L20="","",(SUM(M20)-N20)) | P20: =IF(L20="","",(L20*O20))
F21: =IF(D21="","",(SUM($G$9))) | G21: =IF(D21="","",(SUM(E21)-F21)) | H21: =IF(D21="","",(D21*G21)) | N21: =IF(L21="","",($G$10)) | O21: =IF(L21="","",(SUM(M21)-N21)) | P21: =IF(L21="","",(L21*O21))
F22: =IF(D22="","",(SUM($G$9))) | G22: =IF(D22="","",(SUM(E22)-F22)) | H22: =IF(D22="","",(D22*G22)) | N22: =IF(L22="","",($G$10)) | O22: =IF(L22="","",(SUM(M22)-N22)) | P22: =IF(L22="","",(L22*O22))
B23: 소 계 | D23: =SUM(D16:D22) -> 0 | H23: =SUM(H16:H22) -> 0 | J23: 소 계 | L23: =SUM(L16:L22) -> 0 | P23: =SUM(P16:P22) -> 0
B26: 마 감 재 고 | G26: [단위:리터/원] | J26: 입 고 내 역 | O26: [단위:리터/원]
B27: 유종 | C27: 수량 | E27: 단가 | G27: 환산금액 | J27: 유종 | K27: 수량 | M27: 사입단가 | O27: 환산금액
B28: G | C28: 0 | E28: 0 | G28: 0 | J28: G | K28: 0 | M28: 0 | O28: 0
B29: K | C29: =$E$9-$D$23 -> #REF! | E29: =$G$9 -> #REF! | G29: =C29*E29 -> #REF! | J29: K | O29: =K29*M29 -> 0
B30: D | C30: =$E$10-$L$23 -> 256416 | E30: =$G$10 -> 1443.892 | G30: =C30*E30 -> 3.70237e+08 | J30: D | O30: =K30*M30 -> 0
B33: 복 합 단 가
B34: 유종 | C34: 수량 | E34: 금액 | G34: 복 합 단 가
B35: G | C35: 0 | E35: 0 | G35: 0 | R35: 별도 보관물량(국세청 제외)
B36: K | C36: =$C$29+$K$29 -> #REF! | E36: =$G$29+$O$29 -> #REF! | G36: =E36/C36 -> #REF! | R36: 46049
B37: D | C37: =$C$30+$K$30 -> 256416 | E37: =$G$30+$O$30-K37 -> 3.70237e+08 | G37: =E37/C37 -> 1443.892 | R37: 신광 | S37: 용두
R38: =28185+28171 -> 56356 | S38: 32195
B39: 재 고 현 황 | O39: [단위:리터/원] | R39: 2대 | S39: 1대
C40: 전일 | F40: 금일 | N40: 복합단가 | O40: 증감
C41: 재고 | F41: 입고 | H41: 출고 | K41: 마 감 재 고 | M41: 재고율
B42: 휘발유
B43: 등 유 | C43: =SUM($E$9) -> #REF! | F43: =$K$29 -> 0 | H43: =$D$23 -> 0 | K43: =$C$43-$H$43+$F$43+$O$43 -> #REF! | M43: =SUM($K$43)/$D$9 -> #REF! | N43: =$G$36 -> #REF!
B44: 경 유 | C44: =SUM($E$10) -> 256416 | F44: =$K$30 -> 0 | H44: =$L$23 -> 0 | K44: =$C$44-$H$44+$F$44+$O$44 -> 256416 | M44: =SUM($K$44)/D10 -> 0.32052 | N44: =$G$37 -> 1443.892
G45: 복합단가의 재고수량과 단가는 보관물량 제외니 참고해주세요!

Sheet 0128
B1: ◈ KK저장소 복합단가 운영표 - 침산저장소
B5: 이 월 재 고 | G5: [단위:리터/원]
B7: 유종 | D7: 탱크용량 | E7: 재고수량 | F7: 재고율 | G7: 단가
C8: G | D8: 0 | E8: 0 | F8: 0 | G8: 0
C9: K | D9: 0 | E9: =SUM(#REF!) -> #REF! | G9: =SUM(#REF!) -> #REF!
C10: D | D10: 800000 | E10: =SUM('0127'!K44:L44) -> 256416 | G10: =SUM('0127'!N44) -> 1443.892
B13: 출고내역(K) | G13: [단위:리터/원] | J13: 출고내역(LD) | O13: [단위:리터/원]
B14: 유종 | C14: 일반매출(사내이관 포함) | J14: 유종 | K14: 일반매출(사내이관 포함)
C15: 거래처명 | D15: 수량 | E15: 출고단가 | F15: 재고단가 | G15: 단가차액 | H15: 이익 | K15: 거래처명 | L15: 수량 | M15: 출고단가 | N15: 재고단가 | O15: 단가차액 | P15: 이익
B16: 실내 등유 | F16: =IF(D16="","",(SUM($G$9))) | G16: =IF(D16="","",(SUM(E16)-F16)) | H16: =IF(D16="","",(D16*G16)) | J16: 경유 | N16: =IF(L16="","",($G$10)) | O16: =IF(L16="","",(SUM(M16)-N16)) | P16: =IF(L16="","",(L16*O16))
F17: =IF(D17="","",(SUM($G$9))) | G17: =IF(D17="","",(SUM(E17)-F17)) | H17: =IF(D17="","",(D17*G17)) | N17: =IF(L17="","",($G$10)) | O17: =IF(L17="","",(SUM(M17)-N17)) | P17: =IF(L17="","",(L17*O17))
F18: =IF(D18="","",(SUM($G$9))) | G18: =IF(D18="","",(SUM(E18)-F18)) | H18: =IF(D18="","",(D18*G18)) | N18: =IF(L18="","",($G$10)) | O18: =IF(L18="","",(SUM(M18)-N18)) | P18: =IF(L18="","",(L18*O18))
F19: =IF(D19="","",(SUM($G$9))) | G19: =IF(D19="","",(SUM(E19)-F19)) | H19: =IF(D19="","",(D19*G19)) | N19: =IF(L19="","",($G$10)) | O19: =IF(L19="","",(SUM(M19)-N19)) | P19: =IF(L19="","",(L19*O19))
F20: =IF(D20="","",(SUM($G$9))) | G20: =IF(D20="","",(SUM(E20)-F20)) | H20: =IF(D20="","",(D20*G20)) | N20: =IF(L20="","",($G$10)) | O20: =IF(L20="","",(SUM(M20)-N20)) | P20: =IF(L20="","",(L20*O20))
F21: =IF(D21="","",(SUM($G$9))) | G21: =IF(D21="","",(SUM(E21)-F21)) | H21: =IF(D21="","",(D21*G21)) | N21: =IF(L21="","",($G$10)) | O21: =IF(L21="","",(SUM(M21)-N21)) | P21: =IF(L21="","",(L21*O21))
F22: =IF(D22="","",(SUM($G$9))) | G22: =IF(D22="","",(SUM(E22)-F22)) | H22: =IF(D22="","",(D22*G22)) | N22: =IF(L22="","",($G$10)) | O22: =IF(L22="","",(SUM(M22)-N22)) | P22: =IF(L22="","",(L22*O22))
B23: 소 계 | D23: =SUM(D16:D22) -> 0 | H23: =SUM(H16:H22) -> 0 | J23: 소 계 | L23: =SUM(L16:L22) -> 0 | P23: =SUM(P16:P22) -> 0
B26: 마 감 재 고 | G26: [단위:리터/원] | J26: 입 고 내 역 | O26: [단위:리터/원]
B27: 유종 | C27: 수량 | E27: 단가 | G27: 환산금액 | J27: 유종 | K27: 수량 | M27: 사입단가 | O27: 환산금액
B28: G | C28: 0 | E28: 0 | G28: 0 | J28: G | K28: 0 | M28: 0 | O28: 0
B29: K | C29: =$E$9-$D$23 -> #REF! | E29: =$G$9 -> #REF! | G29: =C29*E29 -> #REF! | J29: K | O29: =K29*M29 -> 0
B30: D | C30: =$E$10-$L$23 -> 256416 | E30: =$G$10 -> 1443.892 | G30: =C30*E30 -> 3.70237e+08 | J30: D | K30: 28185 | M30: 1433.09 | O30: =K30*M30 -> 40391642
B33: 복 합 단 가
B34: 유종 | C34: 수량 | E34: 금액 | G34: 복 합 단 가
B35: G | C35: 0 | E35: 0 | G35: 0 | R35: 별도 보관물량(국세청 제외)
B36: K | C36: =$C$29+$K$29 -> #REF! | E36: =$G$29+$O$29 -> #REF! | G36: =E36/C36 -> #REF! | R36: 46049 | T36: 46050
B37: D | C37: =$C$30+$K$30 -> 284601 | E37: =$G$30+$O$30-K37 -> 4.1062865e+08 | G37: =E37/C37 -> 1442.8222 | R37: 신광 | S37: 용두 | T37: 신광 | U37: 용두
R38: =28185+28171 -> 56356 | S38: 32195 | T38: 84559 | U38: 64476
B39: 재 고 현 황 | O39: [단위:리터/원] | R39: 2대 | S39: 1대 | T39: 3대 | U39: 2대
C40: 전일 | F40: 금일 | N40: 복합단가 | O40: 증감
C41: 재고 | F41: 입고 | H41: 출고 | K41: 마 감 재 고 | M41: 재고율
B42: 휘발유
B43: 등 유 | C43: =SUM($E$9) -> #REF! | F43: =$K$29 -> 0 | H43: =$D$23 -> 0 | K43: =$C$43-$H$43+$F$43+$O$43 -> #REF! | M43: =SUM($K$43)/$D$9 -> #REF! | N43: =$G$36 -> #REF!
B44: 경 유 | C44: =SUM($E$10) -> 256416 | F44: =$K$30 -> 28185 | H44: =$L$23 -> 0 | K44: =$C$44-$H$44+$F$44+$O$44 -> 284601 | M44: =SUM($K$44)/D10 -> 0.35575125 | N44: =$G$37 -> 1442.8222
G45: 복합단가의 재고수량과 단가는 보관물량 제외니 참고해주세요!

Sheet 0129
B1: ◈ KK저장소 복합단가 운영표 - 침산저장소
B5: 이 월 재 고 | G5: [단위:리터/원]
B7: 유종 | D7: 탱크용량 | E7: 재고수량 | F7: 재고율 | G7: 단가
C8: G | D8: 0 | E8: 0 | F8: 0 | G8: 0
C9: K | D9: 0 | E9: =SUM(#REF!) -> #REF! | G9: =SUM(#REF!) -> #REF!
C10: D | D10: 800000 | E10: =SUM('0128'!K44:L44) -> 284601 | G10: =SUM('0128'!N44) -> 1442.8222
B13: 출고내역(K) | G13: [단위:리터/원] | J13: 출고내역(LD) | O13: [단위:리터/원]
B14: 유종 | C14: 일반매출(사내이관 포함) | J14: 유종 | K14: 일반매출(사내이관 포함)
C15: 거래처명 | D15: 수량 | E15: 출고단가 | F15: 재고단가 | G15: 단가차액 | H15: 이익 | K15: 거래처명 | L15: 수량 | M15: 출고단가 | N15: 재고단가 | O15: 단가차액 | P15: 이익
B16: 실내 등유 | F16: =IF(D16="","",(SUM($G$9))) | G16: =IF(D16="","",(SUM(E16)-F16)) | H16: =IF(D16="","",(D16*G16)) | J16: 경유 | K16: 세양개발 | L16: 8000 | N16: =IF(L16="","",($G$10)) -> 1442.8222 | O16: =IF(L16="","",(SUM(M16)-N16)) -> -1442.8222 | P16: =IF(L16="","",(L16*O16)) -> -11542578
F17: =IF(D17="","",(SUM($G$9))) | G17: =IF(D17="","",(SUM(E17)-F17)) | H17: =IF(D17="","",(D17*G17)) | N17: =IF(L17="","",($G$10)) | O17: =IF(L17="","",(SUM(M17)-N17)) | P17: =IF(L17="","",(L17*O17))
F18: =IF(D18="","",(SUM($G$9))) | G18: =IF(D18="","",(SUM(E18)-F18)) | H18: =IF(D18="","",(D18*G18)) | N18: =IF(L18="","",($G$10)) | O18: =IF(L18="","",(SUM(M18)-N18)) | P18: =IF(L18="","",(L18*O18))
F19: =IF(D19="","",(SUM($G$9))) | G19: =IF(D19="","",(SUM(E19)-F19)) | H19: =IF(D19="","",(D19*G19)) | N19: =IF(L19="","",($G$10)) | O19: =IF(L19="","",(SUM(M19)-N19)) | P19: =IF(L19="","",(L19*O19))
F20: =IF(D20="","",(SUM($G$9))) | G20: =IF(D20="","",(SUM(E20)-F20)) | H20: =IF(D20="","",(D20*G20)) | N20: =IF(L20="","",($G$10)) | O20: =IF(L20="","",(SUM(M20)-N20)) | P20: =IF(L20="","",(L20*O20))
F21: =IF(D21="","",(SUM($G$9))) | G21: =IF(D21="","",(SUM(E21)-F21)) | H21: =IF(D21="","",(D21*G21)) | N21: =IF(L21="","",($G$10)) | O21: =IF(L21="","",(SUM(M21)-N21)) | P21: =IF(L21="","",(L21*O21))
F22: =IF(D22="","",(SUM($G$9))) | G22: =IF(D22="","",(SUM(E22)-F22)) | H22: =IF(D22="","",(D22*G22)) | N22: =IF(L22="","",($G$10)) | O22: =IF(L22="","",(SUM(M22)-N22)) | P22: =IF(L22="","",(L22*O22))
B23: 소 계 | D23: =SUM(D16:D22) -> 0 | H23: =SUM(H16:H22) -> 0 | J23: 소 계 | L23: =SUM(L16:L22) -> 8000 | P23: =SUM(P16:P22) -> -11542578
B26: 마 감 재 고 | G26: [단위:리터/원] | J26: 입 고 내 역 | O26: [단위:리터/원]
B27: 유종 | C27: 수량 | E27: 단가 | G27: 환산금액 | J27: 유종 | K27: 수량 | M27: 사입단가 | O27: 환산금액
B28: G | C28: 0 | E28: 0 | G28: 0 | J28: G | K28: 0 | M28: 0 | O28: 0
B29: K | C29: =$E$9-$D$23 -> #REF! | E29: =$G$9 -> #REF! | G29: =C29*E29 -> #REF! | J29: K | O29: =K29*M29 -> 0
B30: D | C30: =$E$10-$L$23 -> 276601 | E30: =$G$10 -> 1442.8222 | G30: =C30*E30 -> 3.9908607e+08 | J30: D | K30: 28216 | M30: 1433.09 | O30: =K30*M30 -> 40436067
B33: 복 합 단 가
B34: 유종 | C34: 수량 | E34: 금액 | G34: 복 합 단 가
B35: G | C35: 0 | E35: 0 | G35: 0 | R35: 별도 보관물량(국세청 제외)
B36: K | C36: =$C$29+$K$29 -> #REF! | E36: =$G$29+$O$29 -> #REF! | G36: =E36/C36 -> #REF! | R36: 46049 | T36: 46050
B37: D | C37: =$C$30+$K$30 -> 304817 | E37: =$G$30+$O$30-K37 -> 4.3952214e+08 | G37: =E37/C37 -> 1441.9213 | R37: 신광 | S37: 용두 | T37: 용두 | U37: 신광
R38: =28185+28171 -> 56356 | S38: 32195 | T38: 64476 | U38: 84559
B39: 재 고 현 황 | O39: [단위:리터/원] | R39: 2대 | S39: 1대 | T39: 2대 | U39: 3대
C40: 전일 | F40: 금일 | N40: 복합단가 | O40: 증감
C41: 재고 | F41: 입고 | H41: 출고 | K41: 마 감 재 고 | M41: 재고율
B42: 휘발유
B43: 등 유 | C43: =SUM($E$9) -> #REF! | F43: =$K$29 -> 0 | H43: =$D$23 -> 0 | K43: =$C$43-$H$43+$F$43+$O$43 -> #REF! | M43: =SUM($K$43)/$D$9 -> #REF! | N43: =$G$36 -> #REF!
B44: 경 유 | C44: =SUM($E$10) -> 284601 | F44: =$K$30 -> 28216 | H44: =$L$23 -> 8000 | K44: =$C$44-$H$44+$F$44+$O$44 -> 304817 | M44: =SUM($K$44)/D10 -> 0.38102125 | N44: =$G$37 -> 1441.9213
G45: 복합단가의 재고수량과 단가는 보관물량 제외니 참고해주세요!

Sheet 0130
B1: ◈ KK저장소 복합단가 운영표 - 침산저장소
B5: 이 월 재 고 | G5: [단위:리터/원]
B7: 유종 | D7: 탱크용량 | E7: 재고수량 | F7: 재고율 | G7: 단가
C8: G | D8: 0 | E8: 0 | F8: 0 | G8: 0
C9: K | D9: 0 | E9: =SUM(#REF!) -> #REF! | G9: =SUM(#REF!) -> #REF!
C10: D | D10: 800000 | E10: =SUM('0129'!K44:L44) -> 304817 | G10: =SUM('0129'!N44) -> 1441.9213
B13: 출고내역(K) | G13: [단위:리터/원] | J13: 출고내역(LD) | O13: [단위:리터/원]
B14: 유종 | C14: 일반매출(사내이관 포함) | J14: 유종 | K14: 일반매출(사내이관 포함)
C15: 거래처명 | D15: 수량 | E15: 출고단가 | F15: 재고단가 | G15: 단가차액 | H15: 이익 | K15: 거래처명 | L15: 수량 | M15: 출고단가 | N15: 재고단가 | O15: 단가차액 | P15: 이익
B16: 실내 등유 | F16: =IF(D16="","",(SUM($G$9))) | G16: =IF(D16="","",(SUM(E16)-F16)) | H16: =IF(D16="","",(D16*G16)) | J16: 경유 | N16: =IF(L16="","",($G$10)) | O16: =IF(L16="","",(SUM(M16)-N16)) | P16: =IF(L16="","",(L16*O16))
F17: =IF(D17="","",(SUM($G$9))) | G17: =IF(D17="","",(SUM(E17)-F17)) | H17: =IF(D17="","",(D17*G17)) | N17: =IF(L17="","",($G$10)) | O17: =IF(L17="","",(SUM(M17)-N17)) | P17: =IF(L17="","",(L17*O17))
F18: =IF(D18="","",(SUM($G$9))) | G18: =IF(D18="","",(SUM(E18)-F18)) | H18: =IF(D18="","",(D18*G18)) | N18: =IF(L18="","",($G$10)) | O18: =IF(L18="","",(SUM(M18)-N18)) | P18: =IF(L18="","",(L18*O18))
F19: =IF(D19="","",(SUM($G$9))) | G19: =IF(D19="","",(SUM(E19)-F19)) | H19: =IF(D19="","",(D19*G19)) | N19: =IF(L19="","",($G$10)) | O19: =IF(L19="","",(SUM(M19)-N19)) | P19: =IF(L19="","",(L19*O19))
F20: =IF(D20="","",(SUM($G$9))) | G20: =IF(D20="","",(SUM(E20)-F20)) | H20: =IF(D20="","",(D20*G20)) | N20: =IF(L20="","",($G$10)) | O20: =IF(L20="","",(SUM(M20)-N20)) | P20: =IF(L20="","",(L20*O20))
F21: =IF(D21="","",(SUM($G$9))) | G21: =IF(D21="","",(SUM(E21)-F21)) | H21: =IF(D21="","",(D21*G21)) | N21: =IF(L21="","",($G$10)) | O21: =IF(L21="","",(SUM(M21)-N21)) | P21: =IF(L21="","",(L21*O21))
F22: =IF(D22="","",(SUM($G$9))) | G22: =IF(D22="","",(SUM(E22)-F22)) | H22: =IF(D22="","",(D22*G22)) | N22: =IF(L22="","",($G$10)) | O22: =IF(L22="","",(SUM(M22)-N22)) | P22: =IF(L22="","",(L22*O22))
B23: 소 계 | D23: =SUM(D16:D22) -> 0 | H23: =SUM(H16:H22) -> 0 | J23: 소 계 | L23: =SUM(L16:L22) -> 0 | P23: =SUM(P16:P22) -> 0
B26: 마 감 재 고 | G26: [단위:리터/원] | J26: 입 고 내 역 | O26: [단위:리터/원]
B27: 유종 | C27: 수량 | E27: 단가 | G27: 환산금액 | J27: 유종 | K27: 수량 | M27: 사입단가 | O27: 환산금액
B28: G | C28: 0 | E28: 0 | G28: 0 | J28: G | K28: 0 | M28: 0 | O28: 0
B29: K | C29: =$E$9-$D$23 -> #REF! | E29: =$G$9 -> #REF! | G29: =C29*E29 -> #REF! | J29: K | O29: =K29*M29 -> 0
B30: D | C30: =$E$10-$L$23 -> 304817 | E30: =$G$10 -> 1441.9213 | G30: =C30*E30 -> 4.3952214e+08 | J30: D | K30: 56492 | M30: 1433.09 | O30: =K30*M30 -> 80958120
B33: 복 합 단 가
B34: 유종 | C34: 수량 | E34: 금액 | G34: 복 합 단 가
B35: G | C35: 0 | E35: 0 | G35: 0 | R35: 별도 보관물량(국세청 제외)
B36: K | C36: =$C$29+$K$29 -> #REF! | E36: =$G$29+$O$29 -> #REF! | G36: =E36/C36 -> #REF! | R36: 46049 | T36: 46050
B37: D | C37: =$C$30+$K$30 -> 361309 | E37: =$G$30+$O$30-K37 -> 5.2048026e+08 | G37: =E37/C37 -> 1440.5405 | R37: 신광 | S37: 용두 | T37: 용두 | U37: 신광
R38: =28185+28171 -> 56356 | S38: 32195 | T38: 64476 | U38: 84559
B39: 재 고 현 황 | O39: [단위:리터/원] | R39: 2대 | S39: 1대 | T39: 2대 | U39: 3대
C40: 전일 | F40: 금일 | N40: 복합단가 | O40: 증감
C41: 재고 | F41: 입고 | H41: 출고 | K41: 마 감 재 고 | M41: 재고율
B42: 휘발유
B43: 등 유 | C43: =SUM($E$9) -> #REF! | F43: =$K$29 -> 0 | H43: =$D$23 -> 0 | K43: =$C$43-$H$43+$F$43+$O$43 -> #REF! | M43: =SUM($K$43)/$D$9 -> #REF! | N43: =$G$36 -> #REF!
B44: 경 유 | C44: =SUM($E$10) -> 304817 | F44: =$K$30 -> 56492 | H44: =$L$23 -> 0 | K44: =$C$44-$H$44+$F$44+$O$44 -> 361309 | M44: =SUM($K$44)/D10 -> 0.45163625 | N44: =$G$37 -> 1440.5405
G45: 복합단가의 재고수량과 단가는 보관물량 제외니 참고해주세요!

Sheet 0131
B1: ◈ KK저장소 복합단가 운영표 - 침산저장소
B5: 이 월 재 고 | G5: [단위:리터/원]
B7: 유종 | D7: 탱크용량 | E7: 재고수량 | F7: 재고율 | G7: 단가
C8: G | D8: 0 | E8: 0 | F8: 0 | G8: 0
C9: K | D9: 0 | E9: =SUM(#REF!) -> #REF! | G9: =SUM(#REF!) -> #REF!
C10: D | D10: 800000 | E10: =SUM('0130'!K44:L44) -> 361309 | G10: =SUM('0130'!N44) -> 1440.5405
B13: 출고내역(K) | G13: [단위:리터/원] | J13: 출고내역(LD) | O13: [단위:리터/원]
B14: 유종 | C14: 일반매출(사내이관 포함) | J14: 유종 | K14: 일반매출(사내이관 포함)
C15: 거래처명 | D15: 수량 | E15: 출고단가 | F15: 재고단가 | G15: 단가차액 | H15: 이익 | K15: 거래처명 | L15: 수량 | M15: 출고단가 | N15: 재고단가 | O15: 단가차액 | P15: 이익
B16: 실내 등유 | F16: =IF(D16="","",(SUM($G$9))) | G16: =IF(D16="","",(SUM(E16)-F16)) | H16: =IF(D16="","",(D16*G16)) | J16: 경유 | N16: =IF(L16="","",($G$10)) | O16: =IF(L16="","",(SUM(M16)-N16)) | P16: =IF(L16="","",(L16*O16))
F17: =IF(D17="","",(SUM($G$9))) | G17: =IF(D17="","",(SUM(E17)-F17)) | H17: =IF(D17="","",(D17*G17)) | N17: =IF(L17="","",($G$10)) | O17: =IF(L17="","",(SUM(M17)-N17)) | P17: =IF(L17="","",(L17*O17))
F18: =IF(D18="","",(SUM($G$9))) | G18: =IF(D18="","",(SUM(E18)-F18)) | H18: =IF(D18="","",(D18*G18)) | N18: =IF(L18="","",($G$10)) | O18: =IF(L18="","",(SUM(M18)-N18)) | P18: =IF(L18="","",(L18*O18))
F19: =IF(D19="","",(SUM($G$9))) | G19: =IF(D19="","",(SUM(E19)-F19)) | H19: =IF(D19="","",(D19*G19)) | N19: =IF(L19="","",($G$10)) | O19: =IF(L19="","",(SUM(M19)-N19)) | P19: =IF(L19="","",(L19*O19))
F20: =IF(D20="","",(SUM($G$9))) | G20: =IF(D20="","",(SUM(E20)-F20)) | H20: =IF(D20="","",(D20*G20)) | N20: =IF(L20="","",($G$10)) | O20: =IF(L20="","",(SUM(M20)-N20)) | P20: =IF(L20="","",(L20*O20))
F21: =IF(D21="","",(SUM($G$9))) | G21: =IF(D21="","",(SUM(E21)-F21)) | H21: =IF(D21="","",(D21*G21)) | N21: =IF(L21="","",($G$10)) | O21: =IF(L21="","",(SUM(M21)-N21)) | P21: =IF(L21="","",(L21*O21))
F22: =IF(D22="","",(SUM($G$9))) | G22: =IF(D22="","",(SUM(E22)-F22)) | H22: =IF(D22="","",(D22*G22)) | N22: =IF(L22="","",($G$10)) | O22: =IF(L22="","",(SUM(M22)-N22)) | P22: =IF(L22="","",(L22*O22))
B23: 소 계 | D23: =SUM(D16:D22) -> 0 | H23: =SUM(H16:H22) -> 0 | J23: 소 계 | L23: =SUM(L16:L22) -> 0 | P23: =SUM(P16:P22) -> 0
B26: 마 감 재 고 | G26: [단위:리터/원] | J26: 입 고 내 역 | O26: [단위:리터/원]
B27: 유종 | C27: 수량 | E27: 단가 | G27: 환산금액 | J27: 유종 | K27: 수량 | M27: 사입단가 | O27: 환산금액
B28: G | C28: 0 | E28: 0 | G28: 0 | J28: G | K28: 0 | M28: 0 | O28: 0
B29: K | C29: =$E$9-$D$23 -> #REF! | E29: =$G$9 -> #REF! | G29: =C29*E29 -> #REF! | J29: K | O29: =K29*M29 -> 0
B30: D | C30: =$E$10-$L$23 -> 361309 | E30: =$G$10 -> 1440.5405 | G30: =C30*E30 -> 5.2048026e+08 | J30: D | K30: 64000 | M30: 1479.5 | O30: =K30*M30 -> 94688000
B33: 복 합 단 가
B34: 유종 | C34: 수량 | E34: 금액 | G34: 복 합 단 가
B35: G | C35: 0 | E35: 0 | G35: 0 | R35: 별도 보관물량(국세청 제외)
B36: K | C36: =$C$29+$K$29 -> #REF! | E36: =$G$29+$O$29 -> #REF! | G36: =E36/C36 -> #REF! | R36: 46049 | T36: 46050
B37: D | C37: =$C$30+$K$30 -> 425309 | E37: =$G$30+$O$30-K37 -> 6.1516826e+08 | G37: =E37/C37 -> 1446.4031 | R37: 신광 | S37: 용두 | T37: 용두 | U37: 신광
R38: =28185+28171 -> 56356 | S38: 32195 | T38: 64476 | U38: 84559
B39: 재 고 현 황 | O39: [단위:리터/원] | R39: 2대 | S39: 1대 | T39: 2대 | U39: 3대
C40: 전일 | F40: 금일 | N40: 복합단가 | O40: 증감
C41: 재고 | F41: 입고 | H41: 출고 | K41: 마 감 재 고 | M41: 재고율
B42: 휘발유
B43: 등 유 | C43: =SUM($E$9) -> #REF! | F43: =$K$29 -> 0 | H43: =$D$23 -> 0 | K43: =$C$43-$H$43+$F$43+$O$43 -> #REF! | M43: =SUM($K$43)/$D$9 -> #REF! | N43: =$G$36 -> #REF!
B44: 경 유 | C44: =SUM($E$10) -> 361309 | F44: =$K$30 -> 64000 | H44: =$L$23 -> 0 | K44: =$C$44-$H$44+$F$44+$O$44 -> 425309 | M44: =SUM($K$44)/D10 -> 0.53163625 | N44: =$G$37 -> 1446.4031
G45: 복합단가의 재고수량과 단가는 보관물량 제외니 참고해주세요!

Sheet 0203
B1: ◈ KK저장소 복합단가 운영표 - 침산저장소
B5: 이 월 재 고 | G5: [단위:리터/원]
B7: 유종 | D7: 탱크용량 | E7: 재고수량 | F7: 재고율 | G7: 단가
C8: G | D8: 0 | E8: 0 | F8: 0 | G8: 0
C9: K | D9: 0 | E9: =SUM(#REF!) -> #REF! | G9: =SUM(#REF!) -> #REF!
C10: D | D10: 800000 | E10: =SUM('0131'!K44:L44) -> 425309 | G10: =SUM('0131'!N44) -> 1446.4031
B13: 출고내역(K) | G13: [단위:리터/원] | J13: 출고내역(LD) | O13: [단위:리터/원]
B14: 유종 | C14: 일반매출(사내이관 포함) | J14: 유종 | K14: 일반매출(사내이관 포함)
C15: 거래처명 | D15: 수량 | E15: 출고단가 | F15: 재고단가 | G15: 단가차액 | H15: 이익 | K15: 거래처명 | L15: 수량 | M15: 출고단가 | N15: 재고단가 | O15: 단가차액 | P15: 이익
B16: 실내 등유 | F16: =IF(D16="","",(SUM($G$9))) | G16: =IF(D16="","",(SUM(E16)-F16)) | H16: =IF(D16="","",(D16*G16)) | J16: 경유 | N16: =IF(L16="","",($G$10)) | O16: =IF(L16="","",(SUM(M16)-N16)) | P16: =IF(L16="","",(L16*O16))
F17: =IF(D17="","",(SUM($G$9))) | G17: =IF(D17="","",(SUM(E17)-F17)) | H17: =IF(D17="","",(D17*G17)) | N17: =IF(L17="","",($G$10)) | O17: =IF(L17="","",(SUM(M17)-N17)) | P17: =IF(L17="","",(L17*O17))
F18: =IF(D18="","",(SUM($G$9))) | G18: =IF(D18="","",(SUM(E18)-F18)) | H18: =IF(D18="","",(D18*G18)) | N18: =IF(L18="","",($G$10)) | O18: =IF(L18="","",(SUM(M18)-N18)) | P18: =IF(L18="","",(L18*O18))
F19: =IF(D19="","",(SUM($G$9))) | G19: =IF(D19="","",(SUM(E19)-F19)) | H19: =IF(D19="","",(D19*G19)) | N19: =IF(L19="","",($G$10)) | O19: =IF(L19="","",(SUM(M19)-N19)) | P19: =IF(L19="","",(L19*O19))
F20: =IF(D20="","",(SUM($G$9))) | G20: =IF(D20="","",(SUM(E20)-F20)) | H20: =IF(D20="","",(D20*G20)) | N20: =IF(L20="","",($G$10)) | O20: =IF(L20="","",(SUM(M20)-N20)) | P20: =IF(L20="","",(L20*O20))
F21: =IF(D21="","",(SUM($G$9))) | G21: =IF(D21="","",(SUM(E21)-F21)) | H21: =IF(D21="","",(D21*G21)) | N21: =IF(L21="","",($G$10)) | O21: =IF(L21="","",(SUM(M21)-N21)) | P21: =IF(L21="","",(L21*O21))
F22: =IF(D22="","",(SUM($G$9))) | G22: =IF(D22="","",(SUM(E22)-F22)) | H22: =IF(D22="","",(D22*G22)) | N22: =IF(L22="","",($G$10)) | O22: =IF(L22="","",(SUM(M22)-N22)) | P22: =IF(L22="","",(L22*O22))
B23: 소 계 | D23: =SUM(D16:D22) -> 0 | H23: =SUM(H16:H22) -> 0 | J23: 소 계 | L23: =SUM(L16:L22) -> 0 | P23: =SUM(P16:P22) -> 0
B26: 마 감 재 고 | G26: [단위:리터/원] | J26: 입 고 내 역 | O26: [단위:리터/원]
B27: 유종 | C27: 수량 | E27: 단가 | G27: 환산금액 | J27: 유종 | K27: 수량 | M27: 사입단가 | O27: 환산금액
B28: G | C28: 0 | E28: 0 | G28: 0 | J28: G | K28: 0 | M28: 0 | O28: 0
B29: K | C29: =$E$9-$D$23 -> #REF! | E29: =$G$9 -> #REF! | G29: =C29*E29 -> #REF! | J29: K | O29: =K29*M29 -> 0
B30: D | C30: =$E$10-$L$23 -> 425309 | E30: =$G$10 -> 1446.4031 | G30: =C30*E30 -> 6.1516826e+08 | J30: D | O30: =K30*M30 -> 0
B33: 복 합 단 가
B34: 유종 | C34: 수량 | E34: 금액 | G34: 복 합 단 가
B35: G | C35: 0 | E35: 0 | G35: 0 | R35: 별도 보관물량(국세청 제외)
B36: K | C36: =$C$29+$K$29 -> #REF! | E36: =$G$29+$O$29 -> #REF! | G36: =E36/C36 -> #REF! | R36: 46049 | T36: 46050
B37: D | C37: =$C$30+$K$30 -> 425309 | E37: =$G$30+$O$30-K37 -> 6.1516826e+08 | G37: =E37/C37 -> 1446.4031 | R37: 신광 | S37: 용두 | T37: 용두 | U37: 신광
R38: =28185+28171-28000 -> 28356 | S38: 32195 | T38: 64476 | U38: 84559
B39: 재 고 현 황 | O39: [단위:리터/원] | R39: 2대 | S39: 1대 | T39: 2대 | U39: 3대
C40: 전일 | F40: 금일 | N40: 복합단가 | O40: 증감
C41: 재고 | F41: 입고 | H41: 출고 | K41: 마 감 재 고 | M41: 재고율 | R41: 46056
B42: 휘발유 | R42: 신광 | S42: 28000 | T42: 1대출고
B43: 등 유 | C43: =SUM($E$9) -> #REF! | F43: =$K$29 -> 0 | H43: =$D$23 -> 0 | K43: =$C$43-$H$43+$F$43+$O$43 -> #REF! | M43: =SUM($K$43)/$D$9 -> #REF! | N43: =$G$36 -> #REF!
B44: 경 유 | C44: =SUM($E$10) -> 425309 | F44: =$K$30 -> 0 | H44: =$L$23 -> 0 | K44: =$C$44-$H$44+$F$44+$O$44 -> 425405 | M44: =SUM($K$44)/D10 -> 0.53175625 | N44: =$G$37 -> 1446.4031 | O44: 96
G45: 복합단가의 재고수량과 단가는 보관물량 제외니 참고해주세요!

Sheet 0205
B1: ◈ KK저장소 복합단가 운영표 - 침산저장소
B5: 이 월 재 고 | G5: [단위:리터/원]
B7: 유종 | D7: 탱크용량 | E7: 재고수량 | F7: 재고율 | G7: 단가
C8: G | D8: 0 | E8: 0 | F8: 0 | G8: 0
C9: K | D9: 0 | E9: =SUM(#REF!) -> #REF! | G9: =SUM(#REF!) -> #REF!
C10: D | D10: 800000 | E10: =SUM('0203'!K44:L44) -> 425405 | G10: =SUM('0203'!N44) -> 1446.4031
B13: 출고내역(K) | G13: [단위:리터/원] | J13: 출고내역(LD) | O13: [단위:리터/원]
B14: 유종 | C14: 일반매출(사내이관 포함) | J14: 유종 | K14: 일반매출(사내이관 포함)
C15: 거래처명 | D15: 수량 | E15: 출고단가 | F15: 재고단가 | G15: 단가차액 | H15: 이익 | K15: 거래처명 | L15: 수량 | M15: 출고단가 | N15: 재고단가 | O15: 단가차액 | P15: 이익
B16: 실내 등유 | F16: =IF(D16="","",(SUM($G$9))) | G16: =IF(D16="","",(SUM(E16)-F16)) | H16: =IF(D16="","",(D16*G16)) | J16: 경유 | K16: 성서고속 | L16: 20000 | N16: =IF(L16="","",($G$10)) -> 1446.4031 | O16: =IF(L16="","",(SUM(M16)-N16)) -> -1446.4031 | P16: =IF(L16="","",(L16*O16)) -> -28928062
F17: =IF(D17="","",(SUM($G$9))) | G17: =IF(D17="","",(SUM(E17)-F17)) | H17: =IF(D17="","",(D17*G17)) | K17: 세양개발 | L17: 8000 | N17: =IF(L17="","",($G$10)) -> 1446.4031 | O17: =IF(L17="","",(SUM(M17)-N17)) -> -1446.4031 | P17: =IF(L17="","",(L17*O17)) -> -11571225
F18: =IF(D18="","",(SUM($G$9))) | G18: =IF(D18="","",(SUM(E18)-F18)) | H18: =IF(D18="","",(D18*G18)) | K18: 가산고속 | L18: 32000 | N18: =IF(L18="","",($G$10)) -> 1446.4031 | O18: =IF(L18="","",(SUM(M18)-N18)) -> -1446.4031 | P18: =IF(L18="","",(L18*O18)) -> -46284899
F19: =IF(D19="","",(SUM($G$9))) | G19: =IF(D19="","",(SUM(E19)-F19)) | H19: =IF(D19="","",(D19*G19)) | N19: =IF(L19="","",($G$10)) | O19: =IF(L19="","",(SUM(M19)-N19)) | P19: =IF(L19="","",(L19*O19))
F20: =IF(D20="","",(SUM($G$9))) | G20: =IF(D20="","",(SUM(E20)-F20)) | H20: =IF(D20="","",(D20*G20)) | N20: =IF(L20="","",($G$10)) | O20: =IF(L20="","",(SUM(M20)-N20)) | P20: =IF(L20="","",(L20*O20))
F21: =IF(D21="","",(SUM($G$9))) | G21: =IF(D21="","",(SUM(E21)-F21)) | H21: =IF(D21="","",(D21*G21)) | N21: =IF(L21="","",($G$10)) | O21: =IF(L21="","",(SUM(M21)-N21)) | P21: =IF(L21="","",(L21*O21))
F22: =IF(D22="","",(SUM($G$9))) | G22: =IF(D22="","",(SUM(E22)-F22)) | H22: =IF(D22="","",(D22*G22)) | N22: =IF(L22="","",($G$10)) | O22: =IF(L22="","",(SUM(M22)-N22)) | P22: =IF(L22="","",(L22*O22))
B23: 소 계 | D23: =SUM(D16:D22) -> 0 | H23: =SUM(H16:H22) -> 0 | J23: 소 계 | L23: =SUM(L16:L22) -> 60000 | P23: =SUM(P16:P22) -> -86784186
B26: 마 감 재 고 | G26: [단위:리터/원] | J26: 입 고 내 역 | O26: [단위:리터/원]
B27: 유종 | C27: 수량 | E27: 단가 | G27: 환산금액 | J27: 유종 | K27: 수량 | M27: 사입단가 | O27: 환산금액
B28: G | C28: 0 | E28: 0 | G28: 0 | J28: G | K28: 0 | M28: 0 | O28: 0
B29: K | C29: =$E$9-$D$23 -> #REF! | E29: =$G$9 -> #REF! | G29: =C29*E29 -> #REF! | J29: K | O29: =K29*M29 -> 0
B30: D | C30: =$E$10-$L$23 -> 365405 | E30: =$G$10 -> 1446.4031 | G30: =C30*E30 -> 5.2852292e+08 | J30: D | O30: =K30*M30 -> 0
B33: 복 합 단 가
B34: 유종 | C34: 수량 | E34: 금액 | G34: 복 합 단 가
B35: G | C35: 0 | E35: 0 | G35: 0 | R35: 별도 보관물량(국세청 제외)
B36: K | C36: =$C$29+$K$29 -> #REF! | E36: =$G$29+$O$29 -> #REF! | G36: =E36/C36 -> #REF! | R36: 46049 | T36: 46050
B37: D | C37: =$C$30+$K$30 -> 365405 | E37: =$G$30+$O$30-K37 -> 5.2852292e+08 | G37: =E37/C37 -> 1446.4031 | R37: 신광 | S37: 용두 | T37: 용두 | U37: 신광
R38: =28185+28171-28000 -> 28356 | S38: 32195 | T38: 64476 | U38: 84559
B39: 재 고 현 황 | O39: [단위:리터/원] | R39: 2대 | S39: 1대 | T39: 2대 | U39: 3대
C40: 전일 | F40: 금일 | N40: 복합단가 | O40: 증감
C41: 재고 | F41: 입고 | H41: 출고 | K41: 마 감 재 고 | M41: 재고율 | R41: 46056
B42: 휘발유 | R42: 신광 | S42: 28000 | T42: 1대출고
B43: 등 유 | C43: =SUM($E$9) -> #REF! | F43: =$K$29 -> 0 | H43: =$D$23 -> 0 | K43: =$C$43-$H$43+$F$43+$O$43 -> #REF! | M43: =SUM($K$43)/$D$9 -> #REF! | N43: =$G$36 -> #REF!
B44: 경 유 | C44: =SUM($E$10) -> 425405 | F44: =$K$30 -> 0 | H44: =$L$23 -> 60000 | K44: =$C$44-$H$44+$F$44+$O$44 -> 365405 | M44: =SUM($K$44)/D10 -> 0.45675625 | N44: =$G$37 -> 1446.4031
G45: 복합단가의 재고수량과 단가는 보관물량 제외니 참고해주세요!

Sheet 0206
B1: ◈ KK저장소 복합단가 운영표 - 침산저장소
B5: 이 월 재 고 | G5: [단위:리터/원]
B7: 유종 | D7: 탱크용량 | E7: 재고수량 | F7: 재고율 | G7: 단가
C8: G | D8: 0 | E8: 0 | F8: 0 | G8: 0
C9: K | D9: 0 | E9: =SUM(#REF!) -> #REF! | G9: =SUM(#REF!) -> #REF!
C10: D | D10: 800000 | E10: =SUM('0205'!K44:L44) -> 365405 | G10: =SUM('0205'!N44) -> 1446.4031
B13: 출고내역(K) | G13: [단위:리터/원] | J13: 출고내역(LD) | O13: [단위:리터/원]
B14: 유종 | C14: 일반매출(사내이관 포함) | J14: 유종 | K14: 일반매출(사내이관 포함)
C15: 거래처명 | D15: 수량 | E15: 출고단가 | F15: 재고단가 | G15: 단가차액 | H15: 이익 | K15: 거래처명 | L15: 수량 | M15: 출고단가 | N15: 재고단가 | O15: 단가차액 | P15: 이익
B16: 실내 등유 | F16: =IF(D16="","",(SUM($G$9))) | G16: =IF(D16="","",(SUM(E16)-F16)) | H16: =IF(D16="","",(D16*G16)) | J16: 경유 | K16: 예스구미 | L16: 28000 | N16: =IF(L16="","",($G$10)) -> 1446.4031 | O16: =IF(L16="","",(SUM(M16)-N16)) -> -1446.4031 | P16: =IF(L16="","",(L16*O16)) -> -40499287
F17: =IF(D17="","",(SUM($G$9))) | G17: =IF(D17="","",(SUM(E17)-F17)) | H17: =IF(D17="","",(D17*G17)) | N17: =IF(L17="","",($G$10)) | O17: =IF(L17="","",(SUM(M17)-N17)) | P17: =IF(L17="","",(L17*O17))
F18: =IF(D18="","",(SUM($G$9))) | G18: =IF(D18="","",(SUM(E18)-F18)) | H18: =IF(D18="","",(D18*G18)) | N18: =IF(L18="","",($G$10)) | O18: =IF(L18="","",(SUM(M18)-N18)) | P18: =IF(L18="","",(L18*O18))
F19: =IF(D19="","",(SUM($G$9))) | G19: =IF(D19="","",(SUM(E19)-F19)) | H19: =IF(D19="","",(D19*G19)) | N19: =IF(L19="","",($G$10)) | O19: =IF(L19="","",(SUM(M19)-N19)) | P19: =IF(L19="","",(L19*O19))
F20: =IF(D20="","",(SUM($G$9))) | G20: =IF(D20="","",(SUM(E20)-F20)) | H20: =IF(D20="","",(D20*G20)) | N20: =IF(L20="","",($G$10)) | O20: =IF(L20="","",(SUM(M20)-N20)) | P20: =IF(L20="","",(L20*O20))
F21: =IF(D21="","",(SUM($G$9))) | G21: =IF(D21="","",(SUM(E21)-F21)) | H21: =IF(D21="","",(D21*G21)) | N21: =IF(L21="","",($G$10)) | O21: =IF(L21="","",(SUM(M21)-N21)) | P21: =IF(L21="","",(L21*O21))
F22: =IF(D22="","",(SUM($G$9))) | G22: =IF(D22="","",(SUM(E22)-F22)) | H22: =IF(D22="","",(D22*G22)) | N22: =IF(L22="","",($G$10)) | O22: =IF(L22="","",(SUM(M22)-N22)) | P22: =IF(L22="","",(L22*O22))
B23: 소 계 | D23: =SUM(D16:D22) -> 0 | H23: =SUM(H16:H22) -> 0 | J23: 소 계 | L23: =SUM(L16:L22) -> 28000 | P23: =SUM(P16:P22) -> -40499287
B26: 마 감 재 고 | G26: [단위:리터/원] | J26: 입 고 내 역 | O26: [단위:리터/원]
B27: 유종 | C27: 수량 | E27: 단가 | G27: 환산금액 | J27: 유종 | K27: 수량 | M27: 사입단가 | O27: 환산금액
B28: G | C28: 0 | E28: 0 | G28: 0 | J28: G | K28: 0 | M28: 0 | O28: 0
B29: K | C29: =$E$9-$D$23 -> #REF! | E29: =$G$9 -> #REF! | G29: =C29*E29 -> #REF! | J29: K | O29: =K29*M29 -> 0
B30: D | C30: =$E$10-$L$23 -> 337405 | E30: =$G$10 -> 1446.4031 | G30: =C30*E30 -> 4.8802364e+08 | J30: D | O30: =K30*M30 -> 0
B33: 복 합 단 가
B34: 유종 | C34: 수량 | E34: 금액 | G34: 복 합 단 가
B35: G | C35: 0 | E35: 0 | G35: 0 | R35: 별도 보관물량(국세청 제외)
B36: K | C36: =$C$29+$K$29 -> #REF! | E36: =$G$29+$O$29 -> #REF! | G36: =E36/C36 -> #REF! | R36: 46049 | T36: 46050
B37: D | C37: =$C$30+$K$30 -> 337405 | E37: =$G$30+$O$30-K37 -> 4.8802364e+08 | G37: =E37/C37 -> 1446.4031 | R37: 신광 | S37: 용두 | T37: 용두 | U37: 신광
R38: =28185+28171-28000 -> 28356 | S38: 32195 | T38: 64476 | U38: 84559
B39: 재 고 현 황 | O39: [단위:리터/원] | R39: 2대 | S39: 1대 | T39: 2대 | U39: 3대
C40: 전일 | F40: 금일 | N40: 복합단가 | O40: 증감
C41: 재고 | F41: 입고 | H41: 출고 | K41: 마 감 재 고 | M41: 재고율 | R41: 46056
B42: 휘발유 | R42: 신광 | S42: 28000 | T42: 1대출고
B43: 등 유 | C43: =SUM($E$9) -> #REF! | F43: =$K$29 -> 0 | H43: =$D$23 -> 0 | K43: =$C$43-$H$43+$F$43+$O$43 -> #REF! | M43: =SUM($K$43)/$D$9 -> #REF! | N43: =$G$36 -> #REF!
B44: 경 유 | C44: =SUM($E$10) -> 365405 | F44: =$K$30 -> 0 | H44: =$L$23 -> 28000 | K44: =$C$44-$H$44+$F$44+$O$44 -> 337405 | M44: =SUM($K$44)/D10 -> 0.42175625 | N44: =$G$37 -> 1446.4031
G45: 복합단가의 재고수량과 단가는 보관물량 제외니 참고해주세요!

Sheet 0209
B1: ◈ KK저장소 복합단가 운영표 - 침산저장소
B5: 이 월 재 고 | G5: [단위:리터/원]
B7: 유종 | D7: 탱크용량 | E7: 재고수량 | F7: 재고율 | G7: 단가
C8: G | D8: 0 | E8: 0 | F8: 0 | G8: 0
C9: K | D9: 0 | E9: =SUM(#REF!) -> #REF! | G9: =SUM(#REF!) -> #REF!
C10: D | D10: 800000 | E10: =SUM('0206'!K44:L44) -> 337405 | G10: =SUM('0206'!N44) -> 1446.4031
B13: 출고내역(K) | G13: [단위:리터/원] | J13: 출고내역(LD) | O13: [단위:리터/원]
B14: 유종 | C14: 일반매출(사내이관 포함) | J14: 유종 | K14: 일반매출(사내이관 포함)
C15: 거래처명 | D15: 수량 | E15: 출고단가 | F15: 재고단가 | G15: 단가차액 | H15: 이익 | K15: 거래처명 | L15: 수량 | M15: 출고단가 | N15: 재고단가 | O15: 단가차액 | P15: 이익
B16: 실내 등유 | F16: =IF(D16="","",(SUM($G$9))) | G16: =IF(D16="","",(SUM(E16)-F16)) | H16: =IF(D16="","",(D16*G16)) | J16: 경유 | K16: 금호 | L16: 64000 | N16: =IF(L16="","",($G$10)) -> 1446.4031 | O16: =IF(L16="","",(SUM(M16)-N16)) -> -1446.4031 | P16: =IF(L16="","",(L16*O16)) -> -92569798
F17: =IF(D17="","",(SUM($G$9))) | G17: =IF(D17="","",(SUM(E17)-F17)) | H17: =IF(D17="","",(D17*G17)) | N17: =IF(L17="","",($G$10)) | O17: =IF(L17="","",(SUM(M17)-N17)) | P17: =IF(L17="","",(L17*O17))
F18: =IF(D18="","",(SUM($G$9))) | G18: =IF(D18="","",(SUM(E18)-F18)) | H18: =IF(D18="","",(D18*G18)) | N18: =IF(L18="","",($G$10)) | O18: =IF(L18="","",(SUM(M18)-N18)) | P18: =IF(L18="","",(L18*O18))
F19: =IF(D19="","",(SUM($G$9))) | G19: =IF(D19="","",(SUM(E19)-F19)) | H19: =IF(D19="","",(D19*G19)) | N19: =IF(L19="","",($G$10)) | O19: =IF(L19="","",(SUM(M19)-N19)) | P19: =IF(L19="","",(L19*O19))
F20: =IF(D20="","",(SUM($G$9))) | G20: =IF(D20="","",(SUM(E20)-F20)) | H20: =IF(D20="","",(D20*G20)) | N20: =IF(L20="","",($G$10)) | O20: =IF(L20="","",(SUM(M20)-N20)) | P20: =IF(L20="","",(L20*O20))
F21: =IF(D21="","",(SUM($G$9))) | G21: =IF(D21="","",(SUM(E21)-F21)) | H21: =IF(D21="","",(D21*G21)) | N21: =IF(L21="","",($G$10)) | O21: =IF(L21="","",(SUM(M21)-N21)) | P21: =IF(L21="","",(L21*O21))
F22: =IF(D22="","",(SUM($G$9))) | G22: =IF(D22="","",(SUM(E22)-F22)) | H22: =IF(D22="","",(D22*G22)) | N22: =IF(L22="","",($G$10)) | O22: =IF(L22="","",(SUM(M22)-N22)) | P22: =IF(L22="","",(L22*O22))
B23: 소 계 | D23: =SUM(D16:D22) -> 0 | H23: =SUM(H16:H22) -> 0 | J23: 소 계 | L23: =SUM(L16:L22) -> 64000 | P23: =SUM(P16:P22) -> -92569798
B26: 마 감 재 고 | G26: [단위:리터/원] | J26: 입 고 내 역 | O26: [단위:리터/원]
B27: 유종 | C27: 수량 | E27: 단가 | G27: 환산금액 | J27: 유종 | K27: 수량 | M27: 사입단가 | O27: 환산금액
B28: G | C28: 0 | E28: 0 | G28: 0 | J28: G | K28: 0 | M28: 0 | O28: 0
B29: K | C29: =$E$9-$D$23 -> #REF! | E29: =$G$9 -> #REF! | G29: =C29*E29 -> #REF! | J29: K | O29: =K29*M29 -> 0
B30: D | C30: =$E$10-$L$23 -> 273405 | E30: =$G$10 -> 1446.4031 | G30: =C30*E30 -> 3.9545384e+08 | J30: D | O30: =K30*M30 -> 0
B33: 복 합 단 가
B34: 유종 | C34: 수량 | E34: 금액 | G34: 복 합 단 가
B35: G | C35: 0 | E35: 0 | G35: 0 | R35: 별도 보관물량(국세청 제외)
B36: K | C36: =$C$29+$K$29 -> #REF! | E36: =$G$29+$O$29 -> #REF! | G36: =E36/C36 -> #REF! | R36: 46049 | T36: 46050
B37: D | C37: =$C$30+$K$30 -> 273405 | E37: =$G$30+$O$30-K37 -> 3.9545384e+08 | G37: =E37/C37 -> 1446.4031 | R37: 신광 | S37: 용두 | T37: 용두 | U37: 신광
R38: =28185+28171-28000-28000 -> 356 | S38: 32195 | T38: 64476 | U38: =84559-4000 -> 80559
B39: 재 고 현 황 | O39: [단위:리터/원] | R39: 2대 | S39: 1대 | T39: 2대 | U39: 3대
C40: 전일 | F40: 금일 | N40: 복합단가 | O40: 증감
C41: 재고 | F41: 입고 | H41: 출고 | K41: 마 감 재 고 | M41: 재고율
B42: 휘발유 | Q42: 46056 | R42: 신광 | S42: 28000 | T42: 1대출고
B43: 등 유 | C43: =SUM($E$9) -> #REF! | F43: =$K$29 -> 0 | H43: =$D$23 -> 0 | K43: =$C$43-$H$43+$F$43+$O$43 -> #REF! | M43: =SUM($K$43)/$D$9 -> #REF! | N43: =$G$36 -> #REF! | Q43: 46062 | R43: 신광 | S43: 32000 | T43: 1대출고
B44: 경 유 | C44: =SUM($E$10) -> 337405 | F44: =$K$30 -> 0 | H44: =$L$23 -> 64000 | K44: =$C$44-$H$44+$F$44+$O$44 -> 273405 | M44: =SUM($K$44)/D10 -> 0.34175625 | N44: =$G$37 -> 1446.4031
G45: 복합단가의 재고수량과 단가는 보관물량 제외니 참고해주세요!

Sheet 0210 (입고)
B1: ◈ KK저장소 복합단가 운영표 - 침산저장소
B5: 이 월 재 고 | G5: [단위:리터/원]
B7: 유종 | D7: 탱크용량 | E7: 재고수량 | F7: 재고율 | G7: 단가
C8: G | D8: 0 | E8: 0 | F8: 0 | G8: 0
C9: K | D9: 0 | E9: =SUM(#REF!) -> #REF! | G9: =SUM(#REF!) -> #REF!
C10: D | D10: 800000 | E10: =SUM('0209'!K44:L44) -> 273405 | G10: =SUM('0209'!N44) -> 1446.4031
B13: 출고내역(K) | G13: [단위:리터/원] | J13: 출고내역(LD) | O13: [단위:리터/원]
B14: 유종 | C14: 일반매출(사내이관 포함) | J14: 유종 | K14: 일반매출(사내이관 포함)
C15: 거래처명 | D15: 수량 | E15: 출고단가 | F15: 재고단가 | G15: 단가차액 | H15: 이익 | K15: 거래처명 | L15: 수량 | M15: 출고단가 | N15: 재고단가 | O15: 단가차액 | P15: 이익
B16: 실내 등유 | F16: =IF(D16="","",(SUM($G$9))) | G16: =IF(D16="","",(SUM(E16)-F16)) | H16: =IF(D16="","",(D16*G16)) | J16: 경유 | N16: =IF(L16="","",($G$10)) | O16: =IF(L16="","",(SUM(M16)-N16)) | P16: =IF(L16="","",(L16*O16))
F17: =IF(D17="","",(SUM($G$9))) | G17: =IF(D17="","",(SUM(E17)-F17)) | H17: =IF(D17="","",(D17*G17)) | N17: =IF(L17="","",($G$10)) | O17: =IF(L17="","",(SUM(M17)-N17)) | P17: =IF(L17="","",(L17*O17))
F18: =IF(D18="","",(SUM($G$9))) | G18: =IF(D18="","",(SUM(E18)-F18)) | H18: =IF(D18="","",(D18*G18)) | N18: =IF(L18="","",($G$10)) | O18: =IF(L18="","",(SUM(M18)-N18)) | P18: =IF(L18="","",(L18*O18))
F19: =IF(D19="","",(SUM($G$9))) | G19: =IF(D19="","",(SUM(E19)-F19)) | H19: =IF(D19="","",(D19*G19)) | N19: =IF(L19="","",($G$10)) | O19: =IF(L19="","",(SUM(M19)-N19)) | P19: =IF(L19="","",(L19*O19))
F20: =IF(D20="","",(SUM($G$9))) | G20: =IF(D20="","",(SUM(E20)-F20)) | H20: =IF(D20="","",(D20*G20)) | N20: =IF(L20="","",($G$10)) | O20: =IF(L20="","",(SUM(M20)-N20)) | P20: =IF(L20="","",(L20*O20))
F21: =IF(D21="","",(SUM($G$9))) | G21: =IF(D21="","",(SUM(E21)-F21)) | H21: =IF(D21="","",(D21*G21)) | N21: =IF(L21="","",($G$10)) | O21: =IF(L21="","",(SUM(M21)-N21)) | P21: =IF(L21="","",(L21*O21))
F22: =IF(D22="","",(SUM($G$9))) | G22: =IF(D22="","",(SUM(E22)-F22)) | H22: =IF(D22="","",(D22*G22)) | N22: =IF(L22="","",($G$10)) | O22: =IF(L22="","",(SUM(M22)-N22)) | P22: =IF(L22="","",(L22*O22))
B23: 소 계 | D23: =SUM(D16:D22) -> 0 | H23: =SUM(H16:H22) -> 0 | J23: 소 계 | L23: =SUM(L16:L22) -> 0 | P23: =SUM(P16:P22) -> 0
B26: 마 감 재 고 | G26: [단위:리터/원] | J26: 입 고 내 역 | O26: [단위:리터/원]
B27: 유종 | C27: 수량 | E27: 단가 | G27: 환산금액 | J27: 유종 | K27: 수량 | M27: 사입단가 | O27: 환산금액
B28: G | C28: 0 | E28: 0 | G28: 0 | J28: G | K28: 0 | M28: 0 | O28: 0
B29: K | C29: =$E$9-$D$23 -> #REF! | E29: =$G$9 -> #REF! | G29: =C29*E29 -> #REF! | J29: K | O29: =K29*M29 -> 0
B30: D | C30: =$E$10-$L$23 -> 273405 | E30: =$G$10 -> 1446.4031 | G30: =C30*E30 -> 3.9545384e+08 | J30: D | K30: =32294 -> 32294 | M30: 1507.08 | O30: =K30*M30 -> 48669642
B33: 복 합 단 가
B34: 유종 | C34: 수량 | E34: 금액 | G34: 복 합 단 가
B35: G | C35: 0 | E35: 0 | G35: 0 | R35: 별도 보관물량(국세청 제외)
B36: K | C36: =$C$29+$K$29 -> #REF! | E36: =$G$29+$O$29 -> #REF! | G36: =E36/C36 -> #REF! | R36: 46049 | T36: 46050
B37: D | C37: =$C$30+$K$30 -> 305699 | E37: =$G$30+$O$30-K37 -> 4.4412348e+08 | G37: =E37/C37 -> 1452.813 | R37: 신광 | S37: 용두 | T37: 용두 | U37: 신광
R38: =28185+28171-28000-28000 -> 356 | S38: 32195 | T38: 64476 | U38: =84559-4000-32000 -> 48559
B39: 재 고 현 황 | O39: [단위:리터/원] | R39: 2대 | S39: 1대 | T39: 2대 | U39: 3대
C40: 전일 | F40: 금일 | N40: 복합단가 | O40: 증감
C41: 재고 | F41: 입고 | H41: 출고 | K41: 마 감 재 고 | M41: 재고율
B42: 휘발유 | Q42: 46056 | R42: 신광 | S42: 28000 | T42: 1대출고
B43: 등 유 | C43: =SUM($E$9) -> #REF! | F43: =$K$29 -> 0 | H43: =$D$23 -> 0 | K43: =$C$43-$H$43+$F$43+$O$43 -> #REF! | M43: =SUM($K$43)/$D$9 -> #REF! | N43: =$G$36 -> #REF! | Q43: 46062 | R43: 신광 | S43: 32000 | T43: 1대출고
B44: 경 유 | C44: =SUM($E$10) -> 273405 | F44: =$K$30 -> 32294 | H44: =$L$23 -> 0 | K44: =$C$44-$H$44+$F$44+$O$44 -> 305699 | M44: =SUM($K$44)/D10 -> 0.38212375 | N44: =$G$37 -> 1452.813 | Q44: 46063 | R44: 신광 | S44: 32000 | T44: 1대출고
G45: 복합단가의 재고수량과 단가는 보관물량 제외니 참고해주세요!

Sheet 0211
B1: ◈ KK저장소 복합단가 운영표 - 침산저장소
B5: 이 월 재 고 | G5: [단위:리터/원]
B7: 유종 | D7: 탱크용량 | E7: 재고수량 | F7: 재고율 | G7: 단가
C8: G | D8: 0 | E8: 0 | F8: 0 | G8: 0
C9: K | D9: 0 | E9: =SUM(#REF!) -> #REF! | G9: =SUM(#REF!) -> #REF!
C10: D | D10: 800000 | E10: =SUM('0210 (입고)'!K44:L44) -> 305699 | G10: =SUM('0210 (입고)'!N44) -> 1452.813
B13: 출고내역(K) | G13: [단위:리터/원] | J13: 출고내역(LD) | O13: [단위:리터/원]
B14: 유종 | C14: 일반매출(사내이관 포함) | J14: 유종 | K14: 일반매출(사내이관 포함)
C15: 거래처명 | D15: 수량 | E15: 출고단가 | F15: 재고단가 | G15: 단가차액 | H15: 이익 | K15: 거래처명 | L15: 수량 | M15: 출고단가 | N15: 재고단가 | O15: 단가차액 | P15: 이익
B16: 실내 등유 | F16: =IF(D16="","",(SUM($G$9))) | G16: =IF(D16="","",(SUM(E16)-F16)) | H16: =IF(D16="","",(D16*G16)) | J16: 경유 | K16: 세양개발 | L16: 8000 | N16: =IF(L16="","",($G$10)) -> 1452.813 | O16: =IF(L16="","",(SUM(M16)-N16)) -> -1452.813 | P16: =IF(L16="","",(L16*O16)) -> -11622504
F17: =IF(D17="","",(SUM($G$9))) | G17: =IF(D17="","",(SUM(E17)-F17)) | H17: =IF(D17="","",(D17*G17)) | K17: 침산 | L17: 20000 | N17: =IF(L17="","",($G$10)) -> 1452.813 | O17: =IF(L17="","",(SUM(M17)-N17)) -> -1452.813 | P17: =IF(L17="","",(L17*O17)) -> -29056260
F18: =IF(D18="","",(SUM($G$9))) | G18: =IF(D18="","",(SUM(E18)-F18)) | H18: =IF(D18="","",(D18*G18)) | K18: 유성 | L18: 12000 | N18: =IF(L18="","",($G$10)) -> 1452.813 | O18: =IF(L18="","",(SUM(M18)-N18)) -> -1452.813 | P18: =IF(L18="","",(L18*O18)) -> -17433756
F19: =IF(D19="","",(SUM($G$9))) | G19: =IF(D19="","",(SUM(E19)-F19)) | H19: =IF(D19="","",(D19*G19)) | N19: =IF(L19="","",($G$10)) | O19: =IF(L19="","",(SUM(M19)-N19)) | P19: =IF(L19="","",(L19*O19))
F20: =IF(D20="","",(SUM($G$9))) | G20: =IF(D20="","",(SUM(E20)-F20)) | H20: =IF(D20="","",(D20*G20)) | N20: =IF(L20="","",($G$10)) | O20: =IF(L20="","",(SUM(M20)-N20)) | P20: =IF(L20="","",(L20*O20))
F21: =IF(D21="","",(SUM($G$9))) | G21: =IF(D21="","",(SUM(E21)-F21)) | H21: =IF(D21="","",(D21*G21)) | N21: =IF(L21="","",($G$10)) | O21: =IF(L21="","",(SUM(M21)-N21)) | P21: =IF(L21="","",(L21*O21))
F22: =IF(D22="","",(SUM($G$9))) | G22: =IF(D22="","",(SUM(E22)-F22)) | H22: =IF(D22="","",(D22*G22)) | N22: =IF(L22="","",($G$10)) | O22: =IF(L22="","",(SUM(M22)-N22)) | P22: =IF(L22="","",(L22*O22))
B23: 소 계 | D23: =SUM(D16:D22) -> 0 | H23: =SUM(H16:H22) -> 0 | J23: 소 계 | L23: =SUM(L16:L22) -> 40000 | P23: =SUM(P16:P22) -> -58112520
B26: 마 감 재 고 | G26: [단위:리터/원] | J26: 입 고 내 역 | O26: [단위:리터/원]
B27: 유종 | C27: 수량 | E27: 단가 | G27: 환산금액 | J27: 유종 | K27: 수량 | M27: 사입단가 | O27: 환산금액
B28: G | C28: 0 | E28: 0 | G28: 0 | J28: G | K28: 0 | M28: 0 | O28: 0
B29: K | C29: =$E$9-$D$23 -> #REF! | E29: =$G$9 -> #REF! | G29: =C29*E29 -> #REF! | J29: K | O29: =K29*M29 -> 0
B30: D | C30: =$E$10-$L$23 -> 265699 | E30: =$G$10 -> 1452.813 | G30: =C30*E30 -> 3.8601096e+08 | J30: D | O30: =K30*M30 -> 0
B33: 복 합 단 가
B34: 유종 | C34: 수량 | E34: 금액 | G34: 복 합 단 가
B35: G | C35: 0 | E35: 0 | G35: 0 | R35: 별도 보관물량(국세청 제외)
B36: K | C36: =$C$29+$K$29 -> #REF! | E36: =$G$29+$O$29 -> #REF! | G36: =E36/C36 -> #REF! | R36: 46049 | T36: 46050
B37: D | C37: =$C$30+$K$30 -> 265699 | E37: =$G$30+$O$30-K37 -> 3.8601096e+08 | G37: =E37/C37 -> 1452.813 | R37: 신광 | S37: 용두 | T37: 용두 | U37: 신광
R38: =28185+28171-28000-28000 -> 356 | S38: 32195 | T38: 64476 | U38: =84559-4000-32000-32000 -> 16559
B39: 재 고 현 황 | O39: [단위:리터/원] | R39: 2대 | S39: 1대 | T39: 2대 | U39: 3대
C40: 전일 | F40: 금일 | N40: 복합단가 | O40: 증감
C41: 재고 | F41: 입고 | H41: 출고 | K41: 마 감 재 고 | M41: 재고율
B42: 휘발유 | Q42: 46056 | R42: 신광 | S42: 28000 | T42: 1대출고
B43: 등 유 | C43: =SUM($E$9) -> #REF! | F43: =$K$29 -> 0 | H43: =$D$23 -> 0 | K43: =$C$43-$H$43+$F$43+$O$43 -> #REF! | M43: =SUM($K$43)/$D$9 -> #REF! | N43: =$G$36 -> #REF! | Q43: 46062 | R43: 신광 | S43: 32000 | T43: 1대출고
B44: 경 유 | C44: =SUM($E$10) -> 305699 | F44: =$K$30 -> 0 | H44: =$L$23 -> 40000 | K44: =$C$44-$H$44+$F$44+$O$44 -> 265699 | M44: =SUM($K$44)/D10 -> 0.33212375 | N44: =$G$37 -> 1452.813 | Q44: 46063 | R44: 신광 | S44: 32000 | T44: 1대출고
G45: 복합단가의 재고수량과 단가는 보관물량 제외니 참고해주세요! | Q45: 46063 | R45: 신광 | S45: 32000 | T45: 1대출고

Sheet 0211 (입고)
B1: ◈ KK저장소 복합단가 운영표 - 침산저장소
B5: 이 월 재 고 | G5: [단위:리터/원]
B7: 유종 | D7: 탱크용량 | E7: 재고수량 | F7: 재고율 | G7: 단가
C8: G | D8: 0 | E8: 0 | F8: 0 | G8: 0
C9: K | D9: 0 | E9: =SUM(#REF!) -> #REF! | G9: =SUM(#REF!) -> #REF!
C10: D | D10: 800000 | E10: =SUM('0211'!K44:L44) -> 265699 | G10: =SUM('0211'!N44) -> 1452.813
B13: 출고내역(K) | G13: [단위:리터/원] | J13: 출고내역(LD) | O13: [단위:리터/원]
B14: 유종 | C14: 일반매출(사내이관 포함) | J14: 유종 | K14: 일반매출(사내이관 포함)
C15: 거래처명 | D15: 수량 | E15: 출고단가 | F15: 재고단가 | G15: 단가차액 | H15: 이익 | K15: 거래처명 | L15: 수량 | M15: 출고단가 | N15: 재고단가 | O15: 단가차액 | P15: 이익
B16: 실내 등유 | F16: =IF(D16="","",(SUM($G$9))) | G16: =IF(D16="","",(SUM(E16)-F16)) | H16: =IF(D16="","",(D16*G16)) | J16: 경유 | N16: =IF(L16="","",($G$10)) | O16: =IF(L16="","",(SUM(M16)-N16)) | P16: =IF(L16="","",(L16*O16))
F17: =IF(D17="","",(SUM($G$9))) | G17: =IF(D17="","",(SUM(E17)-F17)) | H17: =IF(D17="","",(D17*G17)) | N17: =IF(L17="","",($G$10)) | O17: =IF(L17="","",(SUM(M17)-N17)) | P17: =IF(L17="","",(L17*O17))
F18: =IF(D18="","",(SUM($G$9))) | G18: =IF(D18="","",(SUM(E18)-F18)) | H18: =IF(D18="","",(D18*G18)) | N18: =IF(L18="","",($G$10)) | O18: =IF(L18="","",(SUM(M18)-N18)) | P18: =IF(L18="","",(L18*O18))
F19: =IF(D19="","",(SUM($G$9))) | G19: =IF(D19="","",(SUM(E19)-F19)) | H19: =IF(D19="","",(D19*G19)) | N19: =IF(L19="","",($G$10)) | O19: =IF(L19="","",(SUM(M19)-N19)) | P19: =IF(L19="","",(L19*O19))
F20: =IF(D20="","",(SUM($G$9))) | G20: =IF(D20="","",(SUM(E20)-F20)) | H20: =IF(D20="","",(D20*G20)) | N20: =IF(L20="","",($G$10)) | O20: =IF(L20="","",(SUM(M20)-N20)) | P20: =IF(L20="","",(L20*O20))
F21: =IF(D21="","",(SUM($G$9))) | G21: =IF(D21="","",(SUM(E21)-F21)) | H21: =IF(D21="","",(D21*G21)) | N21: =IF(L21="","",($G$10)) | O21: =IF(L21="","",(SUM(M21)-N21)) | P21: =IF(L21="","",(L21*O21))
F22: =IF(D22="","",(SUM($G$9))) | G22: =IF(D22="","",(SUM(E22)-F22)) | H22: =IF(D22="","",(D22*G22)) | N22: =IF(L22="","",($G$10)) | O22: =IF(L22="","",(SUM(M22)-N22)) | P22: =IF(L22="","",(L22*O22))
B23: 소 계 | D23: =SUM(D16:D22) -> 0 | H23: =SUM(H16:H22) -> 0 | J23: 소 계 | L23: =SUM(L16:L22) -> 0 | P23: =SUM(P16:P22) -> 0
B26: 마 감 재 고 | G26: [단위:리터/원] | J26: 입 고 내 역 | O26: [단위:리터/원]
B27: 유종 | C27: 수량 | E27: 단가 | G27: 환산금액 | J27: 유종 | K27: 수량 | M27: 사입단가 | O27: 환산금액
B28: G | C28: 0 | E28: 0 | G28: 0 | J28: G | K28: 0 | M28: 0 | O28: 0
B29: K | C29: =$E$9-$D$23 -> #REF! | E29: =$G$9 -> #REF! | G29: =C29*E29 -> #REF! | J29: K | O29: =K29*M29 -> 0
B30: D | C30: =$E$10-$L$23 -> 265699 | E30: =$G$10 -> 1452.813 | G30: =C30*E30 -> 3.8601096e+08 | J30: D | K30: 60532 | M30: 1507.08 | O30: =K30*M30 -> 91226567
B33: 복 합 단 가
B34: 유종 | C34: 수량 | E34: 금액 | G34: 복 합 단 가
B35: G | C35: 0 | E35: 0 | G35: 0 | R35: 별도 보관물량(국세청 제외)
B36: K | C36: =$C$29+$K$29 -> #REF! | E36: =$G$29+$O$29 -> #REF! | G36: =E36/C36 -> #REF! | R36: 46049 | T36: 46050
B37: D | C37: =$C$30+$K$30 -> 326231 | E37: =$G$30+$O$30-K37 -> 4.7723753e+08 | G37: =E37/C37 -> 1462.8822 | R37: 신광 | S37: 용두 | T37: 용두 | U37: 신광
R38: =28185+28171-28000-28000 -> 356 | S38: 32195 | T38: 64476 | U38: =84559-4000-32000-32000 -> 16559
B39: 재 고 현 황 | O39: [단위:리터/원] | R39: 2대 | S39: 1대 | T39: 2대 | U39: 3대
C40: 전일 | F40: 금일 | N40: 복합단가 | O40: 증감
C41: 재고 | F41: 입고 | H41: 출고 | K41: 마 감 재 고 | M41: 재고율
B42: 휘발유 | Q42: 46056 | R42: 신광 | S42: 28000 | T42: 1대출고
B43: 등 유 | C43: =SUM($E$9) -> #REF! | F43: =$K$29 -> 0 | H43: =$D$23 -> 0 | K43: =$C$43-$H$43+$F$43+$O$43 -> #REF! | M43: =SUM($K$43)/$D$9 -> #REF! | N43: =$G$36 -> #REF! | Q43: 46062 | R43: 신광 | S43: 32000 | T43: 1대출고
B44: 경 유 | C44: =SUM($E$10) -> 265699 | F44: =$K$30 -> 60532 | H44: =$L$23 -> 0 | K44: =$C$44-$H$44+$F$44+$O$44 -> 326231 | M44: =SUM($K$44)/D10 -> 0.40778875 | N44: =$G$37 -> 1462.8822 | Q44: 46063 | R44: 신광 | S44: 32000 | T44: 1대출고
G45: 복합단가의 재고수량과 단가는 보관물량 제외니 참고해주세요! | Q45: 46063 | R45: 신광 | S45: 32000 | T45: 1대출고

Sheet 0212
B1: ◈ KK저장소 복합단가 운영표 - 침산저장소
B5: 이 월 재 고 | G5: [단위:리터/원]
B7: 유종 | D7: 탱크용량 | E7: 재고수량 | F7: 재고율 | G7: 단가
C8: G | D8: 0 | E8: 0 | F8: 0 | G8: 0
C9: K | D9: 0 | E9: =SUM(#REF!) -> #REF! | G9: =SUM(#REF!) -> #REF!
C10: D | D10: 800000 | E10: =SUM('0211 (입고)'!K44:L44) -> 326231 | G10: =SUM('0211 (입고)'!N44) -> 1462.8822
B13: 출고내역(K) | G13: [단위:리터/원] | J13: 출고내역(LD) | O13: [단위:리터/원]
B14: 유종 | C14: 일반매출(사내이관 포함) | J14: 유종 | K14: 일반매출(사내이관 포함)
C15: 거래처명 | D15: 수량 | E15: 출고단가 | F15: 재고단가 | G15: 단가차액 | H15: 이익 | K15: 거래처명 | L15: 수량 | M15: 출고단가 | N15: 재고단가 | O15: 단가차액 | P15: 이익
B16: 실내 등유 | F16: =IF(D16="","",(SUM($G$9))) | G16: =IF(D16="","",(SUM(E16)-F16)) | H16: =IF(D16="","",(D16*G16)) | J16: 경유 | N16: =IF(L16="","",($G$10)) | O16: =IF(L16="","",(SUM(M16)-N16)) | P16: =IF(L16="","",(L16*O16))
F17: =IF(D17="","",(SUM($G$9))) | G17: =IF(D17="","",(SUM(E17)-F17)) | H17: =IF(D17="","",(D17*G17)) | N17: =IF(L17="","",($G$10)) | O17: =IF(L17="","",(SUM(M17)-N17)) | P17: =IF(L17="","",(L17*O17))
F18: =IF(D18="","",(SUM($G$9))) | G18: =IF(D18="","",(SUM(E18)-F18)) | H18: =IF(D18="","",(D18*G18)) | N18: =IF(L18="","",($G$10)) | O18: =IF(L18="","",(SUM(M18)-N18)) | P18: =IF(L18="","",(L18*O18))
F19: =IF(D19="","",(SUM($G$9))) | G19: =IF(D19="","",(SUM(E19)-F19)) | H19: =IF(D19="","",(D19*G19)) | N19: =IF(L19="","",($G$10)) | O19: =IF(L19="","",(SUM(M19)-N19)) | P19: =IF(L19="","",(L19*O19))
F20: =IF(D20="","",(SUM($G$9))) | G20: =IF(D20="","",(SUM(E20)-F20)) | H20: =IF(D20="","",(D20*G20)) | N20: =IF(L20="","",($G$10)) | O20: =IF(L20="","",(SUM(M20)-N20)) | P20: =IF(L20="","",(L20*O20))
F21: =IF(D21="","",(SUM($G$9))) | G21: =IF(D21="","",(SUM(E21)-F21)) | H21: =IF(D21="","",(D21*G21)) | N21: =IF(L21="","",($G$10)) | O21: =IF(L21="","",(SUM(M21)-N21)) | P21: =IF(L21="","",(L21*O21))
F22: =IF(D22="","",(SUM($G$9))) | G22: =IF(D22="","",(SUM(E22)-F22)) | H22: =IF(D22="","",(D22*G22)) | N22: =IF(L22="","",($G$10)) | O22: =IF(L22="","",(SUM(M22)-N22)) | P22: =IF(L22="","",(L22*O22))
B23: 소 계 | D23: =SUM(D16:D22) -> 0 | H23: =SUM(H16:H22) -> 0 | J23: 소 계 | L23: =SUM(L16:L22) -> 0 | P23: =SUM(P16:P22) -> 0
B26: 마 감 재 고 | G26: [단위:리터/원] | J26: 입 고 내 역 | O26: [단위:리터/원]
B27: 유종 | C27: 수량 | E27: 단가 | G27: 환산금액 | J27: 유종 | K27: 수량 | M27: 사입단가 | O27: 환산금액
B28: G | C28: 0 | E28: 0 | G28: 0 | J28: G | K28: 0 | M28: 0 | O28: 0
B29: K | C29: =$E$9-$D$23 -> #REF! | E29: =$G$9 -> #REF! | G29: =C29*E29 -> #REF! | J29: K | O29: =K29*M29 -> 0
B30: D | C30: =$E$10-$L$23 -> 326231 | E30: =$G$10 -> 1462.8822 | G30: =C30*E30 -> 4.7723753e+08 | J30: D | O30: =K30*M30 -> 0
B33: 복 합 단 가
B34: 유종 | C34: 수량 | E34: 금액 | G34: 복 합 단 가
B35: G | C35: 0 | E35: 0 | G35: 0 | R35: 별도 보관물량(국세청 제외)
B36: K | C36: =$C$29+$K$29 -> #REF! | E36: =$G$29+$O$29 -> #REF! | G36: =E36/C36 -> #REF! | R36: 46049 | T36: 46050
B37: D | C37: =$C$30+$K$30 -> 326231 | E37: =$G$30+$O$30-K37 -> 4.7723753e+08 | G37: =E37/C37 -> 1462.8822 | R37: 신광 | S37: 용두 | T37: 용두 | U37: 신광
R38: =28185+28171-28000-28000 -> 356 | S38: 32195 | T38: 64476 | U38: =84559-4000-32000-32000 -> 16559
B39: 재 고 현 황 | O39: [단위:리터/원] | R39: 2대 | S39: 1대 | T39: 2대 | U39: 3대
C40: 전일 | F40: 금일 | N40: 복합단가 | O40: 증감
C41: 재고 | F41: 입고 | H41: 출고 | K41: 마 감 재 고 | M41: 재고율
B42: 휘발유 | Q42: 46056 | R42: 신광 | S42: 28000 | T42: 1대출고
B43: 등 유 | C43: =SUM($E$9) -> #REF! | F43: =$K$29 -> 0 | H43: =$D$23 -> 0 | K43: =$C$43-$H$43+$F$43+$O$43 -> #REF! | M43: =SUM($K$43)/$D$9 -> #REF! | N43: =$G$36 -> #REF! | Q43: 46062 | R43: 신광 | S43: 32000 | T43: 1대출고
B44: 경 유 | C44: =SUM($E$10) -> 326231 | F44: =$K$30 -> 0 | H44: =$L$23 -> 0 | K44: =$C$44-$H$44+$F$44+$O$44 -> 326231 | M44: =SUM($K$44)/D10 -> 0.40778875 | N44: =$G$37 -> 1462.8822 | Q44: 46063 | R44: 신광 | S44: 32000 | T44: 1대출고
G45: 복합단가의 재고수량과 단가는 보관물량 제외니 참고해주세요! | Q45: 46065 | R45: 신광 | S45: 32000 | T45: 1대출고

Sheet 0214 (입고)
B1: ◈ KK저장소 복합단가 운영표 - 침산저장소
B5: 이 월 재 고 | G5: [단위:리터/원]
B7: 유종 | D7: 탱크용량 | E7: 재고수량 | F7: 재고율 | G7: 단가
C8: G | D8: 0 | E8: 0 | F8: 0 | G8: 0
C9: K | D9: 0 | E9: =SUM(#REF!) -> #REF! | G9: =SUM(#REF!) -> #REF!
C10: D | D10: 800000 | E10: =SUM('0212'!K44:L44) -> 326231 | G10: =SUM('0212'!N44) -> 1462.8822
B13: 출고내역(K) | G13: [단위:리터/원] | J13: 출고내역(LD) | O13: [단위:리터/원]
B14: 유종 | C14: 일반매출(사내이관 포함) | J14: 유종 | K14: 일반매출(사내이관 포함)
C15: 거래처명 | D15: 수량 | E15: 출고단가 | F15: 재고단가 | G15: 단가차액 | H15: 이익 | K15: 거래처명 | L15: 수량 | M15: 출고단가 | N15: 재고단가 | O15: 단가차액 | P15: 이익
B16: 실내 등유 | F16: =IF(D16="","",(SUM($G$9))) | G16: =IF(D16="","",(SUM(E16)-F16)) | H16: =IF(D16="","",(D16*G16)) | J16: 경유 | N16: =IF(L16="","",($G$10)) | O16: =IF(L16="","",(SUM(M16)-N16)) | P16: =IF(L16="","",(L16*O16))
F17: =IF(D17="","",(SUM($G$9))) | G17: =IF(D17="","",(SUM(E17)-F17)) | H17: =IF(D17="","",(D17*G17)) | N17: =IF(L17="","",($G$10)) | O17: =IF(L17="","",(SUM(M17)-N17)) | P17: =IF(L17="","",(L17*O17))
F18: =IF(D18="","",(SUM($G$9))) | G18: =IF(D18="","",(SUM(E18)-F18)) | H18: =IF(D18="","",(D18*G18)) | N18: =IF(L18="","",($G$10)) | O18: =IF(L18="","",(SUM(M18)-N18)) | P18: =IF(L18="","",(L18*O18))
F19: =IF(D19="","",(SUM($G$9))) | G19: =IF(D19="","",(SUM(E19)-F19)) | H19: =IF(D19="","",(D19*G19)) | N19: =IF(L19="","",($G$10)) | O19: =IF(L19="","",(SUM(M19)-N19)) | P19: =IF(L19="","",(L19*O19))
F20: =IF(D20="","",(SUM($G$9))) | G20: =IF(D20="","",(SUM(E20)-F20)) | H20: =IF(D20="","",(D20*G20)) | N20: =IF(L20="","",($G$10)) | O20: =IF(L20="","",(SUM(M20)-N20)) | P20: =IF(L20="","",(L20*O20))
F21: =IF(D21="","",(SUM($G$9))) | G21: =IF(D21="","",(SUM(E21)-F21)) | H21: =IF(D21="","",(D21*G21)) | N21: =IF(L21="","",($G$10)) | O21: =IF(L21="","",(SUM(M21)-N21)) | P21: =IF(L21="","",(L21*O21))
F22: =IF(D22="","",(SUM($G$9))) | G22: =IF(D22="","",(SUM(E22)-F22)) | H22: =IF(D22="","",(D22*G22)) | N22: =IF(L22="","",($G$10)) | O22: =IF(L22="","",(SUM(M22)-N22)) | P22: =IF(L22="","",(L22*O22))
B23: 소 계 | D23: =SUM(D16:D22) -> 0 | H23: =SUM(H16:H22) -> 0 | J23: 소 계 | L23: =SUM(L16:L22) -> 0 | P23: =SUM(P16:P22) -> 0
B26: 마 감 재 고 | G26: [단위:리터/원] | J26: 입 고 내 역 | O26: [단위:리터/원]
B27: 유종 | C27: 수량 | E27: 단가 | G27: 환산금액 | J27: 유종 | K27: 수량 | M27: 사입단가 | O27: 환산금액
B28: G | C28: 0 | E28: 0 | G28: 0 | J28: G | K28: 0 | M28: 0 | O28: 0
B29: K | C29: =$E$9-$D$23 -> #REF! | E29: =$G$9 -> #REF! | G29: =C29*E29 -> #REF! | J29: K | O29: =K29*M29 -> 0
B30: D | C30: =$E$10-$L$23 -> 326231 | E30: =$G$10 -> 1462.8822 | G30: =C30*E30 -> 4.7723753e+08 | J30: D | K30: 64358 | M30: 1496.1 | O30: =K30*M30 -> 96286004
B33: 복 합 단 가
B34: 유종 | C34: 수량 | E34: 금액 | G34: 복 합 단 가
B35: G | C35: 0 | E35: 0 | G35: 0 | R35: 별도 보관물량(국세청 제외)
B36: K | C36: =$C$29+$K$29 -> #REF! | E36: =$G$29+$O$29 -> #REF! | G36: =E36/C36 -> #REF! | R36: 46049 | T36: 46050
B37: D | C37: =$C$30+$K$30 -> 390589 | E37: =$G$30+$O$30-K37 -> 5.7352353e+08 | G37: =E37/C37 -> 1468.3556 | R37: 신광 | S37: 용두 | T37: 용두 | U37: 신광
R38: =28185+28171-28000-28000 -> 356 | S38: 32195 | T38: 64476 | U38: =84559-4000-32000-32000 -> 16559
B39: 재 고 현 황 | O39: [단위:리터/원] | R39: 2대 | S39: 1대 | T39: 2대 | U39: 3대
C40: 전일 | F40: 금일 | N40: 복합단가 | O40: 증감
C41: 재고 | F41: 입고 | H41: 출고 | K41: 마 감 재 고 | M41: 재고율
B42: 휘발유 | Q42: 46056 | R42: 신광 | S42: 28000 | T42: 1대출고
B43: 등 유 | C43: =SUM($E$9) -> #REF! | F43: =$K$29 -> 0 | H43: =$D$23 -> 0 | K43: =$C$43-$H$43+$F$43+$O$43 -> #REF! | M43: =SUM($K$43)/$D$9 -> #REF! | N43: =$G$36 -> #REF! | Q43: 46062 | R43: 신광 | S43: 32000 | T43: 1대출고
B44: 경 유 | C44: =SUM($E$10) -> 326231 | F44: =$K$30 -> 64358 | H44: =$L$23 -> 0 | K44: =$C$44-$H$44+$F$44+$O$44 -> 390589 | M44: =SUM($K$44)/D10 -> 0.48823625 | N44: =$G$37 -> 1468.3556 | Q44: 46063 | R44: 신광 | S44: 32000 | T44: 1대출고
G45: 복합단가의 재고수량과 단가는 보관물량 제외니 참고해주세요! | Q45: 46065 | R45: 신광 | S45: 32000 | T45: 1대출고

Sheet 0219
B1: ◈ KK저장소 복합단가 운영표 - 침산저장소
B5: 이 월 재 고 | G5: [단위:리터/원]
B7: 유종 | D7: 탱크용량 | E7: 재고수량 | F7: 재고율 | G7: 단가
C8: G | D8: 0 | E8: 0 | F8: 0 | G8: 0
C9: K | D9: 0 | E9: =SUM(#REF!) -> #REF! | G9: =SUM(#REF!) -> #REF!
C10: D | D10: 800000 | E10: =SUM('0214 (입고)'!K44:L44) -> 390589 | G10: =SUM('0214 (입고)'!N44) -> 1468.3556
B13: 출고내역(K) | G13: [단위:리터/원] | J13: 출고내역(LD) | O13: [단위:리터/원]
B14: 유종 | C14: 일반매출(사내이관 포함) | J14: 유종 | K14: 일반매출(사내이관 포함)
C15: 거래처명 | D15: 수량 | E15: 출고단가 | F15: 재고단가 | G15: 단가차액 | H15: 이익 | K15: 거래처명 | L15: 수량 | M15: 출고단가 | N15: 재고단가 | O15: 단가차액 | P15: 이익
B16: 실내 등유 | F16: =IF(D16="","",(SUM($G$9))) | G16: =IF(D16="","",(SUM(E16)-F16)) | H16: =IF(D16="","",(D16*G16)) | J16: 경유 | K16: 신광 | L16: =28000-16000 -> 12000 | N16: =IF(L16="","",($G$10)) -> 1468.3556 | O16: =IF(L16="","",(SUM(M16)-N16)) -> -1468.3556 | P16: =IF(L16="","",(L16*O16)) -> -17620267
F17: =IF(D17="","",(SUM($G$9))) | G17: =IF(D17="","",(SUM(E17)-F17)) | H17: =IF(D17="","",(D17*G17)) | N17: =IF(L17="","",($G$10)) | O17: =IF(L17="","",(SUM(M17)-N17)) | P17: =IF(L17="","",(L17*O17))
F18: =IF(D18="","",(SUM($G$9))) | G18: =IF(D18="","",(SUM(E18)-F18)) | H18: =IF(D18="","",(D18*G18)) | N18: =IF(L18="","",($G$10)) | O18: =IF(L18="","",(SUM(M18)-N18)) | P18: =IF(L18="","",(L18*O18))
F19: =IF(D19="","",(SUM($G$9))) | G19: =IF(D19="","",(SUM(E19)-F19)) | H19: =IF(D19="","",(D19*G19)) | N19: =IF(L19="","",($G$10)) | O19: =IF(L19="","",(SUM(M19)-N19)) | P19: =IF(L19="","",(L19*O19))
F20: =IF(D20="","",(SUM($G$9))) | G20: =IF(D20="","",(SUM(E20)-F20)) | H20: =IF(D20="","",(D20*G20)) | N20: =IF(L20="","",($G$10)) | O20: =IF(L20="","",(SUM(M20)-N20)) | P20: =IF(L20="","",(L20*O20))
F21: =IF(D21="","",(SUM($G$9))) | G21: =IF(D21="","",(SUM(E21)-F21)) | H21: =IF(D21="","",(D21*G21)) | N21: =IF(L21="","",($G$10)) | O21: =IF(L21="","",(SUM(M21)-N21)) | P21: =IF(L21="","",(L21*O21))
F22: =IF(D22="","",(SUM($G$9))) | G22: =IF(D22="","",(SUM(E22)-F22)) | H22: =IF(D22="","",(D22*G22)) | N22: =IF(L22="","",($G$10)) | O22: =IF(L22="","",(SUM(M22)-N22)) | P22: =IF(L22="","",(L22*O22))
B23: 소 계 | D23: =SUM(D16:D22) -> 0 | H23: =SUM(H16:H22) -> 0 | J23: 소 계 | L23: =SUM(L16:L22) -> 12000 | P23: =SUM(P16:P22) -> -17620267
B26: 마 감 재 고 | G26: [단위:리터/원] | J26: 입 고 내 역 | O26: [단위:리터/원]
B27: 유종 | C27: 수량 | E27: 단가 | G27: 환산금액 | J27: 유종 | K27: 수량 | M27: 사입단가 | O27: 환산금액
B28: G | C28: 0 | E28: 0 | G28: 0 | J28: G | K28: 0 | M28: 0 | O28: 0
B29: K | C29: =$E$9-$D$23 -> #REF! | E29: =$G$9 -> #REF! | G29: =C29*E29 -> #REF! | J29: K | O29: =K29*M29 -> 0
B30: D | C30: =$E$10-$L$23 -> 378589 | E30: =$G$10 -> 1468.3556 | G30: =C30*E30 -> 5.5590326e+08 | J30: D | O30: =K30*M30 -> 0
B33: 복 합 단 가
B34: 유종 | C34: 수량 | E34: 금액 | G34: 복 합 단 가
B35: G | C35: 0 | E35: 0 | G35: 0 | R35: 별도 보관물량(국세청 제외)
B36: K | C36: =$C$29+$K$29 -> #REF! | E36: =$G$29+$O$29 -> #REF! | G36: =E36/C36 -> #REF! | R36: 46049 | T36: 46050
B37: D | C37: =$C$30+$K$30 -> 378589 | E37: =$G$30+$O$30-K37 -> 5.5590326e+08 | G37: =E37/C37 -> 1468.3556 | R37: 신광 | S37: 용두 | T37: 용두 | U37: 신광
R38: =28185+28171-28000-28000 -> 356 | S38: 32195 | T38: 64476 | U38: =84559-4000-32000-32000-16000 -> 559
B39: 재 고 현 황 | O39: [단위:리터/원] | R39: 2대 | S39: 1대 | T39: 2대 | U39: 3대
C40: 전일 | F40: 금일 | N40: 복합단가 | O40: 증감
C41: 재고 | F41: 입고 | H41: 출고 | K41: 마 감 재 고 | M41: 재고율
B42: 휘발유 | Q42: 46056 | R42: 신광 | S42: 28000 | T42: 1대출고
B43: 등 유 | C43: =SUM($E$9) -> #REF! | F43: =$K$29 -> 0 | H43: =$D$23 -> 0 | K43: =$C$43-$H$43+$F$43+$O$43 -> #REF! | M43: =SUM($K$43)/$D$9 -> #REF! | N43: =$G$36 -> #REF! | Q43: 46062 | R43: 신광 | S43: 32000 | T43: 1대출고
B44: 경 유 | C44: =SUM($E$10) -> 390589 | F44: =$K$30 -> 0 | H44: =$L$23 -> 12000 | K44: =$C$44-$H$44+$F$44+$O$44 -> 378589 | M44: =SUM($K$44)/D10 -> 0.47323625 | N44: =$G$37 -> 1468.3556 | Q44: 46063 | R44: 신광 | S44: 32000 | T44: 1대출고
G45: 복합단가의 재고수량과 단가는 보관물량 제외니 참고해주세요! | Q45: 46065 | R45: 신광 | S45: 32000 | T45: 1대출고
Q46: 46072 | R46: 신광 | S46: 16000 | T46: 1대출고

Sheet 0223
B1: ◈ KK저장소 복합단가 운영표 - 침산저장소
B5: 이 월 재 고 | G5: [단위:리터/원]
B7: 유종 | D7: 탱크용량 | E7: 재고수량 | F7: 재고율 | G7: 단가
C8: G | D8: 0 | E8: 0 | F8: 0 | G8: 0
C9: K | D9: 0 | E9: =SUM(#REF!) -> #REF! | G9: =SUM(#REF!) -> #REF!
C10: D | D10: 800000 | E10: =SUM('0219'!K44:L44) -> 378589 | G10: =SUM('0219'!N44) -> 1468.3556
B13: 출고내역(K) | G13: [단위:리터/원] | J13: 출고내역(LD) | O13: [단위:리터/원]
B14: 유종 | C14: 일반매출(사내이관 포함) | J14: 유종 | K14: 일반매출(사내이관 포함)
C15: 거래처명 | D15: 수량 | E15: 출고단가 | F15: 재고단가 | G15: 단가차액 | H15: 이익 | K15: 거래처명 | L15: 수량 | M15: 출고단가 | N15: 재고단가 | O15: 단가차액 | P15: 이익
B16: 실내 등유 | F16: =IF(D16="","",(SUM($G$9))) | G16: =IF(D16="","",(SUM(E16)-F16)) | H16: =IF(D16="","",(D16*G16)) | J16: 경유 | K16: 예스구미 | L16: 28000 | N16: =IF(L16="","",($G$10)) -> 1468.3556 | O16: =IF(L16="","",(SUM(M16)-N16)) -> -1468.3556 | P16: =IF(L16="","",(L16*O16)) -> -41113956
F17: =IF(D17="","",(SUM($G$9))) | G17: =IF(D17="","",(SUM(E17)-F17)) | H17: =IF(D17="","",(D17*G17)) | N17: =IF(L17="","",($G$10)) | O17: =IF(L17="","",(SUM(M17)-N17)) | P17: =IF(L17="","",(L17*O17))
F18: =IF(D18="","",(SUM($G$9))) | G18: =IF(D18="","",(SUM(E18)-F18)) | H18: =IF(D18="","",(D18*G18)) | N18: =IF(L18="","",($G$10)) | O18: =IF(L18="","",(SUM(M18)-N18)) | P18: =IF(L18="","",(L18*O18))
F19: =IF(D19="","",(SUM($G$9))) | G19: =IF(D19="","",(SUM(E19)-F19)) | H19: =IF(D19="","",(D19*G19)) | N19: =IF(L19="","",($G$10)) | O19: =IF(L19="","",(SUM(M19)-N19)) | P19: =IF(L19="","",(L19*O19))
F20: =IF(D20="","",(SUM($G$9))) | G20: =IF(D20="","",(SUM(E20)-F20)) | H20: =IF(D20="","",(D20*G20)) | N20: =IF(L20="","",($G$10)) | O20: =IF(L20="","",(SUM(M20)-N20)) | P20: =IF(L20="","",(L20*O20))
F21: =IF(D21="","",(SUM($G$9))) | G21: =IF(D21="","",(SUM(E21)-F21)) | H21: =IF(D21="","",(D21*G21)) | N21: =IF(L21="","",($G$10)) | O21: =IF(L21="","",(SUM(M21)-N21)) | P21: =IF(L21="","",(L21*O21))
F22: =IF(D22="","",(SUM($G$9))) | G22: =IF(D22="","",(SUM(E22)-F22)) | H22: =IF(D22="","",(D22*G22)) | N22: =IF(L22="","",($G$10)) | O22: =IF(L22="","",(SUM(M22)-N22)) | P22: =IF(L22="","",(L22*O22))
B23: 소 계 | D23: =SUM(D16:D22) -> 0 | H23: =SUM(H16:H22) -> 0 | J23: 소 계 | L23: =SUM(L16:L22) -> 28000 | P23: =SUM(P16:P22) -> -41113956
B26: 마 감 재 고 | G26: [단위:리터/원] | J26: 입 고 내 역 | O26: [단위:리터/원]
B27: 유종 | C27: 수량 | E27: 단가 | G27: 환산금액 | J27: 유종 | K27: 수량 | M27: 사입단가 | O27: 환산금액
B28: G | C28: 0 | E28: 0 | G28: 0 | J28: G | K28: 0 | M28: 0 | O28: 0
B29: K | C29: =$E$9-$D$23 -> #REF! | E29: =$G$9 -> #REF! | G29: =C29*E29 -> #REF! | J29: K | O29: =K29*M29 -> 0
B30: D | C30: =$E$10-$L$23 -> 350589 | E30: =$G$10 -> 1468.3556 | G30: =C30*E30 -> 5.1478931e+08 | J30: D | O30: =K30*M30 -> 0
B33: 복 합 단 가
B34: 유종 | C34: 수량 | E34: 금액 | G34: 복 합 단 가
B35: G | C35: 0 | E35: 0 | G35: 0 | R35: 별도 보관물량(국세청 제외)
B36: K | C36: =$C$29+$K$29 -> #REF! | E36: =$G$29+$O$29 -> #REF! | G36: =E36/C36 -> #REF! | R36: 46049 | T36: 46050
B37: D | C37: =$C$30+$K$30 -> 350589 | E37: =$G$30+$O$30-K37 -> 5.1478931e+08 | G37: =E37/C37 -> 1468.3556 | R37: 신광 | S37: 용두 | T37: 용두 | U37: 신광
R38: =28185+28171-28000-28000 -> 356 | S38: =32195-32000 -> 195 | T38: 64476 | U38: =84559-4000-32000-32000-16000 -> 559
B39: 재 고 현 황 | O39: [단위:리터/원] | R39: 2대 | S39: 1대 | T39: 2대 | U39: 3대
C40: 전일 | F40: 금일 | N40: 복합단가 | O40: 증감
C41: 재고 | F41: 입고 | H41: 출고 | K41: 마 감 재 고 | M41: 재고율
B42: 휘발유 | Q42: 46056 | R42: 신광 | S42: 28000 | T42: 1대출고
B43: 등 유 | C43: =SUM($E$9) -> #REF! | F43: =$K$29 -> 0 | H43: =$D$23 -> 0 | K43: =$C$43-$H$43+$F$43+$O$43 -> #REF! | M43: =SUM($K$43)/$D$9 -> #REF! | N43: =$G$36 -> #REF! | Q43: 46062 | R43: 신광 | S43: 32000 | T43: 1대출고
B44: 경 유 | C44: =SUM($E$10) -> 378589 | F44: =$K$30 -> 0 | H44: =$L$23 -> 28000 | K44: =$C$44-$H$44+$F$44+$O$44 -> 350589 | M44: =SUM($K$44)/D10 -> 0.43823625 | N44: =$G$37 -> 1468.3556 | Q44: 46063 | R44: 신광 | S44: 32000 | T44: 1대출고
G45: 복합단가의 재고수량과 단가는 보관물량 제외니 참고해주세요! | Q45: 46065 | R45: 신광 | S45: 32000 | T45: 1대출고
Q46: 46072 | R46: 신광 | S46: 16000 | T46: 1대출고
Q47: 46076 | R47: 용두 | S47: 32000 | T47: 1대출고

Sheet 0224
B1: ◈ KK저장소 복합단가 운영표 - 침산저장소
B5: 이 월 재 고 | G5: [단위:리터/원]
B7: 유종 | D7: 탱크용량 | E7: 재고수량 | F7: 재고율 | G7: 단가
C8: G | D8: 0 | E8: 0 | F8: 0 | G8: 0
C9: K | D9: 0 | E9: =SUM(#REF!) -> #REF! | G9: =SUM(#REF!) -> #REF!
C10: D | D10: 800000 | E10: =SUM('0223'!K44:L44) -> 350589 | G10: =SUM('0223'!N44) -> 1468.3556
B13: 출고내역(K) | G13: [단위:리터/원] | J13: 출고내역(LD) | O13: [단위:리터/원]
B14: 유종 | C14: 일반매출(사내이관 포함) | J14: 유종 | K14: 일반매출(사내이관 포함)
C15: 거래처명 | D15: 수량 | E15: 출고단가 | F15: 재고단가 | G15: 단가차액 | H15: 이익 | K15: 거래처명 | L15: 수량 | M15: 출고단가 | N15: 재고단가 | O15: 단가차액 | P15: 이익
B16: 실내 등유 | F16: =IF(D16="","",(SUM($G$9))) | G16: =IF(D16="","",(SUM(E16)-F16)) | H16: =IF(D16="","",(D16*G16)) | J16: 경유 | N16: =IF(L16="","",($G$10)) | O16: =IF(L16="","",(SUM(M16)-N16)) | P16: =IF(L16="","",(L16*O16))
F17: =IF(D17="","",(SUM($G$9))) | G17: =IF(D17="","",(SUM(E17)-F17)) | H17: =IF(D17="","",(D17*G17)) | N17: =IF(L17="","",($G$10)) | O17: =IF(L17="","",(SUM(M17)-N17)) | P17: =IF(L17="","",(L17*O17))
F18: =IF(D18="","",(SUM($G$9))) | G18: =IF(D18="","",(SUM(E18)-F18)) | H18: =IF(D18="","",(D18*G18)) | N18: =IF(L18="","",($G$10)) | O18: =IF(L18="","",(SUM(M18)-N18)) | P18: =IF(L18="","",(L18*O18))
F19: =IF(D19="","",(SUM($G$9))) | G19: =IF(D19="","",(SUM(E19)-F19)) | H19: =IF(D19="","",(D19*G19)) | N19: =IF(L19="","",($G$10)) | O19: =IF(L19="","",(SUM(M19)-N19)) | P19: =IF(L19="","",(L19*O19))
F20: =IF(D20="","",(SUM($G$9))) | G20: =IF(D20="","",(SUM(E20)-F20)) | H20: =IF(D20="","",(D20*G20)) | N20: =IF(L20="","",($G$10)) | O20: =IF(L20="","",(SUM(M20)-N20)) | P20: =IF(L20="","",(L20*O20))
F21: =IF(D21="","",(SUM($G$9))) | G21: =IF(D21="","",(SUM(E21)-F21)) | H21: =IF(D21="","",(D21*G21)) | N21: =IF(L21="","",($G$10)) | O21: =IF(L21="","",(SUM(M21)-N21)) | P21: =IF(L21="","",(L21*O21))
F22: =IF(D22="","",(SUM($G$9))) | G22: =IF(D22="","",(SUM(E22)-F22)) | H22: =IF(D22="","",(D22*G22)) | N22: =IF(L22="","",($G$10)) | O22: =IF(L22="","",(SUM(M22)-N22)) | P22: =IF(L22="","",(L22*O22))
B23: 소 계 | D23: =SUM(D16:D22) -> 0 | H23: =SUM(H16:H22) -> 0 | J23: 소 계 | L23: =SUM(L16:L22) -> 0 | P23: =SUM(P16:P22) -> 0
B26: 마 감 재 고 | G26: [단위:리터/원] | J26: 입 고 내 역 | O26: [단위:리터/원]
B27: 유종 | C27: 수량 | E27: 단가 | G27: 환산금액 | J27: 유종 | K27: 수량 | M27: 사입단가 | O27: 환산금액
B28: G | C28: 0 | E28: 0 | G28: 0 | J28: G | K28: 0 | M28: 0 | O28: 0
B29: K | C29: =$E$9-$D$23 -> #REF! | E29: =$G$9 -> #REF! | G29: =C29*E29 -> #REF! | J29: K | O29: =K29*M29 -> 0
B30: D | C30: =$E$10-$L$23 -> 350589 | E30: =$G$10 -> 1468.3556 | G30: =C30*E30 -> 5.1478931e+08 | J30: D | O30: =K30*M30 -> 0
B33: 복 합 단 가
B34: 유종 | C34: 수량 | E34: 금액 | G34: 복 합 단 가
B35: G | C35: 0 | E35: 0 | G35: 0 | R35: 별도 보관물량(국세청 제외)
B36: K | C36: =$C$29+$K$29 -> #REF! | E36: =$G$29+$O$29 -> #REF! | G36: =E36/C36 -> #REF! | R36: 46049 | T36: 46050 | V36: 46077
B37: D | C37: =$C$30+$K$30 -> 350589 | E37: =$G$30+$O$30-K37 -> 5.1478931e+08 | G37: =E37/C37 -> 1468.3556 | R37: 신광 | S37: 용두 | T37: 용두 | U37: 신광 | V37: 신광
R38: =28185+28171-28000-28000 -> 356 | S38: =32195-32000 -> 195 | T38: =64476-32000 -> 32476 | U38: =84559-4000-32000-32000-16000 -> 559 | V38: =(28000*3)+559 -> 84559
B39: 재 고 현 황 | O39: [단위:리터/원] | R39: 2대 | S39: 1대 | T39: 2대 | U39: 3대 | V39: 3대
C40: 전일 | F40: 금일 | N40: 복합단가 | O40: 증감 | V40: 1507.08
C41: 재고 | F41: 입고 | H41: 출고 | K41: 마 감 재 고 | M41: 재고율
B42: 휘발유 | Q42: 46056 | R42: 신광 | S42: 28000 | T42: 1대출고
B43: 등 유 | C43: =SUM($E$9) -> #REF! | F43: =$K$29 -> 0 | H43: =$D$23 -> 0 | K43: =$C$43-$H$43+$F$43+$O$43 -> #REF! | M43: =SUM($K$43)/$D$9 -> #REF! | N43: =$G$36 -> #REF! | Q43: 46062 | R43: 신광 | S43: 32000 | T43: 1대출고
B44: 경 유 | C44: =SUM($E$10) -> 350589 | F44: =$K$30 -> 0 | H44: =$L$23 -> 0 | K44: =$C$44-$H$44+$F$44+$O$44 -> 350589 | M44: =SUM($K$44)/D10 -> 0.43823625 | N44: =$G$37 -> 1468.3556 | Q44: 46063 | R44: 신광 | S44: 32000 | T44: 1대출고
G45: 복합단가의 재고수량과 단가는 보관물량 제외니 참고해주세요! | Q45: 46065 | R45: 신광 | S45: 32000 | T45: 1대출고
Q46: 46072 | R46: 신광 | S46: 16000 | T46: 1대출고
Q47: 46076 | R47: 용두 | S47: 32000 | T47: 1대출고
Q48: 46077 | R48: 용두 | S48: 32000 | T48: 1대출고

Sheet 0225
B1: ◈ KK저장소 복합단가 운영표 - 침산저장소
B5: 이 월 재 고 | G5: [단위:리터/원]
B7: 유종 | D7: 탱크용량 | E7: 재고수량 | F7: 재고율 | G7: 단가
C8: G | D8: 0 | E8: 0 | F8: 0 | G8: 0
C9: K | D9: 0 | E9: =SUM(#REF!) -> #REF! | G9: =SUM(#REF!) -> #REF!
C10: D | D10: 800000 | E10: =SUM('0224'!K44:L44) -> 350589 | G10: =SUM('0224'!N44) -> 1468.3556
B13: 출고내역(K) | G13: [단위:리터/원] | J13: 출고내역(LD) | O13: [단위:리터/원]
B14: 유종 | C14: 일반매출(사내이관 포함) | J14: 유종 | K14: 일반매출(사내이관 포함)
C15: 거래처명 | D15: 수량 | E15: 출고단가 | F15: 재고단가 | G15: 단가차액 | H15: 이익 | K15: 거래처명 | L15: 수량 | M15: 출고단가 | N15: 재고단가 | O15: 단가차액 | P15: 이익
B16: 실내 등유 | F16: =IF(D16="","",(SUM($G$9))) | G16: =IF(D16="","",(SUM(E16)-F16)) | H16: =IF(D16="","",(D16*G16)) | J16: 경유 | K16: 가산고속 | L16: 32000 | N16: =IF(L16="","",($G$10)) -> 1468.3556 | O16: =IF(L16="","",(SUM(M16)-N16)) -> -1468.3556 | P16: =IF(L16="","",(L16*O16)) -> -46987378
F17: =IF(D17="","",(SUM($G$9))) | G17: =IF(D17="","",(SUM(E17)-F17)) | H17: =IF(D17="","",(D17*G17)) | K17: 코리아 | L17: 28000 | N17: =IF(L17="","",($G$10)) -> 1468.3556 | O17: =IF(L17="","",(SUM(M17)-N17)) -> -1468.3556 | P17: =IF(L17="","",(L17*O17)) -> -41113956
F18: =IF(D18="","",(SUM($G$9))) | G18: =IF(D18="","",(SUM(E18)-F18)) | H18: =IF(D18="","",(D18*G18)) | N18: =IF(L18="","",($G$10)) | O18: =IF(L18="","",(SUM(M18)-N18)) | P18: =IF(L18="","",(L18*O18))
F19: =IF(D19="","",(SUM($G$9))) | G19: =IF(D19="","",(SUM(E19)-F19)) | H19: =IF(D19="","",(D19*G19)) | N19: =IF(L19="","",($G$10)) | O19: =IF(L19="","",(SUM(M19)-N19)) | P19: =IF(L19="","",(L19*O19))
F20: =IF(D20="","",(SUM($G$9))) | G20: =IF(D20="","",(SUM(E20)-F20)) | H20: =IF(D20="","",(D20*G20)) | N20: =IF(L20="","",($G$10)) | O20: =IF(L20="","",(SUM(M20)-N20)) | P20: =IF(L20="","",(L20*O20))
F21: =IF(D21="","",(SUM($G$9))) | G21: =IF(D21="","",(SUM(E21)-F21)) | H21: =IF(D21="","",(D21*G21)) | N21: =IF(L21="","",($G$10)) | O21: =IF(L21="","",(SUM(M21)-N21)) | P21: =IF(L21="","",(L21*O21))
F22: =IF(D22="","",(SUM($G$9))) | G22: =IF(D22="","",(SUM(E22)-F22)) | H22: =IF(D22="","",(D22*G22)) | N22: =IF(L22="","",($G$10)) | O22: =IF(L22="","",(SUM(M22)-N22)) | P22: =IF(L22="","",(L22*O22))
B23: 소 계 | D23: =SUM(D16:D22) -> 0 | H23: =SUM(H16:H22) -> 0 | J23: 소 계 | L23: =SUM(L16:L22) -> 60000 | P23: =SUM(P16:P22) -> -88101334
B26: 마 감 재 고 | G26: [단위:리터/원] | J26: 입 고 내 역 | O26: [단위:리터/원]
B27: 유종 | C27: 수량 | E27: 단가 | G27: 환산금액 | J27: 유종 | K27: 수량 | M27: 사입단가 | O27: 환산금액
B28: G | C28: 0 | E28: 0 | G28: 0 | J28: G | K28: 0 | M28: 0 | O28: 0
B29: K | C29: =$E$9-$D$23 -> #REF! | E29: =$G$9 -> #REF! | G29: =C29*E29 -> #REF! | J29: K | O29: =K29*M29 -> 0
B30: D | C30: =$E$10-$L$23 -> 290589 | E30: =$G$10 -> 1468.3556 | G30: =C30*E30 -> 4.2668798e+08 | J30: D | O30: =K30*M30 -> 0
B33: 복 합 단 가
B34: 유종 | C34: 수량 | E34: 금액 | G34: 복 합 단 가
B35: G | C35: 0 | E35: 0 | G35: 0 | R35: 별도 보관물량(국세청 제외)
B36: K | C36: =$C$29+$K$29 -> #REF! | E36: =$G$29+$O$29 -> #REF! | G36: =E36/C36 -> #REF! | R36: 46049 | T36: 46050 | V36: 46077
B37: D | C37: =$C$30+$K$30 -> 290589 | E37: =$G$30+$O$30-K37 -> 4.2668798e+08 | G37: =E37/C37 -> 1468.3556 | R37: 신광 | S37: 용두 | T37: 용두 | U37: 신광 | V37: 신광
R38: =28185+28171-28000-28000 -> 356 | S38: =32195-32000 -> 195 | T38: =64476-32000 -> 32476 | U38: =84559-4000-32000-32000-16000 -> 559 | V38: =(28000*3)+559 -> 84559
B39: 재 고 현 황 | O39: [단위:리터/원] | R39: 2대 | S39: 1대 | T39: 2대 | U39: 3대 | V39: 3대
C40: 전일 | F40: 금일 | N40: 복합단가 | O40: 증감
C41: 재고 | F41: 입고 | H41: 출고 | K41: 마 감 재 고 | M41: 재고율
B42: 휘발유 | Q42: 46056 | R42: 신광 | S42: 28000 | T42: 1대출고
B43: 등 유 | C43: =SUM($E$9) -> #REF! | F43: =$K$29 -> 0 | H43: =$D$23 -> 0 | K43: =$C$43-$H$43+$F$43+$O$43 -> #REF! | M43: =SUM($K$43)/$D$9 -> #REF! | N43: =$G$36 -> #REF! | Q43: 46062 | R43: 신광 | S43: 32000 | T43: 1대출고
B44: 경 유 | C44: =SUM($E$10) -> 350589 | F44: =$K$30 -> 0 | H44: =$L$23 -> 60000 | K44: =$C$44-$H$44+$F$44+$O$44 -> 290589 | M44: =SUM($K$44)/D10 -> 0.36323625 | N44: =$G$37 -> 1468.3556 | Q44: 46063 | R44: 신광 | S44: 32000 | T44: 1대출고
G45: 복합단가의 재고수량과 단가는 보관물량 제외니 참고해주세요! | Q45: 46065 | R45: 신광 | S45: 32000 | T45: 1대출고
Q46: 46072 | R46: 신광 | S46: 16000 | T46: 1대출고
Q47: 46076 | R47: 용두 | S47: 32000 | T47: 1대출고
Q48: 46077 | R48: 용두 | S48: 32000 | T48: 1대출고

Sheet 0226
B1: ◈ KK저장소 복합단가 운영표 - 침산저장소
B5: 이 월 재 고 | G5: [단위:리터/원]
B7: 유종 | D7: 탱크용량 | E7: 재고수량 | F7: 재고율 | G7: 단가
C8: G | D8: 0 | E8: 0 | F8: 0 | G8: 0
C9: K | D9: 0 | E9: =SUM(#REF!) -> #REF! | G9: =SUM(#REF!) -> #REF!
C10: D | D10: 800000 | E10: =SUM('0225'!K44:L44) -> 290589 | G10: =SUM('0225'!N44) -> 1468.3556
B13: 출고내역(K) | G13: [단위:리터/원] | J13: 출고내역(LD) | O13: [단위:리터/원]
B14: 유종 | C14: 일반매출(사내이관 포함) | J14: 유종 | K14: 일반매출(사내이관 포함)
C15: 거래처명 | D15: 수량 | E15: 출고단가 | F15: 재고단가 | G15: 단가차액 | H15: 이익 | K15: 거래처명 | L15: 수량 | M15: 출고단가 | N15: 재고단가 | O15: 단가차액 | P15: 이익
B16: 실내 등유 | F16: =IF(D16="","",(SUM($G$9))) | G16: =IF(D16="","",(SUM(E16)-F16)) | H16: =IF(D16="","",(D16*G16)) | J16: 경유 | K16: 세양개발 | L16: 8000 | N16: =IF(L16="","",($G$10)) -> 1468.3556 | O16: =IF(L16="","",(SUM(M16)-N16)) -> -1468.3556 | P16: =IF(L16="","",(L16*O16)) -> -11746845
F17: =IF(D17="","",(SUM($G$9))) | G17: =IF(D17="","",(SUM(E17)-F17)) | H17: =IF(D17="","",(D17*G17)) | N17: =IF(L17="","",($G$10)) | O17: =IF(L17="","",(SUM(M17)-N17)) | P17: =IF(L17="","",(L17*O17))
F18: =IF(D18="","",(SUM($G$9))) | G18: =IF(D18="","",(SUM(E18)-F18)) | H18: =IF(D18="","",(D18*G18)) | N18: =IF(L18="","",($G$10)) | O18: =IF(L18="","",(SUM(M18)-N18)) | P18: =IF(L18="","",(L18*O18))
F19: =IF(D19="","",(SUM($G$9))) | G19: =IF(D19="","",(SUM(E19)-F19)) | H19: =IF(D19="","",(D19*G19)) | N19: =IF(L19="","",($G$10)) | O19: =IF(L19="","",(SUM(M19)-N19)) | P19: =IF(L19="","",(L19*O19))
F20: =IF(D20="","",(SUM($G$9))) | G20: =IF(D20="","",(SUM(E20)-F20)) | H20: =IF(D20="","",(D20*G20)) | N20: =IF(L20="","",($G$10)) | O20: =IF(L20="","",(SUM(M20)-N20)) | P20: =IF(L20="","",(L20*O20))
F21: =IF(D21="","",(SUM($G$9))) | G21: =IF(D21="","",(SUM(E21)-F21)) | H21: =IF(D21="","",(D21*G21)) | N21: =IF(L21="","",($G$10)) | O21: =IF(L21="","",(SUM(M21)-N21)) | P21: =IF(L21="","",(L21*O21))
F22: =IF(D22="","",(SUM($G$9))) | G22: =IF(D22="","",(SUM(E22)-F22)) | H22: =IF(D22="","",(D22*G22)) | N22: =IF(L22="","",($G$10)) | O22: =IF(L22="","",(SUM(M22)-N22)) | P22: =IF(L22="","",(L22*O22))
B23: 소 계 | D23: =SUM(D16:D22) -> 0 | H23: =SUM(H16:H22) -> 0 | J23: 소 계 | L23: =SUM(L16:L22) -> 8000 | P23: =SUM(P16:P22) -> -11746845
B26: 마 감 재 고 | G26: [단위:리터/원] | J26: 입 고 내 역 | O26: [단위:리터/원]
B27: 유종 | C27: 수량 | E27: 단가 | G27: 환산금액 | J27: 유종 | K27: 수량 | M27: 사입단가 | O27: 환산금액
B28: G | C28: 0 | E28: 0 | G28: 0 | J28: G | K28: 0 | M28: 0 | O28: 0
B29: K | C29: =$E$9-$D$23 -> #REF! | E29: =$G$9 -> #REF! | G29: =C29*E29 -> #REF! | J29: K | O29: =K29*M29 -> 0
B30: D | C30: =$E$10-$L$23 -> 282589 | E30: =$G$10 -> 1468.3556 | G30: =C30*E30 -> 4.1494113e+08 | J30: D | O30: =K30*M30 -> 0
B33: 복 합 단 가
B34: 유종 | C34: 수량 | E34: 금액 | G34: 복 합 단 가
B35: G | C35: 0 | E35: 0 | G35: 0 | R35: 별도 보관물량(국세청 제외)
B36: K | C36: =$C$29+$K$29 -> #REF! | E36: =$G$29+$O$29 -> #REF! | G36: =E36/C36 -> #REF! | R36: 46049 | T36: 46050 | V36: 46077
B37: D | C37: =$C$30+$K$30 -> 282589 | E37: =$G$30+$O$30-K37 -> 4.1494113e+08 | G37: =E37/C37 -> 1468.3556 | R37: 신광 | S37: 용두 | T37: 용두 | U37: 신광 | V37: 신광
R38: =28185+28171-28000-28000 -> 356 | S38: =32195-32000 -> 195 | T38: =64476-32000-32000 -> 476 | U38: =84559-4000-32000-32000-16000 -> 559 | V38: =(28000*3)+559 -> 84559
B39: 재 고 현 황 | O39: [단위:리터/원] | R39: 2대 | S39: 1대 | T39: 2대 | U39: 3대 | V39: 3대
C40: 전일 | F40: 금일 | N40: 복합단가 | O40: 증감
C41: 재고 | F41: 입고 | H41: 출고 | K41: 마 감 재 고 | M41: 재고율
B42: 휘발유 | Q42: 46056 | R42: 신광 | S42: 28000 | T42: 1대출고
B43: 등 유 | C43: =SUM($E$9) -> #REF! | F43: =$K$29 -> 0 | H43: =$D$23 -> 0 | K43: =$C$43-$H$43+$F$43+$O$43 -> #REF! | M43: =SUM($K$43)/$D$9 -> #REF! | N43: =$G$36 -> #REF! | Q43: 46062 | R43: 신광 | S43: 32000 | T43: 1대출고
B44: 경 유 | C44: =SUM($E$10) -> 290589 | F44: =$K$30 -> 0 | H44: =$L$23 -> 8000 | K44: =$C$44-$H$44+$F$44+$O$44 -> 282589 | M44: =SUM($K$44)/D10 -> 0.35323625 | N44: =$G$37 -> 1468.3556 | Q44: 46063 | R44: 신광 | S44: 32000 | T44: 1대출고
G45: 복합단가의 재고수량과 단가는 보관물량 제외니 참고해주세요! | Q45: 46065 | R45: 신광 | S45: 32000 | T45: 1대출고
Q46: 46072 | R46: 신광 | S46: 16000 | T46: 1대출고
Q47: 46076 | R47: 용두 | S47: 32000 | T47: 1대출고
Q48: 46077 | R48: 용두 | S48: 32000 | T48: 1대출고
Q49: 46078 | R49: 용두 | S49: 32000 | T49: 1대출고

Sheet 0227 (입고)
B1: ◈ KK저장소 복합단가 운영표 - 침산저장소
B5: 이 월 재 고 | G5: [단위:리터/원]
B7: 유종 | D7: 탱크용량 | E7: 재고수량 | F7: 재고율 | G7: 단가
C8: G | D8: 0 | E8: 0 | F8: 0 | G8: 0
C9: K | D9: 0 | E9: =SUM(#REF!) -> #REF! | G9: =SUM(#REF!) -> #REF!
C10: D | D10: 800000 | E10: =SUM('0226'!K44:L44) -> 282589 | G10: =SUM('0226'!N44) -> 1468.3556
B13: 출고내역(K) | G13: [단위:리터/원] | J13: 출고내역(LD) | O13: [단위:리터/원]
B14: 유종 | C14: 일반매출(사내이관 포함) | J14: 유종 | K14: 일반매출(사내이관 포함)
C15: 거래처명 | D15: 수량 | E15: 출고단가 | F15: 재고단가 | G15: 단가차액 | H15: 이익 | K15: 거래처명 | L15: 수량 | M15: 출고단가 | N15: 재고단가 | O15: 단가차액 | P15: 이익
B16: 실내 등유 | F16: =IF(D16="","",(SUM($G$9))) | G16: =IF(D16="","",(SUM(E16)-F16)) | H16: =IF(D16="","",(D16*G16)) | J16: 경유 | N16: =IF(L16="","",($G$10)) | O16: =IF(L16="","",(SUM(M16)-N16)) | P16: =IF(L16="","",(L16*O16))
F17: =IF(D17="","",(SUM($G$9))) | G17: =IF(D17="","",(SUM(E17)-F17)) | H17: =IF(D17="","",(D17*G17)) | N17: =IF(L17="","",($G$10)) | O17: =IF(L17="","",(SUM(M17)-N17)) | P17: =IF(L17="","",(L17*O17))
F18: =IF(D18="","",(SUM($G$9))) | G18: =IF(D18="","",(SUM(E18)-F18)) | H18: =IF(D18="","",(D18*G18)) | N18: =IF(L18="","",($G$10)) | O18: =IF(L18="","",(SUM(M18)-N18)) | P18: =IF(L18="","",(L18*O18))
F19: =IF(D19="","",(SUM($G$9))) | G19: =IF(D19="","",(SUM(E19)-F19)) | H19: =IF(D19="","",(D19*G19)) | N19: =IF(L19="","",($G$10)) | O19: =IF(L19="","",(SUM(M19)-N19)) | P19: =IF(L19="","",(L19*O19))
F20: =IF(D20="","",(SUM($G$9))) | G20: =IF(D20="","",(SUM(E20)-F20)) | H20: =IF(D20="","",(D20*G20)) | N20: =IF(L20="","",($G$10)) | O20: =IF(L20="","",(SUM(M20)-N20)) | P20: =IF(L20="","",(L20*O20))
F21: =IF(D21="","",(SUM($G$9))) | G21: =IF(D21="","",(SUM(E21)-F21)) | H21: =IF(D21="","",(D21*G21)) | N21: =IF(L21="","",($G$10)) | O21: =IF(L21="","",(SUM(M21)-N21)) | P21: =IF(L21="","",(L21*O21))
F22: =IF(D22="","",(SUM($G$9))) | G22: =IF(D22="","",(SUM(E22)-F22)) | H22: =IF(D22="","",(D22*G22)) | N22: =IF(L22="","",($G$10)) | O22: =IF(L22="","",(SUM(M22)-N22)) | P22: =IF(L22="","",(L22*O22))
B23: 소 계 | D23: =SUM(D16:D22) -> 0 | H23: =SUM(H16:H22) -> 0 | J23: 소 계 | L23: =SUM(L16:L22) -> 0 | P23: =SUM(P16:P22) -> 0
B26: 마 감 재 고 | G26: [단위:리터/원] | J26: 입 고 내 역 | O26: [단위:리터/원]
B27: 유종 | C27: 수량 | E27: 단가 | G27: 환산금액 | J27: 유종 | K27: 수량 | M27: 사입단가 | O27: 환산금액
B28: G | C28: 0 | E28: 0 | G28: 0 | J28: G | K28: 0 | M28: 0 | O28: 0
B29: K | C29: =$E$9-$D$23 -> #REF! | E29: =$G$9 -> #REF! | G29: =C29*E29 -> #REF! | J29: K | O29: =K29*M29 -> 0
B30: D | C30: =$E$10-$L$23 -> 282589 | E30: =$G$10 -> 1468.3556 | G30: =C30*E30 -> 4.1494113e+08 | J30: D | K30: 72352 | M30: 1533.9231 | O30: =K30*M30 -> 1.109824e+08
B33: 복 합 단 가
B34: 유종 | C34: 수량 | E34: 금액 | G34: 복 합 단 가
B35: G | C35: 0 | E35: 0 | G35: 0 | R35: 별도 보관물량(국세청 제외)
B36: K | C36: =$C$29+$K$29 -> #REF! | E36: =$G$29+$O$29 -> #REF! | G36: =E36/C36 -> #REF! | R36: 46049 | T36: 46050 | V36: 46077
B37: D | C37: =$C$30+$K$30 -> 354941 | E37: =$G$30+$O$30-K37 -> 5.2592353e+08 | G37: =E37/C37 -> 1481.721 | R37: 신광 | S37: 용두 | T37: 용두 | U37: 신광 | V37: 신광
R38: =28185+28171-28000-28000 -> 356 | S38: =32195-32000 -> 195 | T38: =64476-32000-32000 -> 476 | U38: =84559-4000-32000-32000-16000 -> 559 | V38: =(28000*3)+559 -> 84559
B39: 재 고 현 황 | O39: [단위:리터/원] | R39: 2대 | S39: 1대 | T39: 2대 | U39: 3대 | V39: 3대
C40: 전일 | F40: 금일 | N40: 복합단가 | O40: 증감
C41: 재고 | F41: 입고 | H41: 출고 | K41: 마 감 재 고 | M41: 재고율
B42: 휘발유 | Q42: 46056 | R42: 신광 | S42: 28000 | T42: 1대출고
B43: 등 유 | C43: =SUM($E$9) -> #REF! | F43: =$K$29 -> 0 | H43: =$D$23 -> 0 | K43: =$C$43-$H$43+$F$43+$O$43 -> #REF! | M43: =SUM($K$43)/$D$9 -> #REF! | N43: =$G$36 -> #REF! | Q43: 46062 | R43: 신광 | S43: 32000 | T43: 1대출고
B44: 경 유 | C44: =SUM($E$10) -> 282589 | F44: =$K$30 -> 72352 | H44: =$L$23 -> 0 | K44: =$C$44-$H$44+$F$44+$O$44 -> 354941 | M44: =SUM($K$44)/D10 -> 0.44367625 | N44: =$G$37 -> 1481.721 | Q44: 46063 | R44: 신광 | S44: 32000 | T44: 1대출고
G45: 복합단가의 재고수량과 단가는 보관물량 제외니 참고해주세요! | Q45: 46065 | R45: 신광 | S45: 32000 | T45: 1대출고
Q46: 46072 | R46: 신광 | S46: 16000 | T46: 1대출고
Q47: 46076 | R47: 용두 | S47: 32000 | T47: 1대출고
Q48: 46077 | R48: 용두 | S48: 32000 | T48: 1대출고
Q49: 46078 | R49: 용두 | S49: 32000 | T49: 1대출고

Sheet 0228 (입고)
B1: ◈ KK저장소 복합단가 운영표 - 침산저장소
B5: 이 월 재 고 | G5: [단위:리터/원]
B7: 유종 | D7: 탱크용량 | E7: 재고수량 | F7: 재고율 | G7: 단가
C8: G | D8: 0 | E8: 0 | F8: 0 | G8: 0
C9: K | D9: 0 | E9: =SUM(#REF!) -> #REF! | G9: =SUM(#REF!) -> #REF!
C10: D | D10: 800000 | E10: =SUM('0227 (입고)'!K44:L44) -> 354941 | G10: =SUM('0227 (입고)'!N44) -> 1481.721
B13: 출고내역(K) | G13: [단위:리터/원] | J13: 출고내역(LD) | O13: [단위:리터/원]
B14: 유종 | C14: 일반매출(사내이관 포함) | J14: 유종 | K14: 일반매출(사내이관 포함)
C15: 거래처명 | D15: 수량 | E15: 출고단가 | F15: 재고단가 | G15: 단가차액 | H15: 이익 | K15: 거래처명 | L15: 수량 | M15: 출고단가 | N15: 재고단가 | O15: 단가차액 | P15: 이익
B16: 실내 등유 | F16: =IF(D16="","",(SUM($G$9))) | G16: =IF(D16="","",(SUM(E16)-F16)) | H16: =IF(D16="","",(D16*G16)) | J16: 경유 | N16: =IF(L16="","",($G$10)) | O16: =IF(L16="","",(SUM(M16)-N16)) | P16: =IF(L16="","",(L16*O16))
F17: =IF(D17="","",(SUM($G$9))) | G17: =IF(D17="","",(SUM(E17)-F17)) | H17: =IF(D17="","",(D17*G17)) | N17: =IF(L17="","",($G$10)) | O17: =IF(L17="","",(SUM(M17)-N17)) | P17: =IF(L17="","",(L17*O17))
F18: =IF(D18="","",(SUM($G$9))) | G18: =IF(D18="","",(SUM(E18)-F18)) | H18: =IF(D18="","",(D18*G18)) | N18: =IF(L18="","",($G$10)) | O18: =IF(L18="","",(SUM(M18)-N18)) | P18: =IF(L18="","",(L18*O18))
F19: =IF(D19="","",(SUM($G$9))) | G19: =IF(D19="","",(SUM(E19)-F19)) | H19: =IF(D19="","",(D19*G19)) | N19: =IF(L19="","",($G$10)) | O19: =IF(L19="","",(SUM(M19)-N19)) | P19: =IF(L19="","",(L19*O19))
F20: =IF(D20="","",(SUM($G$9))) | G20: =IF(D20="","",(SUM(E20)-F20)) | H20: =IF(D20="","",(D20*G20)) | N20: =IF(L20="","",($G$10)) | O20: =IF(L20="","",(SUM(M20)-N20)) | P20: =IF(L20="","",(L20*O20))
F21: =IF(D21="","",(SUM($G$9))) | G21: =IF(D21="","",(SUM(E21)-F21)) | H21: =IF(D21="","",(D21*G21)) | N21: =IF(L21="","",($G$10)) | O21: =IF(L21="","",(SUM(M21)-N21)) | P21: =IF(L21="","",(L21*O21))
F22: =IF(D22="","",(SUM($G$9))) | G22: =IF(D22="","",(SUM(E22)-F22)) | H22: =IF(D22="","",(D22*G22)) | N22: =IF(L22="","",($G$10)) | O22: =IF(L22="","",(SUM(M22)-N22)) | P22: =IF(L22="","",(L22*O22))
B23: 소 계 | D23: =SUM(D16:D22) -> 0 | H23: =SUM(H16:H22) -> 0 | J23: 소 계 | L23: =SUM(L16:L22) -> 0 | P23: =SUM(P16:P22) -> 0
B26: 마 감 재 고 | G26: [단위:리터/원] | J26: 입 고 내 역 | O26: [단위:리터/원]
B27: 유종 | C27: 수량 | E27: 단가 | G27: 환산금액 | J27: 유종 | K27: 수량 | M27: 사입단가 | O27: 환산금액
B28: G | C28: 0 | E28: 0 | G28: 0 | J28: G | K28: 0 | M28: 0 | O28: 0
B29: K | C29: =$E$9-$D$23 -> #REF! | E29: =$G$9 -> #REF! | G29: =C29*E29 -> #REF! | J29: K | O29: =K29*M29 -> 0
B30: D | C30: =$E$10-$L$23 -> 354941 | E30: =$G$10 -> 1481.721 | G30: =C30*E30 -> 5.2592353e+08 | J30: D | K30: 12068 | M30: 1507.08 | O30: =K30*M30 -> 18187441
B33: 복 합 단 가
B34: 유종 | C34: 수량 | E34: 금액 | G34: 복 합 단 가
B35: G | C35: 0 | E35: 0 | G35: 0 | R35: 별도 보관물량(국세청 제외)
B36: K | C36: =$C$29+$K$29 -> #REF! | E36: =$G$29+$O$29 -> #REF! | G36: =E36/C36 -> #REF! | R36: 46049 | T36: 46050 | V36: 46077
B37: D | C37: =$C$30+$K$30 -> 367009 | E37: =$G$30+$O$30-K37 -> 5.4411098e+08 | G37: =E37/C37 -> 1482.5549 | R37: 신광 | S37: 용두 | T37: 용두 | U37: 신광 | V37: 신광
R38: =28185+28171-28000-28000 -> 356 | S38: =32195-32000 -> 195 | T38: =64476-32000-32000 -> 476 | U38: =84559-4000-32000-32000-16000 -> 559 | V38: =(28000*3)+559 -> 84559
B39: 재 고 현 황 | O39: [단위:리터/원] | R39: 2대 | S39: 1대 | T39: 2대 | U39: 3대 | V39: 3대
C40: 전일 | F40: 금일 | N40: 복합단가 | O40: 증감
C41: 재고 | F41: 입고 | H41: 출고 | K41: 마 감 재 고 | M41: 재고율
B42: 휘발유 | Q42: 46056 | R42: 신광 | S42: 28000 | T42: 1대출고
B43: 등 유 | C43: =SUM($E$9) -> #REF! | F43: =$K$29 -> 0 | H43: =$D$23 -> 0 | K43: =$C$43-$H$43+$F$43+$O$43 -> #REF! | M43: =SUM($K$43)/$D$9 -> #REF! | N43: =$G$36 -> #REF! | Q43: 46062 | R43: 신광 | S43: 32000 | T43: 1대출고
B44: 경 유 | C44: =SUM($E$10) -> 354941 | F44: =$K$30 -> 12068 | H44: =$L$23 -> 0 | K44: =$C$44-$H$44+$F$44+$O$44 -> 367009 | M44: =SUM($K$44)/D10 -> 0.45876125 | N44: =$G$37 -> 1482.5549 | Q44: 46063 | R44: 신광 | S44: 32000 | T44: 1대출고
G45: 복합단가의 재고수량과 단가는 보관물량 제외니 참고해주세요! | Q45: 46065 | R45: 신광 | S45: 32000 | T45: 1대출고
Q46: 46072 | R46: 신광 | S46: 16000 | T46: 1대출고
Q47: 46076 | R47: 용두 | S47: 32000 | T47: 1대출고
Q48: 46077 | R48: 용두 | S48: 32000 | T48: 1대출고
Q49: 46078 | R49: 용두 | S49: 32000 | T49: 1대출고

Sheet 0304 (입고)
B1: ◈ KK저장소 복합단가 운영표 - 침산저장소
B5: 이 월 재 고 | G5: [단위:리터/원]
B7: 유종 | D7: 탱크용량 | E7: 재고수량 | F7: 재고율 | G7: 단가
C8: G | D8: 0 | E8: 0 | F8: 0 | G8: 0
C9: K | D9: 0 | E9: =SUM(#REF!) -> #REF! | G9: =SUM(#REF!) -> #REF!
C10: D | D10: 800000 | E10: =SUM('0228 (입고)'!K44:L44) -> 367009 | G10: =SUM('0228 (입고)'!N44) -> 1482.5549
B13: 출고내역(K) | G13: [단위:리터/원] | J13: 출고내역(LD) | O13: [단위:리터/원]
B14: 유종 | C14: 일반매출(사내이관 포함) | J14: 유종 | K14: 일반매출(사내이관 포함)
C15: 거래처명 | D15: 수량 | E15: 출고단가 | F15: 재고단가 | G15: 단가차액 | H15: 이익 | K15: 거래처명 | L15: 수량 | M15: 출고단가 | N15: 재고단가 | O15: 단가차액 | P15: 이익
B16: 실내 등유 | F16: =IF(D16="","",(SUM($G$9))) | G16: =IF(D16="","",(SUM(E16)-F16)) | H16: =IF(D16="","",(D16*G16)) | J16: 경유 | N16: =IF(L16="","",($G$10)) | O16: =IF(L16="","",(SUM(M16)-N16)) | P16: =IF(L16="","",(L16*O16))
F17: =IF(D17="","",(SUM($G$9))) | G17: =IF(D17="","",(SUM(E17)-F17)) | H17: =IF(D17="","",(D17*G17)) | N17: =IF(L17="","",($G$10)) | O17: =IF(L17="","",(SUM(M17)-N17)) | P17: =IF(L17="","",(L17*O17))
F18: =IF(D18="","",(SUM($G$9))) | G18: =IF(D18="","",(SUM(E18)-F18)) | H18: =IF(D18="","",(D18*G18)) | N18: =IF(L18="","",($G$10)) | O18: =IF(L18="","",(SUM(M18)-N18)) | P18: =IF(L18="","",(L18*O18))
F19: =IF(D19="","",(SUM($G$9))) | G19: =IF(D19="","",(SUM(E19)-F19)) | H19: =IF(D19="","",(D19*G19)) | N19: =IF(L19="","",($G$10)) | O19: =IF(L19="","",(SUM(M19)-N19)) | P19: =IF(L19="","",(L19*O19))
F20: =IF(D20="","",(SUM($G$9))) | G20: =IF(D20="","",(SUM(E20)-F20)) | H20: =IF(D20="","",(D20*G20)) | N20: =IF(L20="","",($G$10)) | O20: =IF(L20="","",(SUM(M20)-N20)) | P20: =IF(L20="","",(L20*O20))
F21: =IF(D21="","",(SUM($G$9))) | G21: =IF(D21="","",(SUM(E21)-F21)) | H21: =IF(D21="","",(D21*G21)) | N21: =IF(L21="","",($G$10)) | O21: =IF(L21="","",(SUM(M21)-N21)) | P21: =IF(L21="","",(L21*O21))
F22: =IF(D22="","",(SUM($G$9))) | G22: =IF(D22="","",(SUM(E22)-F22)) | H22: =IF(D22="","",(D22*G22)) | N22: =IF(L22="","",($G$10)) | O22: =IF(L22="","",(SUM(M22)-N22)) | P22: =IF(L22="","",(L22*O22))
B23: 소 계 | D23: =SUM(D16:D22) -> 0 | H23: =SUM(H16:H22) -> 0 | J23: 소 계 | L23: =SUM(L16:L22) -> 0 | P23: =SUM(P16:P22) -> 0
B26: 마 감 재 고 | G26: [단위:리터/원] | J26: 입 고 내 역 | O26: [단위:리터/원]
B27: 유종 | C27: 수량 | E27: 단가 | G27: 환산금액 | J27: 유종 | K27: 수량 | M27: 사입단가 | O27: 환산금액
B28: G | C28: 0 | E28: 0 | G28: 0 | J28: G | K28: 0 | M28: 0 | O28: 0
B29: K | C29: =$E$9-$D$23 -> #REF! | E29: =$G$9 -> #REF! | G29: =C29*E29 -> #REF! | J29: K | O29: =K29*M29 -> 0
B30: D | C30: =$E$10-$L$23 -> 367009 | E30: =$G$10 -> 1482.5549 | G30: =C30*E30 -> 5.4411098e+08 | J30: D | K30: 124651 | M30: 1753.4674 | O30: =K30*M30 -> 2.1857146e+08
B33: 복 합 단 가
B34: 유종 | C34: 수량 | E34: 금액 | G34: 복 합 단 가
B35: G | C35: 0 | E35: 0 | G35: 0 | R35: 별도 보관물량(국세청 제외)
B36: K | C36: =$C$29+$K$29 -> #REF! | E36: =$G$29+$O$29 -> #REF! | G36: =E36/C36 -> #REF! | R36: 46049 | T36: 46050 | V36: 46077
B37: D | C37: =$C$30+$K$30 -> 491660 | E37: =$G$30+$O$30-K37 -> 7.6268244e+08 | G37: =E37/C37 -> 1551.2396 | R37: 신광 | S37: 용두 | T37: 용두 | U37: 신광 | V37: 신광
R38: =28185+28171-28000-28000 -> 356 | S38: =32195-32000 -> 195 | T38: =64476-32000-32000 -> 476 | U38: 559 | V38: =(28000*3)-56000+559 -> 28559
B39: 재 고 현 황 | O39: [단위:리터/원] | R39: 2대 | S39: 1대 | T39: 2대 | U39: 3대 | V39: 3대
C40: 전일 | F40: 금일 | N40: 복합단가 | O40: 증감
C41: 재고 | F41: 입고 | H41: 출고 | K41: 마 감 재 고 | M41: 재고율
B42: 휘발유 | Q42: 46056 | R42: 신광 | S42: 28000 | T42: 1대출고
B43: 등 유 | C43: =SUM($E$9) -> #REF! | F43: =$K$29 -> 0 | H43: =$D$23 -> 0 | K43: =$C$43-$H$43+$F$43+$O$43 -> #REF! | M43: =SUM($K$43)/$D$9 -> #REF! | N43: =$G$36 -> #REF! | Q43: 46062 | R43: 신광 | S43: 32000 | T43: 1대출고
B44: 경 유 | C44: =SUM($E$10) -> 367009 | F44: =$K$30 -> 124651 | H44: =$L$23 -> 0 | K44: =$C$44-$H$44+$F$44+$O$44 -> 491660 | M44: =SUM($K$44)/D10 -> 0.614575 | N44: =$G$37 -> 1551.2396 | Q44: 46063 | R44: 신광 | S44: 32000 | T44: 1대출고
G45: 복합단가의 재고수량과 단가는 보관물량 제외니 참고해주세요! | Q45: 46065 | R45: 신광 | S45: 32000 | T45: 1대출고
Q46: 46072 | R46: 신광 | S46: 16000 | T46: 1대출고
Q47: 46076 | R47: 용두 | S47: 32000 | T47: 1대출고
Q48: 46077 | R48: 용두 | S48: 32000 | T48: 1대출고
Q49: 46078 | R49: 용두 | S49: 32000 | T49: 1대출고
Q50: 03월 04일 | R50: 신광 | S50: 56000 | T50: 2대출고

Sheet 0304
B1: ◈ KK저장소 복합단가 운영표 - 침산저장소
B5: 이 월 재 고 | G5: [단위:리터/원]
B7: 유종 | D7: 탱크용량 | E7: 재고수량 | F7: 재고율 | G7: 단가
C8: G | D8: 0 | E8: 0 | F8: 0 | G8: 0
C9: K | D9: 0 | E9: =SUM(#REF!) -> #REF! | G9: =SUM(#REF!) -> #REF!
C10: D | D10: 800000 | E10: =SUM('0304 (입고)'!K44:L44) -> 491660 | G10: =SUM('0304 (입고)'!N44) -> 1551.2396
B13: 출고내역(K) | G13: [단위:리터/원] | J13: 출고내역(LD) | O13: [단위:리터/원]
B14: 유종 | C14: 일반매출(사내이관 포함) | J14: 유종 | K14: 일반매출(사내이관 포함)
C15: 거래처명 | D15: 수량 | E15: 출고단가 | F15: 재고단가 | G15: 단가차액 | H15: 이익 | K15: 거래처명 | L15: 수량 | M15: 출고단가 | N15: 재고단가 | O15: 단가차액 | P15: 이익
B16: 실내 등유 | F16: =IF(D16="","",(SUM($G$9))) | G16: =IF(D16="","",(SUM(E16)-F16)) | H16: =IF(D16="","",(D16*G16)) | J16: 경유 | K16: 성진 | L16: 32000 | N16: =IF(L16="","",($G$10)) -> 1551.2396 | O16: =IF(L16="","",(SUM(M16)-N16)) -> -1551.2396 | P16: =IF(L16="","",(L16*O16)) -> -49639666
F17: =IF(D17="","",(SUM($G$9))) | G17: =IF(D17="","",(SUM(E17)-F17)) | H17: =IF(D17="","",(D17*G17)) | N17: =IF(L17="","",($G$10)) | O17: =IF(L17="","",(SUM(M17)-N17)) | P17: =IF(L17="","",(L17*O17))
F18: =IF(D18="","",(SUM($G$9))) | G18: =IF(D18="","",(SUM(E18)-F18)) | H18: =IF(D18="","",(D18*G18)) | N18: =IF(L18="","",($G$10)) | O18: =IF(L18="","",(SUM(M18)-N18)) | P18: =IF(L18="","",(L18*O18))
F19: =IF(D19="","",(SUM($G$9))) | G19: =IF(D19="","",(SUM(E19)-F19)) | H19: =IF(D19="","",(D19*G19)) | N19: =IF(L19="","",($G$10)) | O19: =IF(L19="","",(SUM(M19)-N19)) | P19: =IF(L19="","",(L19*O19))
F20: =IF(D20="","",(SUM($G$9))) | G20: =IF(D20="","",(SUM(E20)-F20)) | H20: =IF(D20="","",(D20*G20)) | N20: =IF(L20="","",($G$10)) | O20: =IF(L20="","",(SUM(M20)-N20)) | P20: =IF(L20="","",(L20*O20))
F21: =IF(D21="","",(SUM($G$9))) | G21: =IF(D21="","",(SUM(E21)-F21)) | H21: =IF(D21="","",(D21*G21)) | N21: =IF(L21="","",($G$10)) | O21: =IF(L21="","",(SUM(M21)-N21)) | P21: =IF(L21="","",(L21*O21))
F22: =IF(D22="","",(SUM($G$9))) | G22: =IF(D22="","",(SUM(E22)-F22)) | H22: =IF(D22="","",(D22*G22)) | N22: =IF(L22="","",($G$10)) | O22: =IF(L22="","",(SUM(M22)-N22)) | P22: =IF(L22="","",(L22*O22))
B23: 소 계 | D23: =SUM(D16:D22) -> 0 | H23: =SUM(H16:H22) -> 0 | J23: 소 계 | L23: =SUM(L16:L22) -> 32000 | P23: =SUM(P16:P22) -> -49639666
B26: 마 감 재 고 | G26: [단위:리터/원] | J26: 입 고 내 역 | O26: [단위:리터/원]
B27: 유종 | C27: 수량 | E27: 단가 | G27: 환산금액 | J27: 유종 | K27: 수량 | M27: 사입단가 | O27: 환산금액
B28: G | C28: 0 | E28: 0 | G28: 0 | J28: G | K28: 0 | M28: 0 | O28: 0
B29: K | C29: =$E$9-$D$23 -> #REF! | E29: =$G$9 -> #REF! | G29: =C29*E29 -> #REF! | J29: K | O29: =K29*M29 -> 0
B30: D | C30: =$E$10-$L$23 -> 459660 | E30: =$G$10 -> 1551.2396 | G30: =C30*E30 -> 7.1304277e+08 | J30: D | O30: =K30*M30 -> 0
B33: 복 합 단 가
B34: 유종 | C34: 수량 | E34: 금액 | G34: 복 합 단 가
B35: G | C35: 0 | E35: 0 | G35: 0 | R35: 별도 보관물량(국세청 제외)
B36: K | C36: =$C$29+$K$29 -> #REF! | E36: =$G$29+$O$29 -> #REF! | G36: =E36/C36 -> #REF! | R36: 46049 | T36: 46050 | V36: 46077
B37: D | C37: =$C$30+$K$30 -> 459660 | E37: =$G$30+$O$30-K37 -> 7.035469e+08 | G37: =E37/C37 -> 1530.5811 | K37: 9495875 | L37: <<26년 1분기 IB | R37: 신광 | S37: 용두 | T37: 용두 | U37: 신광 | V37: 신광
R38: =28185+28171-28000-28000 -> 356 | S38: =32195-32000 -> 195 | T38: =64476-32000-32000 -> 476 | U38: 559 | V38: =(28000*3)-56000+559 -> 28559
B39: 재 고 현 황 | O39: [단위:리터/원] | R39: 2대 | S39: 1대 | T39: 2대 | U39: 3대 | V39: 3대
C40: 전일 | F40: 금일 | N40: 복합단가 | O40: 증감
C41: 재고 | F41: 입고 | H41: 출고 | K41: 마 감 재 고 | M41: 재고율
B42: 휘발유 | Q42: 46056 | R42: 신광 | S42: 28000 | T42: 1대출고
B43: 등 유 | C43: =SUM($E$9) -> #REF! | F43: =$K$29 -> 0 | H43: =$D$23 -> 0 | K43: =$C$43-$H$43+$F$43+$O$43 -> #REF! | M43: =SUM($K$43)/$D$9 -> #REF! | N43: =$G$36 -> #REF! | Q43: 46062 | R43: 신광 | S43: 32000 | T43: 1대출고
B44: 경 유 | C44: =SUM($E$10) -> 491660 | F44: =$K$30 -> 0 | H44: =$L$23 -> 32000 | K44: =$C$44-$H$44+$F$44+$O$44 -> 460532 | M44: =SUM($K$44)/D10 -> 0.575665 | N44: =$G$37 -> 1530.5811 | O44: =872 -> 872 | Q44: 46063 | R44: 신광 | S44: 32000 | T44: 1대출고
G45: 복합단가의 재고수량과 단가는 보관물량 제외니 참고해주세요! | Q45: 46065 | R45: 신광 | S45: 32000 | T45: 1대출고
Q46: 46072 | R46: 신광 | S46: 16000 | T46: 1대출고
Q47: 46076 | R47: 용두 | S47: 32000 | T47: 1대출고
Q48: 46077 | R48: 용두 | S48: 32000 | T48: 1대출고
Q49: 46078 | R49: 용두 | S49: 32000 | T49: 1대출고
Q50: 03월 04일 | R50: 신광 | S50: 56000 | T50: 2대출고

Sheet 0305
B1: ◈ KK저장소 복합단가 운영표 - 침산저장소
B5: 이 월 재 고 | G5: [단위:리터/원]
B7: 유종 | D7: 탱크용량 | E7: 재고수량 | F7: 재고율 | G7: 단가
C8: G | D8: 0 | E8: 0 | F8: 0 | G8: 0
C9: K | D9: 0 | E9: =SUM(#REF!) -> #REF! | G9: =SUM(#REF!) -> #REF!
C10: D | D10: 800000 | E10: =SUM('0304'!K44:L44) -> 460532 | G10: =SUM('0304'!N44) -> 1530.5811
B13: 출고내역(K) | G13: [단위:리터/원] | J13: 출고내역(LD) | O13: [단위:리터/원]
B14: 유종 | C14: 일반매출(사내이관 포함) | J14: 유종 | K14: 일반매출(사내이관 포함)
C15: 거래처명 | D15: 수량 | E15: 출고단가 | F15: 재고단가 | G15: 단가차액 | H15: 이익 | K15: 거래처명 | L15: 수량 | M15: 출고단가 | N15: 재고단가 | O15: 단가차액 | P15: 이익
B16: 실내 등유 | F16: =IF(D16="","",(SUM($G$9))) | G16: =IF(D16="","",(SUM(E16)-F16)) | H16: =IF(D16="","",(D16*G16)) | J16: 경유 | K16: 예스구미 | L16: 32000 | N16: =IF(L16="","",($G$10)) -> 1530.5811 | O16: =IF(L16="","",(SUM(M16)-N16)) -> -1530.5811 | P16: =IF(L16="","",(L16*O16)) -> -48978595
F17: =IF(D17="","",(SUM($G$9))) | G17: =IF(D17="","",(SUM(E17)-F17)) | H17: =IF(D17="","",(D17*G17)) | N17: =IF(L17="","",($G$10)) | O17: =IF(L17="","",(SUM(M17)-N17)) | P17: =IF(L17="","",(L17*O17))
F18: =IF(D18="","",(SUM($G$9))) | G18: =IF(D18="","",(SUM(E18)-F18)) | H18: =IF(D18="","",(D18*G18)) | N18: =IF(L18="","",($G$10)) | O18: =IF(L18="","",(SUM(M18)-N18)) | P18: =IF(L18="","",(L18*O18))
F19: =IF(D19="","",(SUM($G$9))) | G19: =IF(D19="","",(SUM(E19)-F19)) | H19: =IF(D19="","",(D19*G19)) | N19: =IF(L19="","",($G$10)) | O19: =IF(L19="","",(SUM(M19)-N19)) | P19: =IF(L19="","",(L19*O19))
F20: =IF(D20="","",(SUM($G$9))) | G20: =IF(D20="","",(SUM(E20)-F20)) | H20: =IF(D20="","",(D20*G20)) | N20: =IF(L20="","",($G$10)) | O20: =IF(L20="","",(SUM(M20)-N20)) | P20: =IF(L20="","",(L20*O20))
F21: =IF(D21="","",(SUM($G$9))) | G21: =IF(D21="","",(SUM(E21)-F21)) | H21: =IF(D21="","",(D21*G21)) | N21: =IF(L21="","",($G$10)) | O21: =IF(L21="","",(SUM(M21)-N21)) | P21: =IF(L21="","",(L21*O21))
F22: =IF(D22="","",(SUM($G$9))) | G22: =IF(D22="","",(SUM(E22)-F22)) | H22: =IF(D22="","",(D22*G22)) | N22: =IF(L22="","",($G$10)) | O22: =IF(L22="","",(SUM(M22)-N22)) | P22: =IF(L22="","",(L22*O22))
B23: 소 계 | D23: =SUM(D16:D22) -> 0 | H23: =SUM(H16:H22) -> 0 | J23: 소 계 | L23: =SUM(L16:L22) -> 32000 | P23: =SUM(P16:P22) -> -48978595
B26: 마 감 재 고 | G26: [단위:리터/원] | J26: 입 고 내 역 | O26: [단위:리터/원]
B27: 유종 | C27: 수량 | E27: 단가 | G27: 환산금액 | J27: 유종 | K27: 수량 | M27: 사입단가 | O27: 환산금액
B28: G | C28: 0 | E28: 0 | G28: 0 | J28: G | K28: 0 | M28: 0 | O28: 0
B29: K | C29: =$E$9-$D$23 -> #REF! | E29: =$G$9 -> #REF! | G29: =C29*E29 -> #REF! | J29: K | O29: =K29*M29 -> 0
B30: D | C30: =$E$10-$L$23 -> 428532 | E30: =$G$10 -> 1530.5811 | G30: =C30*E30 -> 6.5590297e+08 | J30: D | O30: =K30*M30 -> 0
B33: 복 합 단 가
B34: 유종 | C34: 수량 | E34: 금액 | G34: 복 합 단 가
B35: G | C35: 0 | E35: 0 | G35: 0 | R35: 별도 보관물량(국세청 제외)
B36: K | C36: =$C$29+$K$29 -> #REF! | E36: =$G$29+$O$29 -> #REF! | G36: =E36/C36 -> #REF! | R36: 46049 | T36: 46050 | V36: 46077
B37: D | C37: =$C$30+$K$30 -> 428532 | E37: =$G$30+$O$30-K37 -> 6.5590297e+08 | G37: =E37/C37 -> 1530.5811 | R37: 신광 | S37: 용두 | T37: 용두 | U37: 신광 | V37: 신광
R38: =28185+28171-28000-28000 -> 356 | S38: =32195-32000 -> 195 | T38: =64476-32000-32000 -> 476 | U38: 559 | V38: =(28000*3)-56000+559 -> 28559
B39: 재 고 현 황 | O39: [단위:리터/원] | R39: 2대 | S39: 1대 | T39: 2대 | U39: 3대 | V39: 3대
C40: 전일 | F40: 금일 | N40: 복합단가 | O40: 증감
C41: 재고 | F41: 입고 | H41: 출고 | K41: 마 감 재 고 | M41: 재고율
B42: 휘발유 | Q42: 46056 | R42: 신광 | S42: 28000 | T42: 1대출고
B43: 등 유 | C43: =SUM($E$9) -> #REF! | F43: =$K$29 -> 0 | H43: =$D$23 -> 0 | K43: =$C$43-$H$43+$F$43+$O$43 -> #REF! | M43: =SUM($K$43)/$D$9 -> #REF! | N43: =$G$36 -> #REF! | Q43: 46062 | R43: 신광 | S43: 32000 | T43: 1대출고
B44: 경 유 | C44: =SUM($E$10) -> 460532 | F44: =$K$30 -> 0 | H44: =$L$23 -> 32000 | K44: =$C$44-$H$44+$F$44+$O$44 -> 428532 | M44: =SUM($K$44)/D10 -> 0.535665 | N44: =$G$37 -> 1530.5811 | Q44: 46063 | R44: 신광 | S44: 32000 | T44: 1대출고
G45: 복합단가의 재고수량과 단가는 보관물량 제외니 참고해주세요! | Q45: 46065 | R45: 신광 | S45: 32000 | T45: 1대출고
Q46: 46072 | R46: 신광 | S46: 16000 | T46: 1대출고
Q47: 46076 | R47: 용두 | S47: 32000 | T47: 1대출고
Q48: 46077 | R48: 용두 | S48: 32000 | T48: 1대출고
Q49: 46078 | R49: 용두 | S49: 32000 | T49: 1대출고
Q50: 03월 04일 | R50: 신광 | S50: 56000 | T50: 2대출고

Sheet 0306
B1: ◈ KK저장소 복합단가 운영표 - 침산저장소
B5: 이 월 재 고 | G5: [단위:리터/원]
B7: 유종 | D7: 탱크용량 | E7: 재고수량 | F7: 재고율 | G7: 단가
C8: G | D8: 0 | E8: 0 | F8: 0 | G8: 0
C9: K | D9: 0 | E9: =SUM(#REF!) -> #REF! | G9: =SUM(#REF!) -> #REF!
C10: D | D10: 800000 | E10: =SUM('0305'!K44:L44) -> 428532 | G10: =SUM('0305'!N44) -> 1530.5811
B13: 출고내역(K) | G13: [단위:리터/원] | J13: 출고내역(LD) | O13: [단위:리터/원]
B14: 유종 | C14: 일반매출(사내이관 포함) | J14: 유종 | K14: 일반매출(사내이관 포함)
C15: 거래처명 | D15: 수량 | E15: 출고단가 | F15: 재고단가 | G15: 단가차액 | H15: 이익 | K15: 거래처명 | L15: 수량 | M15: 출고단가 | N15: 재고단가 | O15: 단가차액 | P15: 이익
B16: 실내 등유 | F16: =IF(D16="","",(SUM($G$9))) | G16: =IF(D16="","",(SUM(E16)-F16)) | H16: =IF(D16="","",(D16*G16)) | J16: 경유 | K16: 한성 | L16: 32000 | N16: =IF(L16="","",($G$10)) -> 1530.5811 | O16: =IF(L16="","",(SUM(M16)-N16)) -> -1530.5811 | P16: =IF(L16="","",(L16*O16)) -> -48978595
F17: =IF(D17="","",(SUM($G$9))) | G17: =IF(D17="","",(SUM(E17)-F17)) | H17: =IF(D17="","",(D17*G17)) | K17: 세양개발 | L17: 8000 | N17: =IF(L17="","",($G$10)) -> 1530.5811 | O17: =IF(L17="","",(SUM(M17)-N17)) -> -1530.5811 | P17: =IF(L17="","",(L17*O17)) -> -12244649
F18: =IF(D18="","",(SUM($G$9))) | G18: =IF(D18="","",(SUM(E18)-F18)) | H18: =IF(D18="","",(D18*G18)) | N18: =IF(L18="","",($G$10)) | O18: =IF(L18="","",(SUM(M18)-N18)) | P18: =IF(L18="","",(L18*O18))
F19: =IF(D19="","",(SUM($G$9))) | G19: =IF(D19="","",(SUM(E19)-F19)) | H19: =IF(D19="","",(D19*G19)) | N19: =IF(L19="","",($G$10)) | O19: =IF(L19="","",(SUM(M19)-N19)) | P19: =IF(L19="","",(L19*O19))
F20: =IF(D20="","",(SUM($G$9))) | G20: =IF(D20="","",(SUM(E20)-F20)) | H20: =IF(D20="","",(D20*G20)) | N20: =IF(L20="","",($G$10)) | O20: =IF(L20="","",(SUM(M20)-N20)) | P20: =IF(L20="","",(L20*O20))
F21: =IF(D21="","",(SUM($G$9))) | G21: =IF(D21="","",(SUM(E21)-F21)) | H21: =IF(D21="","",(D21*G21)) | N21: =IF(L21="","",($G$10)) | O21: =IF(L21="","",(SUM(M21)-N21)) | P21: =IF(L21="","",(L21*O21))
F22: =IF(D22="","",(SUM($G$9))) | G22: =IF(D22="","",(SUM(E22)-F22)) | H22: =IF(D22="","",(D22*G22)) | N22: =IF(L22="","",($G$10)) | O22: =IF(L22="","",(SUM(M22)-N22)) | P22: =IF(L22="","",(L22*O22))
B23: 소 계 | D23: =SUM(D16:D22) -> 0 | H23: =SUM(H16:H22) -> 0 | J23: 소 계 | L23: =SUM(L16:L22) -> 40000 | P23: =SUM(P16:P22) -> -61223243
B26: 마 감 재 고 | G26: [단위:리터/원] | J26: 입 고 내 역 | O26: [단위:리터/원]
B27: 유종 | C27: 수량 | E27: 단가 | G27: 환산금액 | J27: 유종 | K27: 수량 | M27: 사입단가 | O27: 환산금액
B28: G | C28: 0 | E28: 0 | G28: 0 | J28: G | K28: 0 | M28: 0 | O28: 0
B29: K | C29: =$E$9-$D$23 -> #REF! | E29: =$G$9 -> #REF! | G29: =C29*E29 -> #REF! | J29: K | O29: =K29*M29 -> 0
B30: D | C30: =$E$10-$L$23 -> 388532 | E30: =$G$10 -> 1530.5811 | G30: =C30*E30 -> 5.9467973e+08 | J30: D | O30: =K30*M30 -> 0
B33: 복 합 단 가
B34: 유종 | C34: 수량 | E34: 금액 | G34: 복 합 단 가
B35: G | C35: 0 | E35: 0 | G35: 0 | R35: 별도 보관물량(국세청 제외)
B36: K | C36: =$C$29+$K$29 -> #REF! | E36: =$G$29+$O$29 -> #REF! | G36: =E36/C36 -> #REF! | R36: 46049 | T36: 46050 | V36: 46077
B37: D | C37: =$C$30+$K$30 -> 388532 | E37: =$G$30+$O$30-K37 -> 5.9467973e+08 | G37: =E37/C37 -> 1530.5811 | R37: 신광 | S37: 용두 | T37: 용두 | U37: 신광 | V37: 신광
R38: =28185+28171-28000-28000 -> 356 | S38: =32195-32000 -> 195 | T38: =64476-32000-32000 -> 476 | U38: 559 | V38: =(28000*3)-56000+559 -> 28559
B39: 재 고 현 황 | O39: [단위:리터/원] | R39: 2대 | S39: 1대 | T39: 2대 | U39: 3대 | V39: 3대
C40: 전일 | F40: 금일 | N40: 복합단가 | O40: 증감
C41: 재고 | F41: 입고 | H41: 출고 | K41: 마 감 재 고 | M41: 재고율
B42: 휘발유 | Q42: 46056 | R42: 신광 | S42: 28000 | T42: 1대출고
B43: 등 유 | C43: =SUM($E$9) -> #REF! | F43: =$K$29 -> 0 | H43: =$D$23 -> 0 | K43: =$C$43-$H$43+$F$43+$O$43 -> #REF! | M43: =SUM($K$43)/$D$9 -> #REF! | N43: =$G$36 -> #REF! | Q43: 46062 | R43: 신광 | S43: 32000 | T43: 1대출고
B44: 경 유 | C44: =SUM($E$10) -> 428532 | F44: =$K$30 -> 0 | H44: =$L$23 -> 40000 | K44: =$C$44-$H$44+$F$44+$O$44 -> 388532 | M44: =SUM($K$44)/D10 -> 0.485665 | N44: =$G$37 -> 1530.5811 | Q44: 46063 | R44: 신광 | S44: 32000 | T44: 1대출고
G45: 복합단가의 재고수량과 단가는 보관물량 제외니 참고해주세요! | Q45: 46065 | R45: 신광 | S45: 32000 | T45: 1대출고
Q46: 46072 | R46: 신광 | S46: 16000 | T46: 1대출고
Q47: 46076 | R47: 용두 | S47: 32000 | T47: 1대출고
Q48: 46077 | R48: 용두 | S48: 32000 | T48: 1대출고
Q49: 46078 | R49: 용두 | S49: 32000 | T49: 1대출고
Q50: 03월 04일 | R50: 신광 | S50: 56000 | T50: 2대출고

Sheet 0311
B1: ◈ KK저장소 복합단가 운영표 - 침산저장소
B5: 이 월 재 고 | G5: [단위:리터/원]
B7: 유종 | D7: 탱크용량 | E7: 재고수량 | F7: 재고율 | G7: 단가
C8: G | D8: 0 | E8: 0 | F8: 0 | G8: 0
C9: K | D9: 0 | E9: =SUM(#REF!) -> #REF! | G9: =SUM(#REF!) -> #REF!
C10: D | D10: 800000 | E10: =SUM('0306'!K44:L44) -> 388532 | G10: =SUM('0306'!N44) -> 1530.5811
B13: 출고내역(K) | G13: [단위:리터/원] | J13: 출고내역(LD) | O13: [단위:리터/원]
B14: 유종 | C14: 일반매출(사내이관 포함) | J14: 유종 | K14: 일반매출(사내이관 포함)
C15: 거래처명 | D15: 수량 | E15: 출고단가 | F15: 재고단가 | G15: 단가차액 | H15: 이익 | K15: 거래처명 | L15: 수량 | M15: 출고단가 | N15: 재고단가 | O15: 단가차액 | P15: 이익
B16: 실내 등유 | F16: =IF(D16="","",(SUM($G$9))) | G16: =IF(D16="","",(SUM(E16)-F16)) | H16: =IF(D16="","",(D16*G16)) | J16: 경유 | K16: 감로화 | L16: 20000 | N16: =IF(L16="","",($G$10)) -> 1530.5811 | O16: =IF(L16="","",(SUM(M16)-N16)) -> -1530.5811 | P16: =IF(L16="","",(L16*O16)) -> -30611622
F17: =IF(D17="","",(SUM($G$9))) | G17: =IF(D17="","",(SUM(E17)-F17)) | H17: =IF(D17="","",(D17*G17)) | K17: 코리아 | L17: 12000 | N17: =IF(L17="","",($G$10)) -> 1530.5811 | O17: =IF(L17="","",(SUM(M17)-N17)) -> -1530.5811 | P17: =IF(L17="","",(L17*O17)) -> -18366973
F18: =IF(D18="","",(SUM($G$9))) | G18: =IF(D18="","",(SUM(E18)-F18)) | H18: =IF(D18="","",(D18*G18)) | N18: =IF(L18="","",($G$10)) | O18: =IF(L18="","",(SUM(M18)-N18)) | P18: =IF(L18="","",(L18*O18))
F19: =IF(D19="","",(SUM($G$9))) | G19: =IF(D19="","",(SUM(E19)-F19)) | H19: =IF(D19="","",(D19*G19)) | N19: =IF(L19="","",($G$10)) | O19: =IF(L19="","",(SUM(M19)-N19)) | P19: =IF(L19="","",(L19*O19))
F20: =IF(D20="","",(SUM($G$9))) | G20: =IF(D20="","",(SUM(E20)-F20)) | H20: =IF(D20="","",(D20*G20)) | N20: =IF(L20="","",($G$10)) | O20: =IF(L20="","",(SUM(M20)-N20)) | P20: =IF(L20="","",(L20*O20))
F21: =IF(D21="","",(SUM($G$9))) | G21: =IF(D21="","",(SUM(E21)-F21)) | H21: =IF(D21="","",(D21*G21)) | N21: =IF(L21="","",($G$10)) | O21: =IF(L21="","",(SUM(M21)-N21)) | P21: =IF(L21="","",(L21*O21))
F22: =IF(D22="","",(SUM($G$9))) | G22: =IF(D22="","",(SUM(E22)-F22)) | H22: =IF(D22="","",(D22*G22)) | N22: =IF(L22="","",($G$10)) | O22: =IF(L22="","",(SUM(M22)-N22)) | P22: =IF(L22="","",(L22*O22))
B23: 소 계 | D23: =SUM(D16:D22) -> 0 | H23: =SUM(H16:H22) -> 0 | J23: 소 계 | L23: =SUM(L16:L22) -> 32000 | P23: =SUM(P16:P22) -> -48978595
B26: 마 감 재 고 | G26: [단위:리터/원] | J26: 입 고 내 역 | O26: [단위:리터/원]
B27: 유종 | C27: 수량 | E27: 단가 | G27: 환산금액 | J27: 유종 | K27: 수량 | M27: 사입단가 | O27: 환산금액
B28: G | C28: 0 | E28: 0 | G28: 0 | J28: G | K28: 0 | M28: 0 | O28: 0
B29: K | C29: =$E$9-$D$23 -> #REF! | E29: =$G$9 -> #REF! | G29: =C29*E29 -> #REF! | J29: K | O29: =K29*M29 -> 0
B30: D | C30: =$E$10-$L$23 -> 356532 | E30: =$G$10 -> 1530.5811 | G30: =C30*E30 -> 5.4570113e+08 | J30: D | O30: =K30*M30 -> 0
B33: 복 합 단 가
B34: 유종 | C34: 수량 | E34: 금액 | G34: 복 합 단 가
B35: G | C35: 0 | E35: 0 | G35: 0 | R35: 별도 보관물량(국세청 제외)
B36: K | C36: =$C$29+$K$29 -> #REF! | E36: =$G$29+$O$29 -> #REF! | G36: =E36/C36 -> #REF! | R36: 46049 | T36: 46050 | V36: 46077
B37: D | C37: =$C$30+$K$30 -> 356532 | E37: =$G$30+$O$30-K37 -> 5.4570113e+08 | G37: =E37/C37 -> 1530.5811 | R37: 신광 | S37: 용두 | T37: 용두 | U37: 신광 | V37: 신광
R38: =28185+28171-28000-28000 -> 356 | S38: =32195-32000 -> 195 | T38: =64476-32000-32000 -> 476 | U38: 559 | V38: =(28000*3)-56000+559-28000 -> 559
B39: 재 고 현 황 | O39: [단위:리터/원] | R39: 2대 | S39: 1대 | T39: 2대 | U39: 3대 | V39: 3대
C40: 전일 | F40: 금일 | N40: 복합단가 | O40: 증감
C41: 재고 | F41: 입고 | H41: 출고 | K41: 마 감 재 고 | M41: 재고율
B42: 휘발유 | Q42: 46056 | R42: 신광 | S42: 28000 | T42: 1대출고
B43: 등 유 | C43: =SUM($E$9) -> #REF! | F43: =$K$29 -> 0 | H43: =$D$23 -> 0 | K43: =$C$43-$H$43+$F$43+$O$43 -> #REF! | M43: =SUM($K$43)/$D$9 -> #REF! | N43: =$G$36 -> #REF! | Q43: 46062 | R43: 신광 | S43: 32000 | T43: 1대출고
B44: 경 유 | C44: =SUM($E$10) -> 388532 | F44: =$K$30 -> 0 | H44: =$L$23 -> 32000 | K44: =$C$44-$H$44+$F$44+$O$44 -> 358677 | M44: =SUM($K$44)/D10 -> 0.44834625 | N44: =$G$37 -> 1530.5811 | O44: =SUM(R38:V38) -> 2145 | Q44: 46063 | R44: 신광 | S44: 32000 | T44: 1대출고
G45: 복합단가의 재고수량과 단가는 보관물량 제외니 참고해주세요! | Q45: 46065 | R45: 신광 | S45: 32000 | T45: 1대출고
Q46: 46072 | R46: 신광 | S46: 16000 | T46: 1대출고
Q47: 46076 | R47: 용두 | S47: 32000 | T47: 1대출고
Q48: 46077 | R48: 용두 | S48: 32000 | T48: 1대출고
Q49: 46078 | R49: 용두 | S49: 32000 | T49: 1대출고
Q50: 03월 04일 | R50: 신광 | S50: 56000 | T50: 2대출고
Q51: 46092 | R51: 신광 | S51: 28000 | T51: 1대출고

Sheet 0312
B1: ◈ KK저장소 복합단가 운영표 - 침산저장소
B5: 이 월 재 고 | G5: [단위:리터/원]
B7: 유종 | D7: 탱크용량 | E7: 재고수량 | F7: 재고율 | G7: 단가
C8: G | D8: 0 | E8: 0 | F8: 0 | G8: 0
C9: K | D9: 0 | E9: =SUM(#REF!) -> #REF! | G9: =SUM(#REF!) -> #REF!
C10: D | D10: 800000 | E10: =SUM('0311'!K44:L44) -> 358677 | G10: =SUM('0311'!N44) -> 1530.5811
B13: 출고내역(K) | G13: [단위:리터/원] | J13: 출고내역(LD) | O13: [단위:리터/원]
B14: 유종 | C14: 일반매출(사내이관 포함) | J14: 유종 | K14: 일반매출(사내이관 포함)
C15: 거래처명 | D15: 수량 | E15: 출고단가 | F15: 재고단가 | G15: 단가차액 | H15: 이익 | K15: 거래처명 | L15: 수량 | M15: 출고단가 | N15: 재고단가 | O15: 단가차액 | P15: 이익
B16: 실내 등유 | F16: =IF(D16="","",(SUM($G$9))) | G16: =IF(D16="","",(SUM(E16)-F16)) | H16: =IF(D16="","",(D16*G16)) | J16: 경유 | K16: 성진 | L16: 20000 | N16: =IF(L16="","",($G$10)) -> 1530.5811 | O16: =IF(L16="","",(SUM(M16)-N16)) -> -1530.5811 | P16: =IF(L16="","",(L16*O16)) -> -30611622
F17: =IF(D17="","",(SUM($G$9))) | G17: =IF(D17="","",(SUM(E17)-F17)) | H17: =IF(D17="","",(D17*G17)) | K17: 침산 | L17: 12000 | N17: =IF(L17="","",($G$10)) -> 1530.5811 | O17: =IF(L17="","",(SUM(M17)-N17)) -> -1530.5811 | P17: =IF(L17="","",(L17*O17)) -> -18366973
F18: =IF(D18="","",(SUM($G$9))) | G18: =IF(D18="","",(SUM(E18)-F18)) | H18: =IF(D18="","",(D18*G18)) | N18: =IF(L18="","",($G$10)) | O18: =IF(L18="","",(SUM(M18)-N18)) | P18: =IF(L18="","",(L18*O18))
F19: =IF(D19="","",(SUM($G$9))) | G19: =IF(D19="","",(SUM(E19)-F19)) | H19: =IF(D19="","",(D19*G19)) | N19: =IF(L19="","",($G$10)) | O19: =IF(L19="","",(SUM(M19)-N19)) | P19: =IF(L19="","",(L19*O19))
F20: =IF(D20="","",(SUM($G$9))) | G20: =IF(D20="","",(SUM(E20)-F20)) | H20: =IF(D20="","",(D20*G20)) | N20: =IF(L20="","",($G$10)) | O20: =IF(L20="","",(SUM(M20)-N20)) | P20: =IF(L20="","",(L20*O20))
F21: =IF(D21="","",(SUM($G$9))) | G21: =IF(D21="","",(SUM(E21)-F21)) | H21: =IF(D21="","",(D21*G21)) | N21: =IF(L21="","",($G$10)) | O21: =IF(L21="","",(SUM(M21)-N21)) | P21: =IF(L21="","",(L21*O21))
F22: =IF(D22="","",(SUM($G$9))) | G22: =IF(D22="","",(SUM(E22)-F22)) | H22: =IF(D22="","",(D22*G22)) | N22: =IF(L22="","",($G$10)) | O22: =IF(L22="","",(SUM(M22)-N22)) | P22: =IF(L22="","",(L22*O22))
B23: 소 계 | D23: =SUM(D16:D22) -> 0 | H23: =SUM(H16:H22) -> 0 | J23: 소 계 | L23: =SUM(L16:L22) -> 32000 | P23: =SUM(P16:P22) -> -48978595
B26: 마 감 재 고 | G26: [단위:리터/원] | J26: 입 고 내 역 | O26: [단위:리터/원]
B27: 유종 | C27: 수량 | E27: 단가 | G27: 환산금액 | J27: 유종 | K27: 수량 | M27: 사입단가 | O27: 환산금액
B28: G | C28: 0 | E28: 0 | G28: 0 | J28: G | K28: 0 | M28: 0 | O28: 0
B29: K | C29: =$E$9-$D$23 -> #REF! | E29: =$G$9 -> #REF! | G29: =C29*E29 -> #REF! | J29: K | O29: =K29*M29 -> 0
B30: D | C30: =$E$10-$L$23 -> 326677 | E30: =$G$10 -> 1530.5811 | G30: =C30*E30 -> 5.0000563e+08 | J30: D | O30: =K30*M30 -> 0
B33: 복 합 단 가
B34: 유종 | C34: 수량 | E34: 금액 | G34: 복 합 단 가
B35: G | C35: 0 | E35: 0 | G35: 0 | R35: 별도 보관물량(국세청 제외)
B36: K | C36: =$C$29+$K$29 -> #REF! | E36: =$G$29+$O$29 -> #REF! | G36: =E36/C36 -> #REF!
B37: D | C37: =$C$30+$K$30 -> 326677 | E37: =$G$30+$O$30-K37 -> 5.0000563e+08 | G37: =E37/C37 -> 1530.5811
B39: 재 고 현 황 | O39: [단위:리터/원]
C40: 전일 | F40: 금일 | N40: 복합단가 | O40: 증감
C41: 재고 | F41: 입고 | H41: 출고 | K41: 마 감 재 고 | M41: 재고율
B42: 휘발유
B43: 등 유 | C43: =SUM($E$9) -> #REF! | F43: =$K$29 -> 0 | H43: =$D$23 -> 0 | K43: =$C$43-$H$43+$F$43+$O$43 -> #REF! | M43: =SUM($K$43)/$D$9 -> #REF! | N43: =$G$36 -> #REF!
B44: 경 유 | C44: =SUM($E$10) -> 358677 | F44: =$K$30 -> 0 | H44: =$L$23 -> 32000 | K44: =$C$44-$H$44+$F$44+$O$44 -> 326677 | M44: =SUM($K$44)/D10 -> 0.40834625 | N44: =$G$37 -> 1530.5811
G45: 복합단가의 재고수량과 단가는 보관물량 제외니 참고해주세요!

Sheet 0314 (입고)
B1: ◈ KK저장소 복합단가 운영표 - 침산저장소
B5: 이 월 재 고 | G5: [단위:리터/원]
B7: 유종 | D7: 탱크용량 | E7: 재고수량 | F7: 재고율 | G7: 단가
C8: G | D8: 0 | E8: 0 | F8: 0 | G8: 0
C9: K | D9: 0 | E9: =SUM(#REF!) -> #REF! | G9: =SUM(#REF!) -> #REF!
C10: D | D10: 800000 | E10: =SUM('0312'!K44:L44) -> 326677 | G10: =SUM('0312'!N44) -> 1530.5811
B13: 출고내역(K) | G13: [단위:리터/원] | J13: 출고내역(LD) | O13: [단위:리터/원]
B14: 유종 | C14: 일반매출(사내이관 포함) | J14: 유종 | K14: 일반매출(사내이관 포함)
C15: 거래처명 | D15: 수량 | E15: 출고단가 | F15: 재고단가 | G15: 단가차액 | H15: 이익 | K15: 거래처명 | L15: 수량 | M15: 출고단가 | N15: 재고단가 | O15: 단가차액 | P15: 이익
B16: 실내 등유 | F16: =IF(D16="","",(SUM($G$9))) | G16: =IF(D16="","",(SUM(E16)-F16)) | H16: =IF(D16="","",(D16*G16)) | J16: 경유 | N16: =IF(L16="","",($G$10)) | O16: =IF(L16="","",(SUM(M16)-N16)) | P16: =IF(L16="","",(L16*O16))
F17: =IF(D17="","",(SUM($G$9))) | G17: =IF(D17="","",(SUM(E17)-F17)) | H17: =IF(D17="","",(D17*G17)) | N17: =IF(L17="","",($G$10)) | O17: =IF(L17="","",(SUM(M17)-N17)) | P17: =IF(L17="","",(L17*O17))
F18: =IF(D18="","",(SUM($G$9))) | G18: =IF(D18="","",(SUM(E18)-F18)) | H18: =IF(D18="","",(D18*G18)) | N18: =IF(L18="","",($G$10)) | O18: =IF(L18="","",(SUM(M18)-N18)) | P18: =IF(L18="","",(L18*O18))
F19: =IF(D19="","",(SUM($G$9))) | G19: =IF(D19="","",(SUM(E19)-F19)) | H19: =IF(D19="","",(D19*G19)) | N19: =IF(L19="","",($G$10)) | O19: =IF(L19="","",(SUM(M19)-N19)) | P19: =IF(L19="","",(L19*O19))
F20: =IF(D20="","",(SUM($G$9))) | G20: =IF(D20="","",(SUM(E20)-F20)) | H20: =IF(D20="","",(D20*G20)) | N20: =IF(L20="","",($G$10)) | O20: =IF(L20="","",(SUM(M20)-N20)) | P20: =IF(L20="","",(L20*O20))
F21: =IF(D21="","",(SUM($G$9))) | G21: =IF(D21="","",(SUM(E21)-F21)) | H21: =IF(D21="","",(D21*G21)) | N21: =IF(L21="","",($G$10)) | O21: =IF(L21="","",(SUM(M21)-N21)) | P21: =IF(L21="","",(L21*O21))
F22: =IF(D22="","",(SUM($G$9))) | G22: =IF(D22="","",(SUM(E22)-F22)) | H22: =IF(D22="","",(D22*G22)) | N22: =IF(L22="","",($G$10)) | O22: =IF(L22="","",(SUM(M22)-N22)) | P22: =IF(L22="","",(L22*O22))
B23: 소 계 | D23: =SUM(D16:D22) -> 0 | H23: =SUM(H16:H22) -> 0 | J23: 소 계 | L23: =SUM(L16:L22) -> 0 | P23: =SUM(P16:P22) -> 0
B26: 마 감 재 고 | G26: [단위:리터/원] | J26: 입 고 내 역 | O26: [단위:리터/원]
B27: 유종 | C27: 수량 | E27: 단가 | G27: 환산금액 | J27: 유종 | K27: 수량 | M27: 사입단가 | O27: 환산금액
B28: G | C28: 0 | E28: 0 | G28: 0 | J28: G | K28: 0 | M28: 0 | O28: 0
B29: K | C29: =$E$9-$D$23 -> #REF! | E29: =$G$9 -> #REF! | G29: =C29*E29 -> #REF! | J29: K | O29: =K29*M29 -> 0
B30: D | C30: =$E$10-$L$23 -> 326677 | E30: =$G$10 -> 1530.5811 | G30: =C30*E30 -> 5.0000563e+08 | J30: D | K30: 120590 | M30: 1713 | O30: =K30*M30 -> 206570670
B33: 복 합 단 가
B34: 유종 | C34: 수량 | E34: 금액 | G34: 복 합 단 가
B35: G | C35: 0 | E35: 0 | G35: 0 | R35: 별도 보관물량(국세청 제외)
B36: K | C36: =$C$29+$K$29 -> #REF! | E36: =$G$29+$O$29 -> #REF! | G36: =E36/C36 -> #REF!
B37: D | C37: =$C$30+$K$30 -> 447267 | E37: =$G$30+$O$30-K37 -> 7.065763e+08 | G37: =E37/C37 -> 1579.764
B39: 재 고 현 황 | O39: [단위:리터/원]
C40: 전일 | F40: 금일 | N40: 복합단가 | O40: 증감
C41: 재고 | F41: 입고 | H41: 출고 | K41: 마 감 재 고 | M41: 재고율
B42: 휘발유
B43: 등 유 | C43: =SUM($E$9) -> #REF! | F43: =$K$29 -> 0 | H43: =$D$23 -> 0 | K43: =$C$43-$H$43+$F$43+$O$43 -> #REF! | M43: =SUM($K$43)/$D$9 -> #REF! | N43: =$G$36 -> #REF!
B44: 경 유 | C44: =SUM($E$10) -> 326677 | F44: =$K$30 -> 120590 | H44: =$L$23 -> 0 | K44: =$C$44-$H$44+$F$44+$O$44 -> 447267 | M44: =SUM($K$44)/D10 -> 0.55908375 | N44: =$G$37 -> 1579.764
G45: 복합단가의 재고수량과 단가는 보관물량 제외니 참고해주세요!

Sheet 0316
B1: ◈ KK저장소 복합단가 운영표 - 침산저장소
B5: 이 월 재 고 | G5: [단위:리터/원]
B7: 유종 | D7: 탱크용량 | E7: 재고수량 | F7: 재고율 | G7: 단가
C8: G | D8: 0 | E8: 0 | F8: 0 | G8: 0
C9: K | D9: 0 | E9: =SUM(#REF!) -> #REF! | G9: =SUM(#REF!) -> #REF!
C10: D | D10: 800000 | E10: =SUM('0314 (입고)'!K44:L44) -> 447267 | G10: =SUM('0314 (입고)'!N44) -> 1579.764
B13: 출고내역(K) | G13: [단위:리터/원] | J13: 출고내역(LD) | O13: [단위:리터/원]
B14: 유종 | C14: 일반매출(사내이관 포함) | J14: 유종 | K14: 일반매출(사내이관 포함)
C15: 거래처명 | D15: 수량 | E15: 출고단가 | F15: 재고단가 | G15: 단가차액 | H15: 이익 | K15: 거래처명 | L15: 수량 | M15: 출고단가 | N15: 재고단가 | O15: 단가차액 | P15: 이익
B16: 실내 등유 | F16: =IF(D16="","",(SUM($G$9))) | G16: =IF(D16="","",(SUM(E16)-F16)) | H16: =IF(D16="","",(D16*G16)) | J16: 경유 | K16: 침산2 | L16: 16000 | N16: =IF(L16="","",($G$10)) -> 1579.764 | O16: =IF(L16="","",(SUM(M16)-N16)) -> -1579.764 | P16: =IF(L16="","",(L16*O16)) -> -25276224
F17: =IF(D17="","",(SUM($G$9))) | G17: =IF(D17="","",(SUM(E17)-F17)) | H17: =IF(D17="","",(D17*G17)) | K17: 성서고속 | L17: 16000 | N17: =IF(L17="","",($G$10)) -> 1579.764 | O17: =IF(L17="","",(SUM(M17)-N17)) -> -1579.764 | P17: =IF(L17="","",(L17*O17)) -> -25276224
F18: =IF(D18="","",(SUM($G$9))) | G18: =IF(D18="","",(SUM(E18)-F18)) | H18: =IF(D18="","",(D18*G18)) | N18: =IF(L18="","",($G$10)) | O18: =IF(L18="","",(SUM(M18)-N18)) | P18: =IF(L18="","",(L18*O18))
F19: =IF(D19="","",(SUM($G$9))) | G19: =IF(D19="","",(SUM(E19)-F19)) | H19: =IF(D19="","",(D19*G19)) | N19: =IF(L19="","",($G$10)) | O19: =IF(L19="","",(SUM(M19)-N19)) | P19: =IF(L19="","",(L19*O19))
F20: =IF(D20="","",(SUM($G$9))) | G20: =IF(D20="","",(SUM(E20)-F20)) | H20: =IF(D20="","",(D20*G20)) | N20: =IF(L20="","",($G$10)) | O20: =IF(L20="","",(SUM(M20)-N20)) | P20: =IF(L20="","",(L20*O20))
F21: =IF(D21="","",(SUM($G$9))) | G21: =IF(D21="","",(SUM(E21)-F21)) | H21: =IF(D21="","",(D21*G21)) | N21: =IF(L21="","",($G$10)) | O21: =IF(L21="","",(SUM(M21)-N21)) | P21: =IF(L21="","",(L21*O21))
F22: =IF(D22="","",(SUM($G$9))) | G22: =IF(D22="","",(SUM(E22)-F22)) | H22: =IF(D22="","",(D22*G22)) | N22: =IF(L22="","",($G$10)) | O22: =IF(L22="","",(SUM(M22)-N22)) | P22: =IF(L22="","",(L22*O22))
B23: 소 계 | D23: =SUM(D16:D22) -> 0 | H23: =SUM(H16:H22) -> 0 | J23: 소 계 | L23: =SUM(L16:L22) -> 32000 | P23: =SUM(P16:P22) -> -50552448
B26: 마 감 재 고 | G26: [단위:리터/원] | J26: 입 고 내 역 | O26: [단위:리터/원]
B27: 유종 | C27: 수량 | E27: 단가 | G27: 환산금액 | J27: 유종 | K27: 수량 | M27: 사입단가 | O27: 환산금액
B28: G | C28: 0 | E28: 0 | G28: 0 | J28: G | K28: 0 | M28: 0 | O28: 0
B29: K | C29: =$E$9-$D$23 -> #REF! | E29: =$G$9 -> #REF! | G29: =C29*E29 -> #REF! | J29: K | O29: =K29*M29 -> 0
B30: D | C30: =$E$10-$L$23 -> 415267 | E30: =$G$10 -> 1579.764 | G30: =C30*E30 -> 6.5602386e+08 | J30: D | O30: =K30*M30 -> 0
B33: 복 합 단 가
B34: 유종 | C34: 수량 | E34: 금액 | G34: 복 합 단 가
B35: G | C35: 0 | E35: 0 | G35: 0 | R35: 별도 보관물량(국세청 제외)
B36: K | C36: =$C$29+$K$29 -> #REF! | E36: =$G$29+$O$29 -> #REF! | G36: =E36/C36 -> #REF!
B37: D | C37: =$C$30+$K$30 -> 415267 | E37: =$G$30+$O$30-K37 -> 6.5602386e+08 | G37: =E37/C37 -> 1579.764
B39: 재 고 현 황 | O39: [단위:리터/원]
C40: 전일 | F40: 금일 | N40: 복합단가 | O40: 증감
C41: 재고 | F41: 입고 | H41: 출고 | K41: 마 감 재 고 | M41: 재고율
B42: 휘발유
B43: 등 유 | C43: =SUM($E$9) -> #REF! | F43: =$K$29 -> 0 | H43: =$D$23 -> 0 | K43: =$C$43-$H$43+$F$43+$O$43 -> #REF! | M43: =SUM($K$43)/$D$9 -> #REF! | N43: =$G$36 -> #REF!
B44: 경 유 | C44: =SUM($E$10) -> 447267 | F44: =$K$30 -> 0 | H44: =$L$23 -> 32000 | K44: =$C$44-$H$44+$F$44+$O$44 -> 415267 | M44: =SUM($K$44)/D10 -> 0.51908375 | N44: =$G$37 -> 1579.764
G45: 복합단가의 재고수량과 단가는 보관물량 제외니 참고해주세요!

Sheet 0317 (입고)
B1: ◈ KK저장소 복합단가 운영표 - 침산저장소
B5: 이 월 재 고 | G5: [단위:리터/원]
B7: 유종 | D7: 탱크용량 | E7: 재고수량 | F7: 재고율 | G7: 단가
C8: G | D8: 0 | E8: 0 | F8: 0 | G8: 0
C9: K | D9: 0 | E9: =SUM(#REF!) -> #REF! | G9: =SUM(#REF!) -> #REF!
C10: D | D10: 800000 | E10: =SUM('0316'!K44:L44) -> 415267 | G10: =SUM('0316'!N44) -> 1579.764
B13: 출고내역(K) | G13: [단위:리터/원] | J13: 출고내역(LD) | O13: [단위:리터/원]
B14: 유종 | C14: 일반매출(사내이관 포함) | J14: 유종 | K14: 일반매출(사내이관 포함)
C15: 거래처명 | D15: 수량 | E15: 출고단가 | F15: 재고단가 | G15: 단가차액 | H15: 이익 | K15: 거래처명 | L15: 수량 | M15: 출고단가 | N15: 재고단가 | O15: 단가차액 | P15: 이익
B16: 실내 등유 | F16: =IF(D16="","",(SUM($G$9))) | G16: =IF(D16="","",(SUM(E16)-F16)) | H16: =IF(D16="","",(D16*G16)) | J16: 경유 | K16: 시험계기 | L16: 200 | N16: =IF(L16="","",($G$10)) -> 1579.764 | O16: =IF(L16="","",(SUM(M16)-N16)) -> -1579.764 | P16: =IF(L16="","",(L16*O16)) -> -315952.8
F17: =IF(D17="","",(SUM($G$9))) | G17: =IF(D17="","",(SUM(E17)-F17)) | H17: =IF(D17="","",(D17*G17)) | N17: =IF(L17="","",($G$10)) | O17: =IF(L17="","",(SUM(M17)-N17)) | P17: =IF(L17="","",(L17*O17))
F18: =IF(D18="","",(SUM($G$9))) | G18: =IF(D18="","",(SUM(E18)-F18)) | H18: =IF(D18="","",(D18*G18)) | N18: =IF(L18="","",($G$10)) | O18: =IF(L18="","",(SUM(M18)-N18)) | P18: =IF(L18="","",(L18*O18))
F19: =IF(D19="","",(SUM($G$9))) | G19: =IF(D19="","",(SUM(E19)-F19)) | H19: =IF(D19="","",(D19*G19)) | N19: =IF(L19="","",($G$10)) | O19: =IF(L19="","",(SUM(M19)-N19)) | P19: =IF(L19="","",(L19*O19))
F20: =IF(D20="","",(SUM($G$9))) | G20: =IF(D20="","",(SUM(E20)-F20)) | H20: =IF(D20="","",(D20*G20)) | N20: =IF(L20="","",($G$10)) | O20: =IF(L20="","",(SUM(M20)-N20)) | P20: =IF(L20="","",(L20*O20))
F21: =IF(D21="","",(SUM($G$9))) | G21: =IF(D21="","",(SUM(E21)-F21)) | H21: =IF(D21="","",(D21*G21)) | N21: =IF(L21="","",($G$10)) | O21: =IF(L21="","",(SUM(M21)-N21)) | P21: =IF(L21="","",(L21*O21))
F22: =IF(D22="","",(SUM($G$9))) | G22: =IF(D22="","",(SUM(E22)-F22)) | H22: =IF(D22="","",(D22*G22)) | N22: =IF(L22="","",($G$10)) | O22: =IF(L22="","",(SUM(M22)-N22)) | P22: =IF(L22="","",(L22*O22))
B23: 소 계 | D23: =SUM(D16:D22) -> 0 | H23: =SUM(H16:H22) -> 0 | J23: 소 계 | L23: =SUM(L16:L22) -> 200 | P23: =SUM(P16:P22) -> -315952.8
B26: 마 감 재 고 | G26: [단위:리터/원] | J26: 입 고 내 역 | O26: [단위:리터/원]
B27: 유종 | C27: 수량 | E27: 단가 | G27: 환산금액 | J27: 유종 | K27: 수량 | M27: 사입단가 | O27: 환산금액
B28: G | C28: 0 | E28: 0 | G28: 0 | J28: G | K28: 0 | M28: 0 | O28: 0
B29: K | C29: =$E$9-$D$23 -> #REF! | E29: =$G$9 -> #REF! | G29: =C29*E29 -> #REF! | J29: K | O29: =K29*M29 -> 0
B30: D | C30: =$E$10-$L$23 -> 415067 | E30: =$G$10 -> 1579.764 | G30: =C30*E30 -> 6.557079e+08 | J30: D | K30: 112200 | M30: 1713 | O30: =K30*M30 -> 192198600
B33: 복 합 단 가
B34: 유종 | C34: 수량 | E34: 금액 | G34: 복 합 단 가
B35: G | C35: 0 | E35: 0 | G35: 0 | R35: 별도 보관물량(국세청 제외)
B36: K | C36: =$C$29+$K$29 -> #REF! | E36: =$G$29+$O$29 -> #REF! | G36: =E36/C36 -> #REF!
B37: D | C37: =$C$30+$K$30 -> 527267 | E37: =$G$30+$O$30-K37 -> 8.479065e+08 | G37: =E37/C37 -> 1608.116
B39: 재 고 현 황 | O39: [단위:리터/원]
C40: 전일 | F40: 금일 | N40: 복합단가 | O40: 증감
C41: 재고 | F41: 입고 | H41: 출고 | K41: 마 감 재 고 | M41: 재고율
B42: 휘발유
B43: 등 유 | C43: =SUM($E$9) -> #REF! | F43: =$K$29 -> 0 | H43: =$D$23 -> 0 | K43: =$C$43-$H$43+$F$43+$O$43 -> #REF! | M43: =SUM($K$43)/$D$9 -> #REF! | N43: =$G$36 -> #REF!
B44: 경 유 | C44: =SUM($E$10) -> 415267 | F44: =$K$30 -> 112200 | H44: =$L$23 -> 200 | K44: =$C$44-$H$44+$F$44+$O$44 -> 527267 | M44: =SUM($K$44)/D10 -> 0.65908375 | N44: =$G$37 -> 1608.116
G45: 복합단가의 재고수량과 단가는 보관물량 제외니 참고해주세요!

Sheet 0318 (입고)
B1: ◈ KK저장소 복합단가 운영표 - 침산저장소
B5: 이 월 재 고 | G5: [단위:리터/원]
B7: 유종 | D7: 탱크용량 | E7: 재고수량 | F7: 재고율 | G7: 단가
C8: G | D8: 0 | E8: 0 | F8: 0 | G8: 0
C9: K | D9: 0 | E9: =SUM(#REF!) -> #REF! | G9: =SUM(#REF!) -> #REF!
C10: D | D10: 800000 | E10: =SUM('0317 (입고)'!K44:L44) -> 527267 | G10: =SUM('0317 (입고)'!N44) -> 1608.116
B13: 출고내역(K) | G13: [단위:리터/원] | J13: 출고내역(LD) | O13: [단위:리터/원]
B14: 유종 | C14: 일반매출(사내이관 포함) | J14: 유종 | K14: 일반매출(사내이관 포함)
C15: 거래처명 | D15: 수량 | E15: 출고단가 | F15: 재고단가 | G15: 단가차액 | H15: 이익 | K15: 거래처명 | L15: 수량 | M15: 출고단가 | N15: 재고단가 | O15: 단가차액 | P15: 이익
B16: 실내 등유 | F16: =IF(D16="","",(SUM($G$9))) | G16: =IF(D16="","",(SUM(E16)-F16)) | H16: =IF(D16="","",(D16*G16)) | J16: 경유 | N16: =IF(L16="","",($G$10)) | O16: =IF(L16="","",(SUM(M16)-N16)) | P16: =IF(L16="","",(L16*O16))
F17: =IF(D17="","",(SUM($G$9))) | G17: =IF(D17="","",(SUM(E17)-F17)) | H17: =IF(D17="","",(D17*G17)) | N17: =IF(L17="","",($G$10)) | O17: =IF(L17="","",(SUM(M17)-N17)) | P17: =IF(L17="","",(L17*O17))
F18: =IF(D18="","",(SUM($G$9))) | G18: =IF(D18="","",(SUM(E18)-F18)) | H18: =IF(D18="","",(D18*G18)) | N18: =IF(L18="","",($G$10)) | O18: =IF(L18="","",(SUM(M18)-N18)) | P18: =IF(L18="","",(L18*O18))
F19: =IF(D19="","",(SUM($G$9))) | G19: =IF(D19="","",(SUM(E19)-F19)) | H19: =IF(D19="","",(D19*G19)) | N19: =IF(L19="","",($G$10)) | O19: =IF(L19="","",(SUM(M19)-N19)) | P19: =IF(L19="","",(L19*O19))
F20: =IF(D20="","",(SUM($G$9))) | G20: =IF(D20="","",(SUM(E20)-F20)) | H20: =IF(D20="","",(D20*G20)) | N20: =IF(L20="","",($G$10)) | O20: =IF(L20="","",(SUM(M20)-N20)) | P20: =IF(L20="","",(L20*O20))
F21: =IF(D21="","",(SUM($G$9))) | G21: =IF(D21="","",(SUM(E21)-F21)) | H21: =IF(D21="","",(D21*G21)) | N21: =IF(L21="","",($G$10)) | O21: =IF(L21="","",(SUM(M21)-N21)) | P21: =IF(L21="","",(L21*O21))
F22: =IF(D22="","",(SUM($G$9))) | G22: =IF(D22="","",(SUM(E22)-F22)) | H22: =IF(D22="","",(D22*G22)) | N22: =IF(L22="","",($G$10)) | O22: =IF(L22="","",(SUM(M22)-N22)) | P22: =IF(L22="","",(L22*O22))
B23: 소 계 | D23: =SUM(D16:D22) -> 0 | H23: =SUM(H16:H22) -> 0 | J23: 소 계 | L23: =SUM(L16:L22) -> 0 | P23: =SUM(P16:P22) -> 0
B26: 마 감 재 고 | G26: [단위:리터/원] | J26: 입 고 내 역 | O26: [단위:리터/원]
B27: 유종 | C27: 수량 | E27: 단가 | G27: 환산금액 | J27: 유종 | K27: 수량 | M27: 사입단가 | O27: 환산금액
B28: G | C28: 0 | E28: 0 | G28: 0 | J28: G | K28: 0 | M28: 0 | O28: 0
B29: K | C29: =$E$9-$D$23 -> #REF! | E29: =$G$9 -> #REF! | G29: =C29*E29 -> #REF! | J29: K | O29: =K29*M29 -> 0
B30: D | C30: =$E$10-$L$23 -> 527267 | E30: =$G$10 -> 1608.116 | G30: =C30*E30 -> 8.479065e+08 | J30: D | K30: 56000 | M30: 1713 | O30: =K30*M30 -> 95928000
B33: 복 합 단 가
B34: 유종 | C34: 수량 | E34: 금액 | G34: 복 합 단 가
B35: G | C35: 0 | E35: 0 | G35: 0 | R35: 별도 보관물량(국세청 제외)
B36: K | C36: =$C$29+$K$29 -> #REF! | E36: =$G$29+$O$29 -> #REF! | G36: =E36/C36 -> #REF!
B37: D | C37: =$C$30+$K$30 -> 583267 | E37: =$G$30+$O$30-K37 -> 9.438345e+08 | G37: =E37/C37 -> 1618.186
B39: 재 고 현 황 | O39: [단위:리터/원]
C40: 전일 | F40: 금일 | N40: 복합단가 | O40: 증감
C41: 재고 | F41: 입고 | H41: 출고 | K41: 마 감 재 고 | M41: 재고율
B42: 휘발유
B43: 등 유 | C43: =SUM($E$9) -> #REF! | F43: =$K$29 -> 0 | H43: =$D$23 -> 0 | K43: =$C$43-$H$43+$F$43+$O$43 -> #REF! | M43: =SUM($K$43)/$D$9 -> #REF! | N43: =$G$36 -> #REF!
B44: 경 유 | C44: =SUM($E$10) -> 527267 | F44: =$K$30 -> 56000 | H44: =$L$23 -> 0 | K44: =$C$44-$H$44+$F$44+$O$44 -> 583267 | M44: =SUM($K$44)/D10 -> 0.72908375 | N44: =$G$37 -> 1618.186
G45: 복합단가의 재고수량과 단가는 보관물량 제외니 참고해주세요!

Sheet 0318
B1: ◈ KK저장소 복합단가 운영표 - 침산저장소
B5: 이 월 재 고 | G5: [단위:리터/원]
B7: 유종 | D7: 탱크용량 | E7: 재고수량 | F7: 재고율 | G7: 단가
C8: G | D8: 0 | E8: 0 | F8: 0 | G8: 0
C9: K | D9: 0 | E9: =SUM(#REF!) -> #REF! | G9: =SUM(#REF!) -> #REF!
C10: D | D10: 800000 | E10: =SUM('0318 (입고)'!K44:L44) -> 583267 | G10: =SUM('0318 (입고)'!N44) -> 1618.186
B13: 출고내역(K) | G13: [단위:리터/원] | J13: 출고내역(LD) | O13: [단위:리터/원]
B14: 유종 | C14: 일반매출(사내이관 포함) | J14: 유종 | K14: 일반매출(사내이관 포함)
C15: 거래처명 | D15: 수량 | E15: 출고단가 | F15: 재고단가 | G15: 단가차액 | H15: 이익 | K15: 거래처명 | L15: 수량 | M15: 출고단가 | N15: 재고단가 | O15: 단가차액 | P15: 이익
B16: 실내 등유 | F16: =IF(D16="","",(SUM($G$9))) | G16: =IF(D16="","",(SUM(E16)-F16)) | H16: =IF(D16="","",(D16*G16)) | J16: 경유 | K16: 동양이룸 | L16: 122000 | N16: =IF(L16="","",($G$10)) -> 1618.186 | O16: =IF(L16="","",(SUM(M16)-N16)) -> -1618.186 | P16: =IF(L16="","",(L16*O16)) -> -1.9741869e+08
F17: =IF(D17="","",(SUM($G$9))) | G17: =IF(D17="","",(SUM(E17)-F17)) | H17: =IF(D17="","",(D17*G17)) | K17: 세양개발 | L17: 8000 | N17: =IF(L17="","",($G$10)) -> 1618.186 | O17: =IF(L17="","",(SUM(M17)-N17)) -> -1618.186 | P17: =IF(L17="","",(L17*O17)) -> -12945488
F18: =IF(D18="","",(SUM($G$9))) | G18: =IF(D18="","",(SUM(E18)-F18)) | H18: =IF(D18="","",(D18*G18)) | K18: 경원 | L18: 20000 | N18: =IF(L18="","",($G$10)) -> 1618.186 | O18: =IF(L18="","",(SUM(M18)-N18)) -> -1618.186 | P18: =IF(L18="","",(L18*O18)) -> -32363720
F19: =IF(D19="","",(SUM($G$9))) | G19: =IF(D19="","",(SUM(E19)-F19)) | H19: =IF(D19="","",(D19*G19)) | K19: 별빛 | L19: 16000 | N19: =IF(L19="","",($G$10)) -> 1618.186 | O19: =IF(L19="","",(SUM(M19)-N19)) -> -1618.186 | P19: =IF(L19="","",(L19*O19)) -> -25890976
F20: =IF(D20="","",(SUM($G$9))) | G20: =IF(D20="","",(SUM(E20)-F20)) | H20: =IF(D20="","",(D20*G20)) | K20: 금호 | L20: 12000 | N20: =IF(L20="","",($G$10)) -> 1618.186 | O20: =IF(L20="","",(SUM(M20)-N20)) -> -1618.186 | P20: =IF(L20="","",(L20*O20)) -> -19418232
F21: =IF(D21="","",(SUM($G$9))) | G21: =IF(D21="","",(SUM(E21)-F21)) | H21: =IF(D21="","",(D21*G21)) | N21: =IF(L21="","",($G$10)) | O21: =IF(L21="","",(SUM(M21)-N21)) | P21: =IF(L21="","",(L21*O21))
F22: =IF(D22="","",(SUM($G$9))) | G22: =IF(D22="","",(SUM(E22)-F22)) | H22: =IF(D22="","",(D22*G22)) | N22: =IF(L22="","",($G$10)) | O22: =IF(L22="","",(SUM(M22)-N22)) | P22: =IF(L22="","",(L22*O22))
B23: 소 계 | D23: =SUM(D16:D22) -> 0 | H23: =SUM(H16:H22) -> 0 | J23: 소 계 | L23: =SUM(L16:L22) -> 178000 | P23: =SUM(P16:P22) -> -2.8803711e+08
B26: 마 감 재 고 | G26: [단위:리터/원] | J26: 입 고 내 역 | O26: [단위:리터/원]
B27: 유종 | C27: 수량 | E27: 단가 | G27: 환산금액 | J27: 유종 | K27: 수량 | M27: 사입단가 | O27: 환산금액
B28: G | C28: 0 | E28: 0 | G28: 0 | J28: G | K28: 0 | M28: 0 | O28: 0
B29: K | C29: =$E$9-$D$23 -> #REF! | E29: =$G$9 -> #REF! | G29: =C29*E29 -> #REF! | J29: K | O29: =K29*M29 -> 0
B30: D | C30: =$E$10-$L$23 -> 405267 | E30: =$G$10 -> 1618.186 | G30: =C30*E30 -> 6.5579739e+08 | J30: D | O30: =K30*M30 -> 0
B33: 복 합 단 가
B34: 유종 | C34: 수량 | E34: 금액 | G34: 복 합 단 가
B35: G | C35: 0 | E35: 0 | G35: 0 | R35: 별도 보관물량(국세청 제외)
B36: K | C36: =$C$29+$K$29 -> #REF! | E36: =$G$29+$O$29 -> #REF! | G36: =E36/C36 -> #REF!
B37: D | C37: =$C$30+$K$30 -> 405267 | E37: =$G$30+$O$30-K37 -> 6.5579739e+08 | G37: =E37/C37 -> 1618.186
B39: 재 고 현 황 | O39: [단위:리터/원]
C40: 전일 | F40: 금일 | N40: 복합단가 | O40: 증감
C41: 재고 | F41: 입고 | H41: 출고 | K41: 마 감 재 고 | M41: 재고율 | R41: 동양물량>> 남은 178천은 1645.20 가격으로 진행
B42: 휘발유
B43: 등 유 | C43: =SUM($E$9) -> #REF! | F43: =$K$29 -> 0 | H43: =$D$23 -> 0 | K43: =$C$43-$H$43+$F$43+$O$43 -> #REF! | M43: =SUM($K$43)/$D$9 -> #REF! | N43: =$G$36 -> #REF!
B44: 경 유 | C44: =SUM($E$10) -> 583267 | F44: =$K$30 -> 0 | H44: =$L$23 -> 178000 | K44: =$C$44-$H$44+$F$44+$O$44 -> 405267 | M44: =SUM($K$44)/D10 -> 0.50658375 | N44: =$G$37 -> 1618.186
G45: 복합단가의 재고수량과 단가는 보관물량 제외니 참고해주세요!

Sheet 0319
B1: ◈ KK저장소 복합단가 운영표 - 침산저장소
B5: 이 월 재 고 | G5: [단위:리터/원]
B7: 유종 | D7: 탱크용량 | E7: 재고수량 | F7: 재고율 | G7: 단가
C8: G | D8: 0 | E8: 0 | F8: 0 | G8: 0
C9: K | D9: 0 | E9: =SUM(#REF!) -> #REF! | G9: =SUM(#REF!) -> #REF!
C10: D | D10: 800000 | E10: =SUM('0318'!K44:L44) -> 405267 | G10: =SUM('0318'!N44) -> 1618.186
B13: 출고내역(K) | G13: [단위:리터/원] | J13: 출고내역(LD) | O13: [단위:리터/원]
B14: 유종 | C14: 일반매출(사내이관 포함) | J14: 유종 | K14: 일반매출(사내이관 포함)
C15: 거래처명 | D15: 수량 | E15: 출고단가 | F15: 재고단가 | G15: 단가차액 | H15: 이익 | K15: 거래처명 | L15: 수량 | M15: 출고단가 | N15: 재고단가 | O15: 단가차액 | P15: 이익
B16: 실내 등유 | F16: =IF(D16="","",(SUM($G$9))) | G16: =IF(D16="","",(SUM(E16)-F16)) | H16: =IF(D16="","",(D16*G16)) | J16: 경유 | K16: 동양 | L16: 82000 | N16: =IF(L16="","",($G$10)) -> 1618.186 | O16: =IF(L16="","",(SUM(M16)-N16)) -> -1618.186 | P16: =IF(L16="","",(L16*O16)) -> -1.3269125e+08
F17: =IF(D17="","",(SUM($G$9))) | G17: =IF(D17="","",(SUM(E17)-F17)) | H17: =IF(D17="","",(D17*G17)) | K17: 동양(3/20) | L17: 90000 | N17: =IF(L17="","",($G$10)) -> 1618.186 | O17: =IF(L17="","",(SUM(M17)-N17)) -> -1618.186 | P17: =IF(L17="","",(L17*O17)) -> -1.4563674e+08 | Q17: << 3/20 출고 → 3/19 단가로 출고
F18: =IF(D18="","",(SUM($G$9))) | G18: =IF(D18="","",(SUM(E18)-F18)) | H18: =IF(D18="","",(D18*G18)) | N18: =IF(L18="","",($G$10)) | O18: =IF(L18="","",(SUM(M18)-N18)) | P18: =IF(L18="","",(L18*O18))
F19: =IF(D19="","",(SUM($G$9))) | G19: =IF(D19="","",(SUM(E19)-F19)) | H19: =IF(D19="","",(D19*G19)) | N19: =IF(L19="","",($G$10)) | O19: =IF(L19="","",(SUM(M19)-N19)) | P19: =IF(L19="","",(L19*O19))
F20: =IF(D20="","",(SUM($G$9))) | G20: =IF(D20="","",(SUM(E20)-F20)) | H20: =IF(D20="","",(D20*G20)) | N20: =IF(L20="","",($G$10)) | O20: =IF(L20="","",(SUM(M20)-N20)) | P20: =IF(L20="","",(L20*O20))
F21: =IF(D21="","",(SUM($G$9))) | G21: =IF(D21="","",(SUM(E21)-F21)) | H21: =IF(D21="","",(D21*G21)) | N21: =IF(L21="","",($G$10)) | O21: =IF(L21="","",(SUM(M21)-N21)) | P21: =IF(L21="","",(L21*O21))
F22: =IF(D22="","",(SUM($G$9))) | G22: =IF(D22="","",(SUM(E22)-F22)) | H22: =IF(D22="","",(D22*G22)) | N22: =IF(L22="","",($G$10)) | O22: =IF(L22="","",(SUM(M22)-N22)) | P22: =IF(L22="","",(L22*O22))
B23: 소 계 | D23: =SUM(D16:D22) -> 0 | H23: =SUM(H16:H22) -> 0 | J23: 소 계 | L23: =SUM(L16:L22) -> 172000 | P23: =SUM(P16:P22) -> -2.78328e+08
B26: 마 감 재 고 | G26: [단위:리터/원] | J26: 입 고 내 역 | O26: [단위:리터/원]
B27: 유종 | C27: 수량 | E27: 단가 | G27: 환산금액 | J27: 유종 | K27: 수량 | M27: 사입단가 | O27: 환산금액
B28: G | C28: 0 | E28: 0 | G28: 0 | J28: G | K28: 0 | M28: 0 | O28: 0
B29: K | C29: =$E$9-$D$23 -> #REF! | E29: =$G$9 -> #REF! | G29: =C29*E29 -> #REF! | J29: K | O29: =K29*M29 -> 0
B30: D | C30: =$E$10-$L$23 -> 233267 | E30: =$G$10 -> 1618.186 | G30: =C30*E30 -> 3.774694e+08 | J30: D | O30: =K30*M30 -> 0
B33: 복 합 단 가
B34: 유종 | C34: 수량 | E34: 금액 | G34: 복 합 단 가
B35: G | C35: 0 | E35: 0 | G35: 0 | R35: 별도 보관물량(국세청 제외)
B36: K | C36: =$C$29+$K$29 -> #REF! | E36: =$G$29+$O$29 -> #REF! | G36: =E36/C36 -> #REF!
B37: D | C37: =$C$30+$K$30 -> 233267 | E37: =$G$30+$O$30-K37 -> 3.774694e+08 | G37: =E37/C37 -> 1618.186
B39: 재 고 현 황 | O39: [단위:리터/원]
C40: 전일 | F40: 금일 | N40: 복합단가 | O40: 증감
C41: 재고 | F41: 입고 | H41: 출고 | K41: 마 감 재 고 | M41: 재고율
B42: 휘발유
B43: 등 유 | C43: =SUM($E$9) -> #REF! | F43: =$K$29 -> 0 | H43: =$D$23 -> 0 | K43: =$C$43-$H$43+$F$43+$O$43 -> #REF! | M43: =SUM($K$43)/$D$9 -> #REF! | N43: =$G$36 -> #REF!
B44: 경 유 | C44: =SUM($E$10) -> 405267 | F44: =$K$30 -> 0 | H44: =$L$23 -> 172000 | K44: =$C$44-$H$44+$F$44+$O$44 -> 233267 | M44: =SUM($K$44)/D10 -> 0.29158375 | N44: =$G$37 -> 1618.186
G45: 복합단가의 재고수량과 단가는 보관물량 제외니 참고해주세요!

Sheet 0319 (입고)
B1: ◈ KK저장소 복합단가 운영표 - 침산저장소
B5: 이 월 재 고 | G5: [단위:리터/원]
B7: 유종 | D7: 탱크용량 | E7: 재고수량 | F7: 재고율 | G7: 단가
C8: G | D8: 0 | E8: 0 | F8: 0 | G8: 0
C9: K | D9: 0 | E9: =SUM(#REF!) -> #REF! | G9: =SUM(#REF!) -> #REF!
C10: D | D10: 800000 | E10: =SUM('0319'!K44:L44) -> 233267 | G10: =SUM('0319'!N44) -> 1618.186
B13: 출고내역(K) | G13: [단위:리터/원] | J13: 출고내역(LD) | O13: [단위:리터/원]
B14: 유종 | C14: 일반매출(사내이관 포함) | J14: 유종 | K14: 일반매출(사내이관 포함)
C15: 거래처명 | D15: 수량 | E15: 출고단가 | F15: 재고단가 | G15: 단가차액 | H15: 이익 | K15: 거래처명 | L15: 수량 | M15: 출고단가 | N15: 재고단가 | O15: 단가차액 | P15: 이익
B16: 실내 등유 | F16: =IF(D16="","",(SUM($G$9))) | G16: =IF(D16="","",(SUM(E16)-F16)) | H16: =IF(D16="","",(D16*G16)) | J16: 경유 | N16: =IF(L16="","",($G$10)) | O16: =IF(L16="","",(SUM(M16)-N16)) | P16: =IF(L16="","",(L16*O16))
F17: =IF(D17="","",(SUM($G$9))) | G17: =IF(D17="","",(SUM(E17)-F17)) | H17: =IF(D17="","",(D17*G17)) | N17: =IF(L17="","",($G$10)) | O17: =IF(L17="","",(SUM(M17)-N17)) | P17: =IF(L17="","",(L17*O17))
F18: =IF(D18="","",(SUM($G$9))) | G18: =IF(D18="","",(SUM(E18)-F18)) | H18: =IF(D18="","",(D18*G18)) | N18: =IF(L18="","",($G$10)) | O18: =IF(L18="","",(SUM(M18)-N18)) | P18: =IF(L18="","",(L18*O18))
F19: =IF(D19="","",(SUM($G$9))) | G19: =IF(D19="","",(SUM(E19)-F19)) | H19: =IF(D19="","",(D19*G19)) | N19: =IF(L19="","",($G$10)) | O19: =IF(L19="","",(SUM(M19)-N19)) | P19: =IF(L19="","",(L19*O19))
F20: =IF(D20="","",(SUM($G$9))) | G20: =IF(D20="","",(SUM(E20)-F20)) | H20: =IF(D20="","",(D20*G20)) | N20: =IF(L20="","",($G$10)) | O20: =IF(L20="","",(SUM(M20)-N20)) | P20: =IF(L20="","",(L20*O20))
F21: =IF(D21="","",(SUM($G$9))) | G21: =IF(D21="","",(SUM(E21)-F21)) | H21: =IF(D21="","",(D21*G21)) | N21: =IF(L21="","",($G$10)) | O21: =IF(L21="","",(SUM(M21)-N21)) | P21: =IF(L21="","",(L21*O21))
F22: =IF(D22="","",(SUM($G$9))) | G22: =IF(D22="","",(SUM(E22)-F22)) | H22: =IF(D22="","",(D22*G22)) | N22: =IF(L22="","",($G$10)) | O22: =IF(L22="","",(SUM(M22)-N22)) | P22: =IF(L22="","",(L22*O22))
B23: 소 계 | D23: =SUM(D16:D22) -> 0 | H23: =SUM(H16:H22) -> 0 | J23: 소 계 | L23: =SUM(L16:L22) -> 0 | P23: =SUM(P16:P22) -> 0
B26: 마 감 재 고 | G26: [단위:리터/원] | J26: 입 고 내 역 | O26: [단위:리터/원]
B27: 유종 | C27: 수량 | E27: 단가 | G27: 환산금액 | J27: 유종 | K27: 수량 | M27: 사입단가 | O27: 환산금액
B28: G | C28: 0 | E28: 0 | G28: 0 | J28: G | K28: 0 | M28: 0 | O28: 0
B29: K | C29: =$E$9-$D$23 -> #REF! | E29: =$G$9 -> #REF! | G29: =C29*E29 -> #REF! | J29: K | O29: =K29*M29 -> 0
B30: D | C30: =$E$10-$L$23 -> 233267 | E30: =$G$10 -> 1618.186 | G30: =C30*E30 -> 3.774694e+08 | J30: D | K30: =180663-84000 -> 96663 | M30: 1713 | O30: =K30*M30 -> 165583719
B33: 복 합 단 가
B34: 유종 | C34: 수량 | E34: 금액 | G34: 복 합 단 가
B35: G | C35: 0 | E35: 0 | G35: 0 | R35: 별도 보관물량(국세청 제외)
B36: K | C36: =$C$29+$K$29 -> #REF! | E36: =$G$29+$O$29 -> #REF! | G36: =E36/C36 -> #REF! | R36: 46101
B37: D | C37: =$C$30+$K$30 -> 329930 | E37: =$G$30+$O$30-K37 -> 5.4305312e+08 | G37: =E37/C37 -> 1645.9646 | R37: 신광
R38: 84000
B39: 재 고 현 황 | O39: [단위:리터/원] | R39: 3대
C40: 전일 | F40: 금일 | N40: 복합단가 | O40: 증감
C41: 재고 | F41: 입고 | H41: 출고 | K41: 마 감 재 고 | M41: 재고율
B42: 휘발유
B43: 등 유 | C43: =SUM($E$9) -> #REF! | F43: =$K$29 -> 0 | H43: =$D$23 -> 0 | K43: =$C$43-$H$43+$F$43+$O$43 -> #REF! | M43: =SUM($K$43)/$D$9 -> #REF! | N43: =$G$36 -> #REF!
B44: 경 유 | C44: =SUM($E$10) -> 233267 | F44: =$K$30 -> 96663 | H44: =$L$23 -> 0 | K44: =$C$44-$H$44+$F$44+$O$44 -> 329930 | M44: =SUM($K$44)/D10 -> 0.4124125 | N44: =$G$37 -> 1645.9646
G45: 복합단가의 재고수량과 단가는 보관물량 제외니 참고해주세요!

Sheet 0320 (입고)
B1: ◈ KK저장소 복합단가 운영표 - 침산저장소
B5: 이 월 재 고 | G5: [단위:리터/원]
B7: 유종 | D7: 탱크용량 | E7: 재고수량 | F7: 재고율 | G7: 단가
C8: G | D8: 0 | E8: 0 | F8: 0 | G8: 0
C9: K | D9: 0 | E9: =SUM(#REF!) -> #REF! | G9: =SUM(#REF!) -> #REF!
C10: D | D10: 800000 | E10: =SUM('0319 (입고)'!K44:L44) -> 329930 | G10: =SUM('0319 (입고)'!N44) -> 1645.9646
B13: 출고내역(K) | G13: [단위:리터/원] | J13: 출고내역(LD) | O13: [단위:리터/원]
B14: 유종 | C14: 일반매출(사내이관 포함) | J14: 유종 | K14: 일반매출(사내이관 포함)
C15: 거래처명 | D15: 수량 | E15: 출고단가 | F15: 재고단가 | G15: 단가차액 | H15: 이익 | K15: 거래처명 | L15: 수량 | M15: 출고단가 | N15: 재고단가 | O15: 단가차액 | P15: 이익
B16: 실내 등유 | F16: =IF(D16="","",(SUM($G$9))) | G16: =IF(D16="","",(SUM(E16)-F16)) | H16: =IF(D16="","",(D16*G16)) | J16: 경유 | N16: =IF(L16="","",($G$10)) | O16: =IF(L16="","",(SUM(M16)-N16)) | P16: =IF(L16="","",(L16*O16))
F17: =IF(D17="","",(SUM($G$9))) | G17: =IF(D17="","",(SUM(E17)-F17)) | H17: =IF(D17="","",(D17*G17)) | N17: =IF(L17="","",($G$10)) | O17: =IF(L17="","",(SUM(M17)-N17)) | P17: =IF(L17="","",(L17*O17))
F18: =IF(D18="","",(SUM($G$9))) | G18: =IF(D18="","",(SUM(E18)-F18)) | H18: =IF(D18="","",(D18*G18)) | N18: =IF(L18="","",($G$10)) | O18: =IF(L18="","",(SUM(M18)-N18)) | P18: =IF(L18="","",(L18*O18))
F19: =IF(D19="","",(SUM($G$9))) | G19: =IF(D19="","",(SUM(E19)-F19)) | H19: =IF(D19="","",(D19*G19)) | N19: =IF(L19="","",($G$10)) | O19: =IF(L19="","",(SUM(M19)-N19)) | P19: =IF(L19="","",(L19*O19))
F20: =IF(D20="","",(SUM($G$9))) | G20: =IF(D20="","",(SUM(E20)-F20)) | H20: =IF(D20="","",(D20*G20)) | N20: =IF(L20="","",($G$10)) | O20: =IF(L20="","",(SUM(M20)-N20)) | P20: =IF(L20="","",(L20*O20))
F21: =IF(D21="","",(SUM($G$9))) | G21: =IF(D21="","",(SUM(E21)-F21)) | H21: =IF(D21="","",(D21*G21)) | N21: =IF(L21="","",($G$10)) | O21: =IF(L21="","",(SUM(M21)-N21)) | P21: =IF(L21="","",(L21*O21))
F22: =IF(D22="","",(SUM($G$9))) | G22: =IF(D22="","",(SUM(E22)-F22)) | H22: =IF(D22="","",(D22*G22)) | N22: =IF(L22="","",($G$10)) | O22: =IF(L22="","",(SUM(M22)-N22)) | P22: =IF(L22="","",(L22*O22))
B23: 소 계 | D23: =SUM(D16:D22) -> 0 | H23: =SUM(H16:H22) -> 0 | J23: 소 계 | L23: =SUM(L16:L22) -> 0 | P23: =SUM(P16:P22) -> 0
B26: 마 감 재 고 | G26: [단위:리터/원] | J26: 입 고 내 역 | O26: [단위:리터/원]
B27: 유종 | C27: 수량 | E27: 단가 | G27: 환산금액 | J27: 유종 | K27: 수량 | M27: 사입단가 | O27: 환산금액
B28: G | C28: 0 | E28: 0 | G28: 0 | J28: G | K28: 0 | M28: 0 | O28: 0
B29: K | C29: =$E$9-$D$23 -> #REF! | E29: =$G$9 -> #REF! | G29: =C29*E29 -> #REF! | J29: K | O29: =K29*M29 -> 0
B30: D | C30: =$E$10-$L$23 -> 329930 | E30: =$G$10 -> 1645.9646 | G30: =C30*E30 -> 5.4305312e+08 | J30: D | K30: 64467 | M30: 1713 | O30: =K30*M30 -> 110431971
B33: 복 합 단 가
B34: 유종 | C34: 수량 | E34: 금액 | G34: 복 합 단 가
B35: G | C35: 0 | E35: 0 | G35: 0 | R35: 별도 보관물량(국세청 제외)
B36: K | C36: =$C$29+$K$29 -> #REF! | E36: =$G$29+$O$29 -> #REF! | G36: =E36/C36 -> #REF! | R36: 46101 | T36: 46102
B37: D | C37: =$C$30+$K$30 -> 394397 | E37: =$G$30+$O$30-K37 -> 6.5348509e+08 | G37: =E37/C37 -> 1656.9221 | R37: 신광 | T37: 신광
R38: 84000 | T38: 56000
B39: 재 고 현 황 | O39: [단위:리터/원] | R39: 3대 | T39: 2대
C40: 전일 | F40: 금일 | N40: 복합단가 | O40: 증감
C41: 재고 | F41: 입고 | H41: 출고 | K41: 마 감 재 고 | M41: 재고율
B42: 휘발유
B43: 등 유 | C43: =SUM($E$9) -> #REF! | F43: =$K$29 -> 0 | H43: =$D$23 -> 0 | K43: =$C$43-$H$43+$F$43+$O$43 -> #REF! | M43: =SUM($K$43)/$D$9 -> #REF! | N43: =$G$36 -> #REF!
B44: 경 유 | C44: =SUM($E$10) -> 329930 | F44: =$K$30 -> 64467 | H44: =$L$23 -> 0 | K44: =$C$44-$H$44+$F$44+$O$44 -> 394397 | M44: =SUM($K$44)/D10 -> 0.49299625 | N44: =$G$37 -> 1656.9221
G45: 복합단가의 재고수량과 단가는 보관물량 제외니 참고해주세요!

Sheet 0323 (입고)
B1: ◈ KK저장소 복합단가 운영표 - 침산저장소
B5: 이 월 재 고 | G5: [단위:리터/원]
B7: 유종 | D7: 탱크용량 | E7: 재고수량 | F7: 재고율 | G7: 단가
C8: G | D8: 0 | E8: 0 | F8: 0 | G8: 0
C9: K | D9: 0 | E9: =SUM(#REF!) -> #REF! | G9: =SUM(#REF!) -> #REF!
C10: D | D10: 800000 | E10: =SUM('0320 (입고)'!K44:L44) -> 394397 | G10: =SUM('0320 (입고)'!N44) -> 1656.9221
B13: 출고내역(K) | G13: [단위:리터/원] | J13: 출고내역(LD) | O13: [단위:리터/원]
B14: 유종 | C14: 일반매출(사내이관 포함) | J14: 유종 | K14: 일반매출(사내이관 포함)
C15: 거래처명 | D15: 수량 | E15: 출고단가 | F15: 재고단가 | G15: 단가차액 | H15: 이익 | K15: 거래처명 | L15: 수량 | M15: 출고단가 | N15: 재고단가 | O15: 단가차액 | P15: 이익
B16: 실내 등유 | F16: =IF(D16="","",(SUM($G$9))) | G16: =IF(D16="","",(SUM(E16)-F16)) | H16: =IF(D16="","",(D16*G16)) | J16: 경유 | N16: =IF(L16="","",($G$10)) | O16: =IF(L16="","",(SUM(M16)-N16)) | P16: =IF(L16="","",(L16*O16))
F17: =IF(D17="","",(SUM($G$9))) | G17: =IF(D17="","",(SUM(E17)-F17)) | H17: =IF(D17="","",(D17*G17)) | N17: =IF(L17="","",($G$10)) | O17: =IF(L17="","",(SUM(M17)-N17)) | P17: =IF(L17="","",(L17*O17))
F18: =IF(D18="","",(SUM($G$9))) | G18: =IF(D18="","",(SUM(E18)-F18)) | H18: =IF(D18="","",(D18*G18)) | N18: =IF(L18="","",($G$10)) | O18: =IF(L18="","",(SUM(M18)-N18)) | P18: =IF(L18="","",(L18*O18))
F19: =IF(D19="","",(SUM($G$9))) | G19: =IF(D19="","",(SUM(E19)-F19)) | H19: =IF(D19="","",(D19*G19)) | N19: =IF(L19="","",($G$10)) | O19: =IF(L19="","",(SUM(M19)-N19)) | P19: =IF(L19="","",(L19*O19))
F20: =IF(D20="","",(SUM($G$9))) | G20: =IF(D20="","",(SUM(E20)-F20)) | H20: =IF(D20="","",(D20*G20)) | N20: =IF(L20="","",($G$10)) | O20: =IF(L20="","",(SUM(M20)-N20)) | P20: =IF(L20="","",(L20*O20))
F21: =IF(D21="","",(SUM($G$9))) | G21: =IF(D21="","",(SUM(E21)-F21)) | H21: =IF(D21="","",(D21*G21)) | N21: =IF(L21="","",($G$10)) | O21: =IF(L21="","",(SUM(M21)-N21)) | P21: =IF(L21="","",(L21*O21))
F22: =IF(D22="","",(SUM($G$9))) | G22: =IF(D22="","",(SUM(E22)-F22)) | H22: =IF(D22="","",(D22*G22)) | N22: =IF(L22="","",($G$10)) | O22: =IF(L22="","",(SUM(M22)-N22)) | P22: =IF(L22="","",(L22*O22))
B23: 소 계 | D23: =SUM(D16:D22) -> 0 | H23: =SUM(H16:H22) -> 0 | J23: 소 계 | L23: =SUM(L16:L22) -> 0 | P23: =SUM(P16:P22) -> 0
B26: 마 감 재 고 | G26: [단위:리터/원] | J26: 입 고 내 역 | O26: [단위:리터/원]
B27: 유종 | C27: 수량 | E27: 단가 | G27: 환산금액 | J27: 유종 | K27: 수량 | M27: 사입단가 | O27: 환산금액
B28: G | C28: 0 | E28: 0 | G28: 0 | J28: G | K28: 0 | M28: 0 | O28: 0
B29: K | C29: =$E$9-$D$23 -> #REF! | E29: =$G$9 -> #REF! | G29: =C29*E29 -> #REF! | J29: K | O29: =K29*M29 -> 0
B30: D | C30: =$E$10-$L$23 -> 394397 | E30: =$G$10 -> 1656.9221 | G30: =C30*E30 -> 6.5348509e+08 | J30: D | K30: 64112 | M30: 1713 | O30: =K30*M30 -> 109823856
B33: 복 합 단 가
B34: 유종 | C34: 수량 | E34: 금액 | G34: 복 합 단 가
B35: G | C35: 0 | E35: 0 | G35: 0 | R35: 별도 보관물량(국세청 제외)
B36: K | C36: =$C$29+$K$29 -> #REF! | E36: =$G$29+$O$29 -> #REF! | G36: =E36/C36 -> #REF! | R36: 46101 | T36: 46102 | V36: 46104
B37: D | C37: =$C$30+$K$30 -> 458509 | E37: =$G$30+$O$30-K37 -> 7.6330894e+08 | G37: =E37/C37 -> 1664.7633 | R37: 신광 | T37: 신광 | V37: 용두
R38: 84000 | T38: 56000 | V38: =96112-64112 -> 32000
B39: 재 고 현 황 | O39: [단위:리터/원] | R39: 3대 | T39: 2대 | V39: 1대
C40: 전일 | F40: 금일 | N40: 복합단가 | O40: 증감
C41: 재고 | F41: 입고 | H41: 출고 | K41: 마 감 재 고 | M41: 재고율
B42: 휘발유
B43: 등 유 | C43: =SUM($E$9) -> #REF! | F43: =$K$29 -> 0 | H43: =$D$23 -> 0 | K43: =$C$43-$H$43+$F$43+$O$43 -> #REF! | M43: =SUM($K$43)/$D$9 -> #REF! | N43: =$G$36 -> #REF!
B44: 경 유 | C44: =SUM($E$10) -> 394397 | F44: =$K$30 -> 64112 | H44: =$L$23 -> 0 | K44: =$C$44-$H$44+$F$44+$O$44 -> 458509 | M44: =SUM($K$44)/D10 -> 0.57313625 | N44: =$G$37 -> 1664.7633
G45: 복합단가의 재고수량과 단가는 보관물량 제외니 참고해주세요!

Sheet 0325 (입고)
B1: ◈ KK저장소 복합단가 운영표 - 침산저장소
B5: 이 월 재 고 | G5: [단위:리터/원]
B7: 유종 | D7: 탱크용량 | E7: 재고수량 | F7: 재고율 | G7: 단가
C8: G | D8: 0 | E8: 0 | F8: 0 | G8: 0
C9: K | D9: 0 | E9: =SUM(#REF!) -> #REF! | G9: =SUM(#REF!) -> #REF!
C10: D | D10: 800000 | E10: =SUM('0323 (입고)'!K44:L44) -> 458509 | G10: =SUM('0323 (입고)'!N44) -> 1664.7633
B13: 출고내역(K) | G13: [단위:리터/원] | J13: 출고내역(LD) | O13: [단위:리터/원]
B14: 유종 | C14: 일반매출(사내이관 포함) | J14: 유종 | K14: 일반매출(사내이관 포함)
C15: 거래처명 | D15: 수량 | E15: 출고단가 | F15: 재고단가 | G15: 단가차액 | H15: 이익 | K15: 거래처명 | L15: 수량 | M15: 출고단가 | N15: 재고단가 | O15: 단가차액 | P15: 이익
B16: 실내 등유 | F16: =IF(D16="","",(SUM($G$9))) | G16: =IF(D16="","",(SUM(E16)-F16)) | H16: =IF(D16="","",(D16*G16)) | J16: 경유 | N16: =IF(L16="","",($G$10)) | O16: =IF(L16="","",(SUM(M16)-N16)) | P16: =IF(L16="","",(L16*O16))
F17: =IF(D17="","",(SUM($G$9))) | G17: =IF(D17="","",(SUM(E17)-F17)) | H17: =IF(D17="","",(D17*G17)) | N17: =IF(L17="","",($G$10)) | O17: =IF(L17="","",(SUM(M17)-N17)) | P17: =IF(L17="","",(L17*O17))
F18: =IF(D18="","",(SUM($G$9))) | G18: =IF(D18="","",(SUM(E18)-F18)) | H18: =IF(D18="","",(D18*G18)) | N18: =IF(L18="","",($G$10)) | O18: =IF(L18="","",(SUM(M18)-N18)) | P18: =IF(L18="","",(L18*O18))
F19: =IF(D19="","",(SUM($G$9))) | G19: =IF(D19="","",(SUM(E19)-F19)) | H19: =IF(D19="","",(D19*G19)) | N19: =IF(L19="","",($G$10)) | O19: =IF(L19="","",(SUM(M19)-N19)) | P19: =IF(L19="","",(L19*O19))
F20: =IF(D20="","",(SUM($G$9))) | G20: =IF(D20="","",(SUM(E20)-F20)) | H20: =IF(D20="","",(D20*G20)) | N20: =IF(L20="","",($G$10)) | O20: =IF(L20="","",(SUM(M20)-N20)) | P20: =IF(L20="","",(L20*O20))
F21: =IF(D21="","",(SUM($G$9))) | G21: =IF(D21="","",(SUM(E21)-F21)) | H21: =IF(D21="","",(D21*G21)) | N21: =IF(L21="","",($G$10)) | O21: =IF(L21="","",(SUM(M21)-N21)) | P21: =IF(L21="","",(L21*O21))
F22: =IF(D22="","",(SUM($G$9))) | G22: =IF(D22="","",(SUM(E22)-F22)) | H22: =IF(D22="","",(D22*G22)) | N22: =IF(L22="","",($G$10)) | O22: =IF(L22="","",(SUM(M22)-N22)) | P22: =IF(L22="","",(L22*O22))
B23: 소 계 | D23: =SUM(D16:D22) -> 0 | H23: =SUM(H16:H22) -> 0 | J23: 소 계 | L23: =SUM(L16:L22) -> 0 | P23: =SUM(P16:P22) -> 0
B26: 마 감 재 고 | G26: [단위:리터/원] | J26: 입 고 내 역 | O26: [단위:리터/원]
B27: 유종 | C27: 수량 | E27: 단가 | G27: 환산금액 | J27: 유종 | K27: 수량 | M27: 사입단가 | O27: 환산금액
B28: G | C28: 0 | E28: 0 | G28: 0 | J28: G | K28: 0 | M28: 0 | O28: 0
B29: K | C29: =$E$9-$D$23 -> #REF! | E29: =$G$9 -> #REF! | G29: =C29*E29 -> #REF! | J29: K | O29: =K29*M29 -> 0
B30: D | C30: =$E$10-$L$23 -> 458509 | E30: =$G$10 -> 1664.7633 | G30: =C30*E30 -> 7.6330894e+08 | J30: D | K30: 84286 | M30: 1713 | O30: =K30*M30 -> 144381918
B33: 복 합 단 가
B34: 유종 | C34: 수량 | E34: 금액 | G34: 복 합 단 가
B35: G | C35: 0 | E35: 0 | G35: 0 | R35: 별도 보관물량(국세청 제외)
B36: K | C36: =$C$29+$K$29 -> #REF! | E36: =$G$29+$O$29 -> #REF! | G36: =E36/C36 -> #REF! | R36: 46101 | T36: 46102 | V36: 46104
B37: D | C37: =$C$30+$K$30 -> 542795 | E37: =$G$30+$O$30-K37 -> 9.0769086e+08 | G37: =E37/C37 -> 1672.2535 | R37: 신광 | T37: 신광 | V37: 용두
R38: 84000 | T38: 56000 | V38: =96112-64112 -> 32000
B39: 재 고 현 황 | O39: [단위:리터/원] | R39: 3대 | T39: 2대 | V39: 1대
C40: 전일 | F40: 금일 | N40: 복합단가 | O40: 증감
C41: 재고 | F41: 입고 | H41: 출고 | K41: 마 감 재 고 | M41: 재고율
B42: 휘발유
B43: 등 유 | C43: =SUM($E$9) -> #REF! | F43: =$K$29 -> 0 | H43: =$D$23 -> 0 | K43: =$C$43-$H$43+$F$43+$O$43 -> #REF! | M43: =SUM($K$43)/$D$9 -> #REF! | N43: =$G$36 -> #REF!
B44: 경 유 | C44: =SUM($E$10) -> 458509 | F44: =$K$30 -> 84286 | H44: =$L$23 -> 0 | K44: =$C$44-$H$44+$F$44+$O$44 -> 542795 | M44: =SUM($K$44)/D10 -> 0.67849375 | N44: =$G$37 -> 1672.2535
G45: 복합단가의 재고수량과 단가는 보관물량 제외니 참고해주세요!

Sheet 0325
B1: ◈ KK저장소 복합단가 운영표 - 침산저장소
B5: 이 월 재 고 | G5: [단위:리터/원]
B7: 유종 | D7: 탱크용량 | E7: 재고수량 | F7: 재고율 | G7: 단가
C8: G | D8: 0 | E8: 0 | F8: 0 | G8: 0
C9: K | D9: 0 | E9: =SUM(#REF!) -> #REF! | G9: =SUM(#REF!) -> #REF!
C10: D | D10: 800000 | E10: =SUM('0325 (입고)'!K44:L44) -> 542795 | G10: =SUM('0325 (입고)'!N44) -> 1672.2535
B13: 출고내역(K) | G13: [단위:리터/원] | J13: 출고내역(LD) | O13: [단위:리터/원]
B14: 유종 | C14: 일반매출(사내이관 포함) | J14: 유종 | K14: 일반매출(사내이관 포함)
C15: 거래처명 | D15: 수량 | E15: 출고단가 | F15: 재고단가 | G15: 단가차액 | H15: 이익 | K15: 거래처명 | L15: 수량 | M15: 출고단가 | N15: 재고단가 | O15: 단가차액 | P15: 이익
B16: 실내 등유 | F16: =IF(D16="","",(SUM($G$9))) | G16: =IF(D16="","",(SUM(E16)-F16)) | H16: =IF(D16="","",(D16*G16)) | J16: 경유 | K16: 독도사랑 | L16: 28000 | N16: =IF(L16="","",($G$10)) -> 1672.2535 | O16: =IF(L16="","",(SUM(M16)-N16)) -> -1672.2535 | P16: =IF(L16="","",(L16*O16)) -> -46823099
F17: =IF(D17="","",(SUM($G$9))) | G17: =IF(D17="","",(SUM(E17)-F17)) | H17: =IF(D17="","",(D17*G17)) | N17: =IF(L17="","",($G$10)) | O17: =IF(L17="","",(SUM(M17)-N17)) | P17: =IF(L17="","",(L17*O17))
F18: =IF(D18="","",(SUM($G$9))) | G18: =IF(D18="","",(SUM(E18)-F18)) | H18: =IF(D18="","",(D18*G18)) | N18: =IF(L18="","",($G$10)) | O18: =IF(L18="","",(SUM(M18)-N18)) | P18: =IF(L18="","",(L18*O18))
F19: =IF(D19="","",(SUM($G$9))) | G19: =IF(D19="","",(SUM(E19)-F19)) | H19: =IF(D19="","",(D19*G19)) | N19: =IF(L19="","",($G$10)) | O19: =IF(L19="","",(SUM(M19)-N19)) | P19: =IF(L19="","",(L19*O19))
F20: =IF(D20="","",(SUM($G$9))) | G20: =IF(D20="","",(SUM(E20)-F20)) | H20: =IF(D20="","",(D20*G20)) | N20: =IF(L20="","",($G$10)) | O20: =IF(L20="","",(SUM(M20)-N20)) | P20: =IF(L20="","",(L20*O20))
F21: =IF(D21="","",(SUM($G$9))) | G21: =IF(D21="","",(SUM(E21)-F21)) | H21: =IF(D21="","",(D21*G21)) | N21: =IF(L21="","",($G$10)) | O21: =IF(L21="","",(SUM(M21)-N21)) | P21: =IF(L21="","",(L21*O21))
F22: =IF(D22="","",(SUM($G$9))) | G22: =IF(D22="","",(SUM(E22)-F22)) | H22: =IF(D22="","",(D22*G22)) | N22: =IF(L22="","",($G$10)) | O22: =IF(L22="","",(SUM(M22)-N22)) | P22: =IF(L22="","",(L22*O22))
B23: 소 계 | D23: =SUM(D16:D22) -> 0 | H23: =SUM(H16:H22) -> 0 | J23: 소 계 | L23: =SUM(L16:L22) -> 28000 | P23: =SUM(P16:P22) -> -46823099
B26: 마 감 재 고 | G26: [단위:리터/원] | J26: 입 고 내 역 | O26: [단위:리터/원]
B27: 유종 | C27: 수량 | E27: 단가 | G27: 환산금액 | J27: 유종 | K27: 수량 | M27: 사입단가 | O27: 환산금액
B28: G | C28: 0 | E28: 0 | G28: 0 | J28: G | K28: 0 | M28: 0 | O28: 0
B29: K | C29: =$E$9-$D$23 -> #REF! | E29: =$G$9 -> #REF! | G29: =C29*E29 -> #REF! | J29: K | O29: =K29*M29 -> 0
B30: D | C30: =$E$10-$L$23 -> 514795 | E30: =$G$10 -> 1672.2535 | G30: =C30*E30 -> 8.6086776e+08 | J30: D | O30: =K30*M30 -> 0
B33: 복 합 단 가
B34: 유종 | C34: 수량 | E34: 금액 | G34: 복 합 단 가
B35: G | C35: 0 | E35: 0 | G35: 0 | R35: 별도 보관물량(국세청 제외)
B36: K | C36: =$C$29+$K$29 -> #REF! | E36: =$G$29+$O$29 -> #REF! | G36: =E36/C36 -> #REF! | R36: 46101 | T36: 46102 | V36: 46104
B37: D | C37: =$C$30+$K$30 -> 514795 | E37: =$G$30+$O$30-K37 -> 8.6086776e+08 | G37: =E37/C37 -> 1672.2535 | R37: 신광 | T37: 신광 | V37: 용두
R38: 84000 | T38: 56000 | V38: =96112-64112 -> 32000
B39: 재 고 현 황 | O39: [단위:리터/원] | R39: 3대 | T39: 2대 | V39: 1대
C40: 전일 | F40: 금일 | N40: 복합단가 | O40: 증감
C41: 재고 | F41: 입고 | H41: 출고 | K41: 마 감 재 고 | M41: 재고율
B42: 휘발유
B43: 등 유 | C43: =SUM($E$9) -> #REF! | F43: =$K$29 -> 0 | H43: =$D$23 -> 0 | K43: =$C$43-$H$43+$F$43+$O$43 -> #REF! | M43: =SUM($K$43)/$D$9 -> #REF! | N43: =$G$36 -> #REF!
B44: 경 유 | C44: =SUM($E$10) -> 542795 | F44: =$K$30 -> 0 | H44: =$L$23 -> 28000 | K44: =$C$44-$H$44+$F$44+$O$44 -> 514795 | M44: =SUM($K$44)/D10 -> 0.64349375 | N44: =$G$37 -> 1672.2535
G45: 복합단가의 재고수량과 단가는 보관물량 제외니 참고해주세요!

Sheet 0326 (입고)
