Workbook

Sheet 1202
B1: ◈ KK저장소 복합단가 운영표 - 신도시저장소
B5: 이 월 재 고 | G5: [단위:리터/원]
B7: 유종 | D7: 탱크용량 | E7: 재고수량 | F7: 재고율 | G7: 단가
C8: G | D8: 0 | E8: 0 | F8: 0 | G8: 0
C9: K | D9: 200000 | E9: 27252 | F9: 0.13626 | G9: 1061.6455
C10: D | D10: 400000 | E10: 74710 | F10: 0.186775 | G10: 1506.3924
B13: 출고내역(K) | G13: [단위:리터/원] | J13: 출고내역(LD) | O13: [단위:리터/원]
B14: 유종 | C14: 일반매출(사내이관 포함) | J14: 유종 | K14: 일반매출(사내이관 포함)
C15: 거래처명 | D15: 수량 | E15: 출고단가 | F15: 재고단가 | G15: 단가차액 | H15: 이익 | K15: 거래처명 | L15: 수량 | M15: 출고단가 | N15: 재고단가 | O15: 단가차액 | P15: 이익
B16: 실내 등유 | D16: 1000 | F16: 1061.6455 | G16: -1061.6455 | H16: -1061645.5 | J16: 경유
B23: 소 계 | D23: 1000 | H23: -1061645.5 | J23: 소 계 | L23: 0 | P23: 0
B26: 마 감 재 고 | G26: [단위:리터/원] | J26: 입 고 내 역 | O26: [단위:리터/원]
B27: 유종 | C27: 수량 | E27: 단가 | G27: 환산금액 | J27: 유종 | K27: 수량 | M27: 사입단가 | O27: 환산금액
B28: G | C28: 0 | E28: 0 | G28: 0 | J28: G | K28: 0 | M28: 0 | O28: 0
B29: K | C29: 26252 | E29: 1061.6455 | G29: 27870317 | J29: K | O29: 0
B30: D | C30: 74710 | E30: 1506.3924 | G30: 1.1254257e+08 | J30: D | O30: 0
B33: 복 합 단 가
B34: 유종 | C34: 수량 | E34: 금액 | G34: 복 합 단 가
B35: G | C35: 0 | E35: 0 | G35: 0
B36: K | C36: 26252 | E36: 27870317 | G36: 1061.6455
B37: D | C37: 74710 | E37: 1.1254257e+08 | G37: 1506.3924
B39: 재 고 현 황 | O39: [단위:리터/원]
C40: 전일 | F40: 금일 | N40: 복합단가 | O40: 증감
C41: 재고 | F41: 입고 | H41: 출고 | K41: 마 감 재 고 | M41: 재고율
B42: 휘발유
B43: 등 유 | C43: 27252 | F43: 0 | H43: 1000 | K43: 26252 | M43: 0.13126 | N43: 1061.6455
B44: 경 유 | C44: 74710 | F44: 0 | H44: 0 | K44: 74710 | M44: 0.186775 | N44: 1506.3924
G45: 복합단가의 재고수량과 단가는 보관물량 제외니 참고해주세요!

Sheet 1204
B1: ◈ KK저장소 복합단가 운영표 - 신도시저장소
B5: 이 월 재 고 | G5: [단위:리터/원]
B7: 유종 | D7: 탱크용량 | E7: 재고수량 | F7: 재고율 | G7: 단가
C8: G | D8: 0 | E8: 0 | F8: 0 | G8: 0
C9: K | D9: 200000 | E9: =SUM('1202'!$K$43:$L$43) -> 26252 | F9: =SUM(E9)/D9 -> 0.13126 | G9: =SUM('1202'!$N$43) -> 1061.6455
C10: D | D10: 400000 | E10: =SUM('1202'!$K$44:$L$44) -> 74710 | F10: =SUM(E10)/D10 -> 0.186775 | G10: =SUM('1202'!$N$44) -> 1506.3924
B13: 출고내역(K) | G13: [단위:리터/원] | J13: 출고내역(LD) | O13: [단위:리터/원]
B14: 유종 | C14: 일반매출(사내이관 포함) | J14: 유종 | K14: 일반매출(사내이관 포함)
C15: 거래처명 | D15: 수량 | E15: 출고단가 | F15: 재고단가 | G15: 단가차액 | H15: 이익 | K15: 거래처명 | L15: 수량 | M15: 출고단가 | N15: 재고단가 | O15: 단가차액 | P15: 이익
B16: 실내 등유 | D16: 1000 | F16: =IF(D16="","",(SUM($G$9))) -> 1061.6455 | G16: =IF(D16="","",(SUM(E16)-F16)) -> -1061.6455 | H16: =IF(D16="","",(D16*G16)) -> -1061645.5 | J16: 경유 | N16: =IF(L16="","",($G$10)) | O16: =IF(L16="","",(SUM(M16)-N16)) | P16: =IF(L16="","",(L16*O16))
F17: =IF(D17="","",(SUM($G$9))) | G17: =IF(D17="","",(SUM(E17)-F17)) | H17: =IF(D17="","",(D17*G17)) | N17: =IF(L17="","",($G$10)) | O17: =IF(L17="","",(SUM(M17)-N17)) | P17: =IF(L17="","",(L17*O17))
F18: =IF(D18="","",(SUM($G$9))) | G18: =IF(D18="","",(SUM(E18)-F18)) | H18: =IF(D18="","",(D18*G18)) | N18: =IF(L18="","",($G$10)) | O18: =IF(L18="","",(SUM(M18)-N18)) | P18: =IF(L18="","",(L18*O18))
F19: =IF(D19="","",(SUM($G$9))) | G19: =IF(D19="","",(SUM(E19)-F19)) | H19: =IF(D19="","",(D19*G19)) | N19: =IF(L19="","",($G$10)) | O19: =IF(L19="","",(SUM(M19)-N19)) | P19: =IF(L19="","",(L19*O19))
F20: =IF(D20="","",(SUM($G$9))) | G20: =IF(D20="","",(SUM(E20)-F20)) | H20: =IF(D20="","",(D20*G20)) | N20: =IF(L20="","",($G$10)) | O20: =IF(L20="","",(SUM(M20)-N20)) | P20: =IF(L20="","",(L20*O20))
F21: =IF(D21="","",(SUM($G$9))) | G21: =IF(D21="","",(SUM(E21)-F21)) | H21: =IF(D21="","",(D21*G21)) | N21: =IF(L21="","",($G$10)) | O21: =IF(L21="","",(SUM(M21)-N21)) | P21: =IF(L21="","",(L21*O21))
F22: =IF(D22="","",(SUM($G$9))) | G22: =IF(D22="","",(SUM(E22)-F22)) | H22: =IF(D22="","",(D22*G22)) | N22: =IF(L22="","",($G$10)) | O22: =IF(L22="","",(SUM(M22)-N22)) | P22: =IF(L22="","",(L22*O22))
B23: 소 계 | D23: =SUM(D16:D22) -> 1000 | H23: =SUM(H16:H22) -> -1061645.5 | J23: 소 계 | L23: =SUM(L16:L22) -> 0 | P23: =SUM(P16:P22) -> 0
B26: 마 감 재 고 | G26: [단위:리터/원] | J26: 입 고 내 역 | O26: [단위:리터/원]
B27: 유종 | C27: 수량 | E27: 단가 | G27: 환산금액 | J27: 유종 | K27: 수량 | M27: 사입단가 | O27: 환산금액
B28: G | C28: 0 | E28: 0 | G28: 0 | J28: G | K28: 0 | M28: 0 | O28: 0
B29: K | C29: =$E$9-$D$23 -> 25252 | E29: =$G$9 -> 1061.6455 | G29: =C29*E29 -> 26808671 | J29: K | O29: =K29*M29 -> 0
B30: D | C30: =$E$10-$L$23 -> 74710 | E30: =$G$10 -> 1506.3924 | G30: =C30*E30 -> 1.1254257e+08 | J30: D | O30: =K30*M30 -> 0
B33: 복 합 단 가
B34: 유종 | C34: 수량 | E34: 금액 | G34: 복 합 단 가
B35: G | C35: 0 | E35: 0 | G35: 0
B36: K | C36: =$C$29+$K$29 -> 25252 | E36: =$G$29+$O$29 -> 26808671 | G36: =E36/C36 -> 1061.6455
B37: D | C37: =$C$30+$K$30 -> 74710 | E37: =$G$30+$O$30 -> 1.1254257e+08 | G37: =E37/C37 -> 1506.3924
B39: 재 고 현 황 | O39: [단위:리터/원]
C40: 전일 | F40: 금일 | N40: 복합단가 | O40: 증감
C41: 재고 | F41: 입고 | H41: 출고 | K41: 마 감 재 고 | M41: 재고율
B42: 휘발유
B43: 등 유 | C43: =SUM($E$9) -> 26252 | F43: =$K$29 -> 0 | H43: =$D$23 -> 1000 | K43: =$C$43-$H$43+$F$43+$O$43 -> 25252 | M43: =SUM($K$43)/$D$9 -> 0.12626 | N43: =$G$36 -> 1061.6455
B44: 경 유 | C44: =SUM($E$10) -> 74710 | F44: =$K$30 -> 0 | H44: =$L$23 -> 0 | K44: =$C$44-$H$44+$F$44+$O$44 -> 74710 | M44: =SUM($K$44)/D10 -> 0.186775 | N44: =$G$37 -> 1506.3924
G45: 복합단가의 재고수량과 단가는 보관물량 제외니 참고해주세요!

Sheet 1205
B1: ◈ KK저장소 복합단가 운영표 - 신도시저장소
B5: 이 월 재 고 | G5: [단위:리터/원]
B7: 유종 | D7: 탱크용량 | E7: 재고수량 | F7: 재고율 | G7: 단가
C8: G | D8: 0 | E8: 0 | F8: 0 | G8: 0
C9: K | D9: 200000 | E9: =SUM('1204'!$K$43:$L$43) -> 25252 | F9: =SUM(E9)/D9 -> 0.12626 | G9: =SUM('1204'!$N$43) -> 1061.6455
C10: D | D10: 400000 | E10: =SUM('1204'!$K$44:$L$44) -> 74710 | F10: =SUM(E10)/D10 -> 0.186775 | G10: =SUM('1204'!$N$44) -> 1506.3924
B13: 출고내역(K) | G13: [단위:리터/원] | J13: 출고내역(LD) | O13: [단위:리터/원]
B14: 유종 | C14: 일반매출(사내이관 포함) | J14: 유종 | K14: 일반매출(사내이관 포함)
C15: 거래처명 | D15: 수량 | E15: 출고단가 | F15: 재고단가 | G15: 단가차액 | H15: 이익 | K15: 거래처명 | L15: 수량 | M15: 출고단가 | N15: 재고단가 | O15: 단가차액 | P15: 이익
B16: 실내 등유 | F16: =IF(D16="","",(SUM($G$9))) | G16: =IF(D16="","",(SUM(E16)-F16)) | H16: =IF(D16="","",(D16*G16)) | J16: 경유 | L16: 15000 | N16: =IF(L16="","",($G$10)) -> 1506.3924 | O16: =IF(L16="","",(SUM(M16)-N16)) -> -1506.3924 | P16: =IF(L16="","",(L16*O16)) -> -22595886
F17: =IF(D17="","",(SUM($G$9))) | G17: =IF(D17="","",(SUM(E17)-F17)) | H17: =IF(D17="","",(D17*G17)) | L17: 2930 | N17: =IF(L17="","",($G$10)) -> 1506.3924 | O17: =IF(L17="","",(SUM(M17)-N17)) -> -1506.3924 | P17: =IF(L17="","",(L17*O17)) -> -4413729.7
F18: =IF(D18="","",(SUM($G$9))) | G18: =IF(D18="","",(SUM(E18)-F18)) | H18: =IF(D18="","",(D18*G18)) | N18: =IF(L18="","",($G$10)) | O18: =IF(L18="","",(SUM(M18)-N18)) | P18: =IF(L18="","",(L18*O18))
F19: =IF(D19="","",(SUM($G$9))) | G19: =IF(D19="","",(SUM(E19)-F19)) | H19: =IF(D19="","",(D19*G19)) | N19: =IF(L19="","",($G$10)) | O19: =IF(L19="","",(SUM(M19)-N19)) | P19: =IF(L19="","",(L19*O19))
F20: =IF(D20="","",(SUM($G$9))) | G20: =IF(D20="","",(SUM(E20)-F20)) | H20: =IF(D20="","",(D20*G20)) | N20: =IF(L20="","",($G$10)) | O20: =IF(L20="","",(SUM(M20)-N20)) | P20: =IF(L20="","",(L20*O20))
F21: =IF(D21="","",(SUM($G$9))) | G21: =IF(D21="","",(SUM(E21)-F21)) | H21: =IF(D21="","",(D21*G21)) | N21: =IF(L21="","",($G$10)) | O21: =IF(L21="","",(SUM(M21)-N21)) | P21: =IF(L21="","",(L21*O21))
F22: =IF(D22="","",(SUM($G$9))) | G22: =IF(D22="","",(SUM(E22)-F22)) | H22: =IF(D22="","",(D22*G22)) | N22: =IF(L22="","",($G$10)) | O22: =IF(L22="","",(SUM(M22)-N22)) | P22: =IF(L22="","",(L22*O22))
B23: 소 계 | D23: =SUM(D16:D22) -> 0 | H23: =SUM(H16:H22) -> 0 | J23: 소 계 | L23: =SUM(L16:L22) -> 17930 | P23: =SUM(P16:P22) -> -27009615
B26: 마 감 재 고 | G26: [단위:리터/원] | J26: 입 고 내 역 | O26: [단위:리터/원]
B27: 유종 | C27: 수량 | E27: 단가 | G27: 환산금액 | J27: 유종 | K27: 수량 | M27: 사입단가 | O27: 환산금액
B28: G | C28: 0 | E28: 0 | G28: 0 | J28: G | K28: 0 | M28: 0 | O28: 0
B29: K | C29: =$E$9-$D$23 -> 25252 | E29: =$G$9 -> 1061.6455 | G29: =C29*E29 -> 26808671 | J29: K | O29: =K29*M29 -> 0
B30: D | C30: =$E$10-$L$23 -> 56780 | E30: =$G$10 -> 1506.3924 | G30: =C30*E30 -> 85532959 | J30: D | O30: =K30*M30 -> 0
B33: 복 합 단 가
B34: 유종 | C34: 수량 | E34: 금액 | G34: 복 합 단 가
B35: G | C35: 0 | E35: 0 | G35: 0
B36: K | C36: =$C$29+$K$29 -> 25252 | E36: =$G$29+$O$29 -> 26808671 | G36: =E36/C36 -> 1061.6455
B37: D | C37: =$C$30+$K$30 -> 56780 | E37: =$G$30+$O$30 -> 85532959 | G37: =E37/C37 -> 1506.3924
B39: 재 고 현 황 | O39: [단위:리터/원]
C40: 전일 | F40: 금일 | N40: 복합단가 | O40: 증감
C41: 재고 | F41: 입고 | H41: 출고 | K41: 마 감 재 고 | M41: 재고율
B42: 휘발유
B43: 등 유 | C43: =SUM($E$9) -> 25252 | F43: =$K$29 -> 0 | H43: =$D$23 -> 0 | K43: =$C$43-$H$43+$F$43+$O$43 -> 25252 | M43: =SUM($K$43)/$D$9 -> 0.12626 | N43: =$G$36 -> 1061.6455
B44: 경 유 | C44: =SUM($E$10) -> 74710 | F44: =$K$30 -> 0 | H44: =$L$23 -> 17930 | K44: =$C$44-$H$44+$F$44+$O$44 -> 56780 | M44: =SUM($K$44)/D10 -> 0.14195 | N44: =$G$37 -> 1506.3924
G45: 복합단가의 재고수량과 단가는 보관물량 제외니 참고해주세요!

Sheet 1208
B1: ◈ KK저장소 복합단가 운영표 - 신도시저장소
B5: 이 월 재 고 | G5: [단위:리터/원]
B7: 유종 | D7: 탱크용량 | E7: 재고수량 | F7: 재고율 | G7: 단가
C8: G | D8: 0 | E8: 0 | F8: 0 | G8: 0
C9: K | D9: 200000 | E9: =SUM('1205'!$K$43:$L$43) -> 25252 | F9: =SUM(E9)/D9 -> 0.12626 | G9: =SUM('1205'!$N$43) -> 1061.6455
C10: D | D10: 400000 | E10: =SUM('1205'!$K$44:$L$44) -> 56780 | F10: =SUM(E10)/D10 -> 0.14195 | G10: =SUM('1205'!$N$44) -> 1506.3924
B13: 출고내역(K) | G13: [단위:리터/원] | J13: 출고내역(LD) | O13: [단위:리터/원]
B14: 유종 | C14: 일반매출(사내이관 포함) | J14: 유종 | K14: 일반매출(사내이관 포함)
C15: 거래처명 | D15: 수량 | E15: 출고단가 | F15: 재고단가 | G15: 단가차액 | H15: 이익 | K15: 거래처명 | L15: 수량 | M15: 출고단가 | N15: 재고단가 | O15: 단가차액 | P15: 이익
B16: 실내 등유 | F16: =IF(D16="","",(SUM($G$9))) | G16: =IF(D16="","",(SUM(E16)-F16)) | H16: =IF(D16="","",(D16*G16)) | J16: 경유 | L16: 2840 | N16: =IF(L16="","",($G$10)) -> 1506.3924 | O16: =IF(L16="","",(SUM(M16)-N16)) -> -1506.3924 | P16: =IF(L16="","",(L16*O16)) -> -4278154.4
F17: =IF(D17="","",(SUM($G$9))) | G17: =IF(D17="","",(SUM(E17)-F17)) | H17: =IF(D17="","",(D17*G17)) | N17: =IF(L17="","",($G$10)) | O17: =IF(L17="","",(SUM(M17)-N17)) | P17: =IF(L17="","",(L17*O17))
F18: =IF(D18="","",(SUM($G$9))) | G18: =IF(D18="","",(SUM(E18)-F18)) | H18: =IF(D18="","",(D18*G18)) | N18: =IF(L18="","",($G$10)) | O18: =IF(L18="","",(SUM(M18)-N18)) | P18: =IF(L18="","",(L18*O18))
F19: =IF(D19="","",(SUM($G$9))) | G19: =IF(D19="","",(SUM(E19)-F19)) | H19: =IF(D19="","",(D19*G19)) | N19: =IF(L19="","",($G$10)) | O19: =IF(L19="","",(SUM(M19)-N19)) | P19: =IF(L19="","",(L19*O19))
F20: =IF(D20="","",(SUM($G$9))) | G20: =IF(D20="","",(SUM(E20)-F20)) | H20: =IF(D20="","",(D20*G20)) | N20: =IF(L20="","",($G$10)) | O20: =IF(L20="","",(SUM(M20)-N20)) | P20: =IF(L20="","",(L20*O20))
F21: =IF(D21="","",(SUM($G$9))) | G21: =IF(D21="","",(SUM(E21)-F21)) | H21: =IF(D21="","",(D21*G21)) | N21: =IF(L21="","",($G$10)) | O21: =IF(L21="","",(SUM(M21)-N21)) | P21: =IF(L21="","",(L21*O21))
F22: =IF(D22="","",(SUM($G$9))) | G22: =IF(D22="","",(SUM(E22)-F22)) | H22: =IF(D22="","",(D22*G22)) | N22: =IF(L22="","",($G$10)) | O22: =IF(L22="","",(SUM(M22)-N22)) | P22: =IF(L22="","",(L22*O22))
B23: 소 계 | D23: =SUM(D16:D22) -> 0 | H23: =SUM(H16:H22) -> 0 | J23: 소 계 | L23: =SUM(L16:L22) -> 2840 | P23: =SUM(P16:P22) -> -4278154.4
B26: 마 감 재 고 | G26: [단위:리터/원] | J26: 입 고 내 역 | O26: [단위:리터/원]
B27: 유종 | C27: 수량 | E27: 단가 | G27: 환산금액 | J27: 유종 | K27: 수량 | M27: 사입단가 | O27: 환산금액
B28: G | C28: 0 | E28: 0 | G28: 0 | J28: G | K28: 0 | M28: 0 | O28: 0
B29: K | C29: =$E$9-$D$23 -> 25252 | E29: =$G$9 -> 1061.6455 | G29: =C29*E29 -> 26808671 | J29: K | O29: =K29*M29 -> 0
B30: D | C30: =$E$10-$L$23 -> 53940 | E30: =$G$10 -> 1506.3924 | G30: =C30*E30 -> 81254805 | J30: D | O30: =K30*M30 -> 0
B33: 복 합 단 가
B34: 유종 | C34: 수량 | E34: 금액 | G34: 복 합 단 가
B35: G | C35: 0 | E35: 0 | G35: 0
B36: K | C36: =$C$29+$K$29 -> 25252 | E36: =$G$29+$O$29 -> 26808671 | G36: =E36/C36 -> 1061.6455
B37: D | C37: =$C$30+$K$30 -> 53940 | E37: =$G$30+$O$30 -> 81254805 | G37: =E37/C37 -> 1506.3924
B39: 재 고 현 황 | O39: [단위:리터/원]
C40: 전일 | F40: 금일 | N40: 복합단가 | O40: 증감
C41: 재고 | F41: 입고 | H41: 출고 | K41: 마 감 재 고 | M41: 재고율
B42: 휘발유
B43: 등 유 | C43: =SUM($E$9) -> 25252 | F43: =$K$29 -> 0 | H43: =$D$23 -> 0 | K43: =$C$43-$H$43+$F$43+$O$43 -> 25252 | M43: =SUM($K$43)/$D$9 -> 0.12626 | N43: =$G$36 -> 1061.6455
B44: 경 유 | C44: =SUM($E$10) -> 56780 | F44: =$K$30 -> 0 | H44: =$L$23 -> 2840 | K44: =$C$44-$H$44+$F$44+$O$44 -> 53940 | M44: =SUM($K$44)/D10 -> 0.13485 | N44: =$G$37 -> 1506.3924
G45: 복합단가의 재고수량과 단가는 보관물량 제외니 참고해주세요!

Sheet 1209
B1: ◈ KK저장소 복합단가 운영표 - 신도시저장소
B5: 이 월 재 고 | G5: [단위:리터/원]
B7: 유종 | D7: 탱크용량 | E7: 재고수량 | F7: 재고율 | G7: 단가
C8: G | D8: 0 | E8: 0 | F8: 0 | G8: 0
C9: K | D9: 200000 | E9: =SUM('1208'!$K$43:$L$43) -> 25252 | F9: =SUM(E9)/D9 -> 0.12626 | G9: =SUM('1208'!$N$43) -> 1061.6455
C10: D | D10: 400000 | E10: =SUM('1208'!$K$44:$L$44) -> 53940 | F10: =SUM(E10)/D10 -> 0.13485 | G10: =SUM('1208'!$N$44) -> 1506.3924
B13: 출고내역(K) | G13: [단위:리터/원] | J13: 출고내역(LD) | O13: [단위:리터/원]
B14: 유종 | C14: 일반매출(사내이관 포함) | J14: 유종 | K14: 일반매출(사내이관 포함)
C15: 거래처명 | D15: 수량 | E15: 출고단가 | F15: 재고단가 | G15: 단가차액 | H15: 이익 | K15: 거래처명 | L15: 수량 | M15: 출고단가 | N15: 재고단가 | O15: 단가차액 | P15: 이익
B16: 실내 등유 | F16: =IF(D16="","",(SUM($G$9))) | G16: =IF(D16="","",(SUM(E16)-F16)) | H16: =IF(D16="","",(D16*G16)) | J16: 경유 | L16: 8000 | N16: =IF(L16="","",($G$10)) -> 1506.3924 | O16: =IF(L16="","",(SUM(M16)-N16)) -> -1506.3924 | P16: =IF(L16="","",(L16*O16)) -> -12051139
F17: =IF(D17="","",(SUM($G$9))) | G17: =IF(D17="","",(SUM(E17)-F17)) | H17: =IF(D17="","",(D17*G17)) | N17: =IF(L17="","",($G$10)) | O17: =IF(L17="","",(SUM(M17)-N17)) | P17: =IF(L17="","",(L17*O17))
F18: =IF(D18="","",(SUM($G$9))) | G18: =IF(D18="","",(SUM(E18)-F18)) | H18: =IF(D18="","",(D18*G18)) | N18: =IF(L18="","",($G$10)) | O18: =IF(L18="","",(SUM(M18)-N18)) | P18: =IF(L18="","",(L18*O18))
F19: =IF(D19="","",(SUM($G$9))) | G19: =IF(D19="","",(SUM(E19)-F19)) | H19: =IF(D19="","",(D19*G19)) | N19: =IF(L19="","",($G$10)) | O19: =IF(L19="","",(SUM(M19)-N19)) | P19: =IF(L19="","",(L19*O19))
F20: =IF(D20="","",(SUM($G$9))) | G20: =IF(D20="","",(SUM(E20)-F20)) | H20: =IF(D20="","",(D20*G20)) | N20: =IF(L20="","",($G$10)) | O20: =IF(L20="","",(SUM(M20)-N20)) | P20: =IF(L20="","",(L20*O20))
F21: =IF(D21="","",(SUM($G$9))) | G21: =IF(D21="","",(SUM(E21)-F21)) | H21: =IF(D21="","",(D21*G21)) | N21: =IF(L21="","",($G$10)) | O21: =IF(L21="","",(SUM(M21)-N21)) | P21: =IF(L21="","",(L21*O21))
F22: =IF(D22="","",(SUM($G$9))) | G22: =IF(D22="","",(SUM(E22)-F22)) | H22: =IF(D22="","",(D22*G22)) | N22: =IF(L22="","",($G$10)) | O22: =IF(L22="","",(SUM(M22)-N22)) | P22: =IF(L22="","",(L22*O22))
B23: 소 계 | D23: =SUM(D16:D22) -> 0 | H23: =SUM(H16:H22) -> 0 | J23: 소 계 | L23: =SUM(L16:L22) -> 8000 | P23: =SUM(P16:P22) -> -12051139
B26: 마 감 재 고 | G26: [단위:리터/원] | J26: 입 고 내 역 | O26: [단위:리터/원]
B27: 유종 | C27: 수량 | E27: 단가 | G27: 환산금액 | J27: 유종 | K27: 수량 | M27: 사입단가 | O27: 환산금액
B28: G | C28: 0 | E28: 0 | G28: 0 | J28: G | K28: 0 | M28: 0 | O28: 0
B29: K | C29: =$E$9-$D$23 -> 25252 | E29: =$G$9 -> 1061.6455 | G29: =C29*E29 -> 26808671 | J29: K | O29: =K29*M29 -> 0
B30: D | C30: =$E$10-$L$23 -> 45940 | E30: =$G$10 -> 1506.3924 | G30: =C30*E30 -> 69203666 | J30: D | O30: =K30*M30 -> 0
B33: 복 합 단 가
B34: 유종 | C34: 수량 | E34: 금액 | G34: 복 합 단 가
B35: G | C35: 0 | E35: 0 | G35: 0
B36: K | C36: =$C$29+$K$29 -> 25252 | E36: =$G$29+$O$29 -> 26808671 | G36: =E36/C36 -> 1061.6455
B37: D | C37: =$C$30+$K$30 -> 45940 | E37: =$G$30+$O$30 -> 69203666 | G37: =E37/C37 -> 1506.3924
B39: 재 고 현 황 | O39: [단위:리터/원]
C40: 전일 | F40: 금일 | N40: 복합단가 | O40: 증감
C41: 재고 | F41: 입고 | H41: 출고 | K41: 마 감 재 고 | M41: 재고율
B42: 휘발유
B43: 등 유 | C43: =SUM($E$9) -> 25252 | F43: =$K$29 -> 0 | H43: =$D$23 -> 0 | K43: =$C$43-$H$43+$F$43+$O$43 -> 25252 | M43: =SUM($K$43)/$D$9 -> 0.12626 | N43: =$G$36 -> 1061.6455
B44: 경 유 | C44: =SUM($E$10) -> 53940 | F44: =$K$30 -> 0 | H44: =$L$23 -> 8000 | K44: =$C$44-$H$44+$F$44+$O$44 -> 45940 | M44: =SUM($K$44)/D10 -> 0.11485 | N44: =$G$37 -> 1506.3924
G45: 복합단가의 재고수량과 단가는 보관물량 제외니 참고해주세요!

Sheet 1210
B1: ◈ KK저장소 복합단가 운영표 - 신도시저장소
B5: 이 월 재 고 | G5: [단위:리터/원]
B7: 유종 | D7: 탱크용량 | E7: 재고수량 | F7: 재고율 | G7: 단가
C8: G | D8: 0 | E8: 0 | F8: 0 | G8: 0
C9: K | D9: 200000 | E9: =SUM('1209'!$K$43:$L$43) -> 25252 | F9: =SUM(E9)/D9 -> 0.12626 | G9: =SUM('1209'!$N$43) -> 1061.6455
C10: D | D10: 400000 | E10: =SUM('1209'!$K$44:$L$44) -> 45940 | F10: =SUM(E10)/D10 -> 0.11485 | G10: =SUM('1209'!$N$44) -> 1506.3924
B13: 출고내역(K) | G13: [단위:리터/원] | J13: 출고내역(LD) | O13: [단위:리터/원]
B14: 유종 | C14: 일반매출(사내이관 포함) | J14: 유종 | K14: 일반매출(사내이관 포함)
C15: 거래처명 | D15: 수량 | E15: 출고단가 | F15: 재고단가 | G15: 단가차액 | H15: 이익 | K15: 거래처명 | L15: 수량 | M15: 출고단가 | N15: 재고단가 | O15: 단가차액 | P15: 이익
B16: 실내 등유 | F16: =IF(D16="","",(SUM($G$9))) | G16: =IF(D16="","",(SUM(E16)-F16)) | H16: =IF(D16="","",(D16*G16)) | J16: 경유 | N16: =IF(L16="","",($G$10)) | O16: =IF(L16="","",(SUM(M16)-N16)) | P16: =IF(L16="","",(L16*O16))
F17: =IF(D17="","",(SUM($G$9))) | G17: =IF(D17="","",(SUM(E17)-F17)) | H17: =IF(D17="","",(D17*G17)) | N17: =IF(L17="","",($G$10)) | O17: =IF(L17="","",(SUM(M17)-N17)) | P17: =IF(L17="","",(L17*O17))
F18: =IF(D18="","",(SUM($G$9))) | G18: =IF(D18="","",(SUM(E18)-F18)) | H18: =IF(D18="","",(D18*G18)) | N18: =IF(L18="","",($G$10)) | O18: =IF(L18="","",(SUM(M18)-N18)) | P18: =IF(L18="","",(L18*O18))
F19: =IF(D19="","",(SUM($G$9))) | G19: =IF(D19="","",(SUM(E19)-F19)) | H19: =IF(D19="","",(D19*G19)) | N19: =IF(L19="","",($G$10)) | O19: =IF(L19="","",(SUM(M19)-N19)) | P19: =IF(L19="","",(L19*O19))
F20: =IF(D20="","",(SUM($G$9))) | G20: =IF(D20="","",(SUM(E20)-F20)) | H20: =IF(D20="","",(D20*G20)) | N20: =IF(L20="","",($G$10)) | O20: =IF(L20="","",(SUM(M20)-N20)) | P20: =IF(L20="","",(L20*O20))
F21: =IF(D21="","",(SUM($G$9))) | G21: =IF(D21="","",(SUM(E21)-F21)) | H21: =IF(D21="","",(D21*G21)) | N21: =IF(L21="","",($G$10)) | O21: =IF(L21="","",(SUM(M21)-N21)) | P21: =IF(L21="","",(L21*O21))
F22: =IF(D22="","",(SUM($G$9))) | G22: =IF(D22="","",(SUM(E22)-F22)) | H22: =IF(D22="","",(D22*G22)) | N22: =IF(L22="","",($G$10)) | O22: =IF(L22="","",(SUM(M22)-N22)) | P22: =IF(L22="","",(L22*O22))
B23: 소 계 | D23: =SUM(D16:D22) -> 0 | H23: =SUM(H16:H22) -> 0 | J23: 소 계 | L23: =SUM(L16:L22) -> 0 | P23: =SUM(P16:P22) -> 0
B26: 마 감 재 고 | G26: [단위:리터/원] | J26: 입 고 내 역 | O26: [단위:리터/원]
B27: 유종 | C27: 수량 | E27: 단가 | G27: 환산금액 | J27: 유종 | K27: 수량 | M27: 사입단가 | O27: 환산금액
B28: G | C28: 0 | E28: 0 | G28: 0 | J28: G | K28: 0 | M28: 0 | O28: 0
B29: K | C29: =$E$9-$D$23 -> 25252 | E29: =$G$9 -> 1061.6455 | G29: =C29*E29 -> 26808671 | J29: K | O29: =K29*M29 -> 0
B30: D | C30: =$E$10-$L$23 -> 45940 | E30: =$G$10 -> 1506.3924 | G30: =C30*E30 -> 69203666 | J30: D | K30: 64000 | M30: 1468.1 | O30: =K30*M30 -> 93958400
B33: 복 합 단 가
B34: 유종 | C34: 수량 | E34: 금액 | G34: 복 합 단 가
B35: G | C35: 0 | E35: 0 | G35: 0
B36: K | C36: =$C$29+$K$29 -> 25252 | E36: =$G$29+$O$29 -> 26808671 | G36: =E36/C36 -> 1061.6455
B37: D | C37: =$C$30+$K$30 -> 109940 | E37: =$G$30+$O$30 -> 1.6316207e+08 | G37: =E37/C37 -> 1484.101
B39: 재 고 현 황 | O39: [단위:리터/원]
C40: 전일 | F40: 금일 | N40: 복합단가 | O40: 증감
C41: 재고 | F41: 입고 | H41: 출고 | K41: 마 감 재 고 | M41: 재고율
B42: 휘발유
B43: 등 유 | C43: =SUM($E$9) -> 25252 | F43: =$K$29 -> 0 | H43: =$D$23 -> 0 | K43: =$C$43-$H$43+$F$43+$O$43 -> 25252 | M43: =SUM($K$43)/$D$9 -> 0.12626 | N43: =$G$36 -> 1061.6455
B44: 경 유 | C44: =SUM($E$10) -> 45940 | F44: =$K$30 -> 64000 | H44: =$L$23 -> 0 | K44: =$C$44-$H$44+$F$44+$O$44 -> 109940 | M44: =SUM($K$44)/D10 -> 0.27485 | N44: =$G$37 -> 1484.101
G45: 복합단가의 재고수량과 단가는 보관물량 제외니 참고해주세요!

Sheet 1211
B1: ◈ KK저장소 복합단가 운영표 - 신도시저장소
B5: 이 월 재 고 | G5: [단위:리터/원]
B7: 유종 | D7: 탱크용량 | E7: 재고수량 | F7: 재고율 | G7: 단가
C8: G | D8: 0 | E8: 0 | F8: 0 | G8: 0
C9: K | D9: 200000 | E9: =SUM('1210'!$K$43:$L$43) -> 25252 | F9: =SUM(E9)/D9 -> 0.12626 | G9: =SUM('1210'!$N$43) -> 1061.6455
C10: D | D10: 400000 | E10: =SUM('1210'!$K$44:$L$44) -> 109940 | F10: =SUM(E10)/D10 -> 0.27485 | G10: =SUM('1210'!$N$44) -> 1484.101
B13: 출고내역(K) | G13: [단위:리터/원] | J13: 출고내역(LD) | O13: [단위:리터/원]
B14: 유종 | C14: 일반매출(사내이관 포함) | J14: 유종 | K14: 일반매출(사내이관 포함)
C15: 거래처명 | D15: 수량 | E15: 출고단가 | F15: 재고단가 | G15: 단가차액 | H15: 이익 | K15: 거래처명 | L15: 수량 | M15: 출고단가 | N15: 재고단가 | O15: 단가차액 | P15: 이익
B16: 실내 등유 | F16: =IF(D16="","",(SUM($G$9))) | G16: =IF(D16="","",(SUM(E16)-F16)) | H16: =IF(D16="","",(D16*G16)) | J16: 경유 | N16: =IF(L16="","",($G$10)) | O16: =IF(L16="","",(SUM(M16)-N16)) | P16: =IF(L16="","",(L16*O16))
F17: =IF(D17="","",(SUM($G$9))) | G17: =IF(D17="","",(SUM(E17)-F17)) | H17: =IF(D17="","",(D17*G17)) | N17: =IF(L17="","",($G$10)) | O17: =IF(L17="","",(SUM(M17)-N17)) | P17: =IF(L17="","",(L17*O17))
F18: =IF(D18="","",(SUM($G$9))) | G18: =IF(D18="","",(SUM(E18)-F18)) | H18: =IF(D18="","",(D18*G18)) | N18: =IF(L18="","",($G$10)) | O18: =IF(L18="","",(SUM(M18)-N18)) | P18: =IF(L18="","",(L18*O18))
F19: =IF(D19="","",(SUM($G$9))) | G19: =IF(D19="","",(SUM(E19)-F19)) | H19: =IF(D19="","",(D19*G19)) | N19: =IF(L19="","",($G$10)) | O19: =IF(L19="","",(SUM(M19)-N19)) | P19: =IF(L19="","",(L19*O19))
F20: =IF(D20="","",(SUM($G$9))) | G20: =IF(D20="","",(SUM(E20)-F20)) | H20: =IF(D20="","",(D20*G20)) | N20: =IF(L20="","",($G$10)) | O20: =IF(L20="","",(SUM(M20)-N20)) | P20: =IF(L20="","",(L20*O20))
F21: =IF(D21="","",(SUM($G$9))) | G21: =IF(D21="","",(SUM(E21)-F21)) | H21: =IF(D21="","",(D21*G21)) | N21: =IF(L21="","",($G$10)) | O21: =IF(L21="","",(SUM(M21)-N21)) | P21: =IF(L21="","",(L21*O21))
F22: =IF(D22="","",(SUM($G$9))) | G22: =IF(D22="","",(SUM(E22)-F22)) | H22: =IF(D22="","",(D22*G22)) | N22: =IF(L22="","",($G$10)) | O22: =IF(L22="","",(SUM(M22)-N22)) | P22: =IF(L22="","",(L22*O22))
B23: 소 계 | D23: =SUM(D16:D22) -> 0 | H23: =SUM(H16:H22) -> 0 | J23: 소 계 | L23: =SUM(L16:L22) -> 0 | P23: =SUM(P16:P22) -> 0
B26: 마 감 재 고 | G26: [단위:리터/원] | J26: 입 고 내 역 | O26: [단위:리터/원]
B27: 유종 | C27: 수량 | E27: 단가 | G27: 환산금액 | J27: 유종 | K27: 수량 | M27: 사입단가 | O27: 환산금액
B28: G | C28: 0 | E28: 0 | G28: 0 | J28: G | K28: 0 | M28: 0 | O28: 0
B29: K | C29: =$E$9-$D$23 -> 25252 | E29: =$G$9 -> 1061.6455 | G29: =C29*E29 -> 26808671 | J29: K | O29: =K29*M29 -> 0
B30: D | C30: =$E$10-$L$23 -> 109940 | E30: =$G$10 -> 1484.101 | G30: =C30*E30 -> 1.6316207e+08 | J30: D | K30: 32000 | M30: 1453.1 | O30: =K30*M30 -> 46499200
B33: 복 합 단 가
B34: 유종 | C34: 수량 | E34: 금액 | G34: 복 합 단 가
B35: G | C35: 0 | E35: 0 | G35: 0
B36: K | C36: =$C$29+$K$29 -> 25252 | E36: =$G$29+$O$29 -> 26808671 | G36: =E36/C36 -> 1061.6455
B37: D | C37: =$C$30+$K$30 -> 141940 | E37: =$G$30+$O$30 -> 2.0966127e+08 | G37: =E37/C37 -> 1477.1119
B39: 재 고 현 황 | O39: [단위:리터/원]
C40: 전일 | F40: 금일 | N40: 복합단가 | O40: 증감
C41: 재고 | F41: 입고 | H41: 출고 | K41: 마 감 재 고 | M41: 재고율
B42: 휘발유
B43: 등 유 | C43: =SUM($E$9) -> 25252 | F43: =$K$29 -> 0 | H43: =$D$23 -> 0 | K43: =$C$43-$H$43+$F$43+$O$43 -> 25252 | M43: =SUM($K$43)/$D$9 -> 0.12626 | N43: =$G$36 -> 1061.6455
B44: 경 유 | C44: =SUM($E$10) -> 109940 | F44: =$K$30 -> 32000 | H44: =$L$23 -> 0 | K44: =$C$44-$H$44+$F$44+$O$44 -> 141940 | M44: =SUM($K$44)/D10 -> 0.35485 | N44: =$G$37 -> 1477.1119
G45: 복합단가의 재고수량과 단가는 보관물량 제외니 참고해주세요!

Sheet 1212
B1: ◈ KK저장소 복합단가 운영표 - 신도시저장소
B5: 이 월 재 고 | G5: [단위:리터/원]
B7: 유종 | D7: 탱크용량 | E7: 재고수량 | F7: 재고율 | G7: 단가
C8: G | D8: 0 | E8: 0 | F8: 0 | G8: 0
C9: K | D9: 200000 | E9: =SUM('1211'!$K$43:$L$43) -> 25252 | F9: =SUM(E9)/D9 -> 0.12626 | G9: =SUM('1211'!$N$43) -> 1061.6455
C10: D | D10: 400000 | E10: =SUM('1211'!$K$44:$L$44) -> 141940 | F10: =SUM(E10)/D10 -> 0.35485 | G10: =SUM('1211'!$N$44) -> 1477.1119
B13: 출고내역(K) | G13: [단위:리터/원] | J13: 출고내역(LD) | O13: [단위:리터/원]
B14: 유종 | C14: 일반매출(사내이관 포함) | J14: 유종 | K14: 일반매출(사내이관 포함)
C15: 거래처명 | D15: 수량 | E15: 출고단가 | F15: 재고단가 | G15: 단가차액 | H15: 이익 | K15: 거래처명 | L15: 수량 | M15: 출고단가 | N15: 재고단가 | O15: 단가차액 | P15: 이익
B16: 실내 등유 | F16: =IF(D16="","",(SUM($G$9))) | G16: =IF(D16="","",(SUM(E16)-F16)) | H16: =IF(D16="","",(D16*G16)) | J16: 경유 | N16: =IF(L16="","",($G$10)) | O16: =IF(L16="","",(SUM(M16)-N16)) | P16: =IF(L16="","",(L16*O16))
F17: =IF(D17="","",(SUM($G$9))) | G17: =IF(D17="","",(SUM(E17)-F17)) | H17: =IF(D17="","",(D17*G17)) | N17: =IF(L17="","",($G$10)) | O17: =IF(L17="","",(SUM(M17)-N17)) | P17: =IF(L17="","",(L17*O17))
F18: =IF(D18="","",(SUM($G$9))) | G18: =IF(D18="","",(SUM(E18)-F18)) | H18: =IF(D18="","",(D18*G18)) | N18: =IF(L18="","",($G$10)) | O18: =IF(L18="","",(SUM(M18)-N18)) | P18: =IF(L18="","",(L18*O18))
F19: =IF(D19="","",(SUM($G$9))) | G19: =IF(D19="","",(SUM(E19)-F19)) | H19: =IF(D19="","",(D19*G19)) | N19: =IF(L19="","",($G$10)) | O19: =IF(L19="","",(SUM(M19)-N19)) | P19: =IF(L19="","",(L19*O19))
F20: =IF(D20="","",(SUM($G$9))) | G20: =IF(D20="","",(SUM(E20)-F20)) | H20: =IF(D20="","",(D20*G20)) | N20: =IF(L20="","",($G$10)) | O20: =IF(L20="","",(SUM(M20)-N20)) | P20: =IF(L20="","",(L20*O20))
F21: =IF(D21="","",(SUM($G$9))) | G21: =IF(D21="","",(SUM(E21)-F21)) | H21: =IF(D21="","",(D21*G21)) | N21: =IF(L21="","",($G$10)) | O21: =IF(L21="","",(SUM(M21)-N21)) | P21: =IF(L21="","",(L21*O21))
F22: =IF(D22="","",(SUM($G$9))) | G22: =IF(D22="","",(SUM(E22)-F22)) | H22: =IF(D22="","",(D22*G22)) | N22: =IF(L22="","",($G$10)) | O22: =IF(L22="","",(SUM(M22)-N22)) | P22: =IF(L22="","",(L22*O22))
B23: 소 계 | D23: =SUM(D16:D22) -> 0 | H23: =SUM(H16:H22) -> 0 | J23: 소 계 | L23: =SUM(L16:L22) -> 0 | P23: =SUM(P16:P22) -> 0
B26: 마 감 재 고 | G26: [단위:리터/원] | J26: 입 고 내 역 | O26: [단위:리터/원]
B27: 유종 | C27: 수량 | E27: 단가 | G27: 환산금액 | J27: 유종 | K27: 수량 | M27: 사입단가 | O27: 환산금액
B28: G | C28: 0 | E28: 0 | G28: 0 | J28: G | K28: 0 | M28: 0 | O28: 0
B29: K | C29: =$E$9-$D$23 -> 25252 | E29: =$G$9 -> 1061.6455 | G29: =C29*E29 -> 26808671 | J29: K | O29: =K29*M29 -> 0
B30: D | C30: =$E$10-$L$23 -> 141940 | E30: =$G$10 -> 1477.1119 | G30: =C30*E30 -> 2.0966127e+08 | J30: D | K30: 32000 | M30: 1453.1 | O30: =K30*M30 -> 46499200
B33: 복 합 단 가
B34: 유종 | C34: 수량 | E34: 금액 | G34: 복 합 단 가
B35: G | C35: 0 | E35: 0 | G35: 0
B36: K | C36: =$C$29+$K$29 -> 25252 | E36: =$G$29+$O$29 -> 26808671 | G36: =E36/C36 -> 1061.6455
B37: D | C37: =$C$30+$K$30 -> 173940 | E37: =$G$30+$O$30 -> 2.5616047e+08 | G37: =E37/C37 -> 1472.6944
B39: 재 고 현 황 | O39: [단위:리터/원]
C40: 전일 | F40: 금일 | N40: 복합단가 | O40: 증감
C41: 재고 | F41: 입고 | H41: 출고 | K41: 마 감 재 고 | M41: 재고율
B42: 휘발유
B43: 등 유 | C43: =SUM($E$9) -> 25252 | F43: =$K$29 -> 0 | H43: =$D$23 -> 0 | K43: =$C$43-$H$43+$F$43+$O$43 -> 25252 | M43: =SUM($K$43)/$D$9 -> 0.12626 | N43: =$G$36 -> 1061.6455
B44: 경 유 | C44: =SUM($E$10) -> 141940 | F44: =$K$30 -> 32000 | H44: =$L$23 -> 0 | K44: =$C$44-$H$44+$F$44+$O$44 -> 173940 | M44: =SUM($K$44)/D10 -> 0.43485 | N44: =$G$37 -> 1472.6944
G45: 복합단가의 재고수량과 단가는 보관물량 제외니 참고해주세요!

Sheet 1216
B1: ◈ KK저장소 복합단가 운영표 - 신도시저장소
B5: 이 월 재 고 | G5: [단위:리터/원]
B7: 유종 | D7: 탱크용량 | E7: 재고수량 | F7: 재고율 | G7: 단가
C8: G | D8: 0 | E8: 0 | F8: 0 | G8: 0
C9: K | D9: 200000 | E9: =SUM('1212'!$K$43:$L$43) -> 25252 | F9: =SUM(E9)/D9 -> 0.12626 | G9: =SUM('1212'!$N$43) -> 1061.6455
C10: D | D10: 400000 | E10: =SUM('1212'!$K$44:$L$44) -> 173940 | F10: =SUM(E10)/D10 -> 0.43485 | G10: =SUM('1212'!$N$44) -> 1472.6944
B13: 출고내역(K) | G13: [단위:리터/원] | J13: 출고내역(LD) | O13: [단위:리터/원]
B14: 유종 | C14: 일반매출(사내이관 포함) | J14: 유종 | K14: 일반매출(사내이관 포함)
C15: 거래처명 | D15: 수량 | E15: 출고단가 | F15: 재고단가 | G15: 단가차액 | H15: 이익 | K15: 거래처명 | L15: 수량 | M15: 출고단가 | N15: 재고단가 | O15: 단가차액 | P15: 이익
B16: 실내 등유 | F16: =IF(D16="","",(SUM($G$9))) | G16: =IF(D16="","",(SUM(E16)-F16)) | H16: =IF(D16="","",(D16*G16)) | J16: 경유 | L16: 2850 | N16: =IF(L16="","",($G$10)) -> 1472.6944 | O16: =IF(L16="","",(SUM(M16)-N16)) -> -1472.6944 | P16: =IF(L16="","",(L16*O16)) -> -4197179.1
F17: =IF(D17="","",(SUM($G$9))) | G17: =IF(D17="","",(SUM(E17)-F17)) | H17: =IF(D17="","",(D17*G17)) | N17: =IF(L17="","",($G$10)) | O17: =IF(L17="","",(SUM(M17)-N17)) | P17: =IF(L17="","",(L17*O17))
F18: =IF(D18="","",(SUM($G$9))) | G18: =IF(D18="","",(SUM(E18)-F18)) | H18: =IF(D18="","",(D18*G18)) | N18: =IF(L18="","",($G$10)) | O18: =IF(L18="","",(SUM(M18)-N18)) | P18: =IF(L18="","",(L18*O18))
F19: =IF(D19="","",(SUM($G$9))) | G19: =IF(D19="","",(SUM(E19)-F19)) | H19: =IF(D19="","",(D19*G19)) | N19: =IF(L19="","",($G$10)) | O19: =IF(L19="","",(SUM(M19)-N19)) | P19: =IF(L19="","",(L19*O19))
F20: =IF(D20="","",(SUM($G$9))) | G20: =IF(D20="","",(SUM(E20)-F20)) | H20: =IF(D20="","",(D20*G20)) | N20: =IF(L20="","",($G$10)) | O20: =IF(L20="","",(SUM(M20)-N20)) | P20: =IF(L20="","",(L20*O20))
F21: =IF(D21="","",(SUM($G$9))) | G21: =IF(D21="","",(SUM(E21)-F21)) | H21: =IF(D21="","",(D21*G21)) | N21: =IF(L21="","",($G$10)) | O21: =IF(L21="","",(SUM(M21)-N21)) | P21: =IF(L21="","",(L21*O21))
F22: =IF(D22="","",(SUM($G$9))) | G22: =IF(D22="","",(SUM(E22)-F22)) | H22: =IF(D22="","",(D22*G22)) | N22: =IF(L22="","",($G$10)) | O22: =IF(L22="","",(SUM(M22)-N22)) | P22: =IF(L22="","",(L22*O22))
B23: 소 계 | D23: =SUM(D16:D22) -> 0 | H23: =SUM(H16:H22) -> 0 | J23: 소 계 | L23: =SUM(L16:L22) -> 2850 | P23: =SUM(P16:P22) -> -4197179.1
B26: 마 감 재 고 | G26: [단위:리터/원] | J26: 입 고 내 역 | O26: [단위:리터/원]
B27: 유종 | C27: 수량 | E27: 단가 | G27: 환산금액 | J27: 유종 | K27: 수량 | M27: 사입단가 | O27: 환산금액
B28: G | C28: 0 | E28: 0 | G28: 0 | J28: G | K28: 0 | M28: 0 | O28: 0
B29: K | C29: =$E$9-$D$23 -> 25252 | E29: =$G$9 -> 1061.6455 | G29: =C29*E29 -> 26808671 | J29: K | O29: =K29*M29 -> 0
B30: D | C30: =$E$10-$L$23 -> 171090 | E30: =$G$10 -> 1472.6944 | G30: =C30*E30 -> 2.5196329e+08 | J30: D | O30: =K30*M30 -> 0
B33: 복 합 단 가
B34: 유종 | C34: 수량 | E34: 금액 | G34: 복 합 단 가
B35: G | C35: 0 | E35: 0 | G35: 0
B36: K | C36: =$C$29+$K$29 -> 25252 | E36: =$G$29+$O$29 -> 26808671 | G36: =E36/C36 -> 1061.6455
B37: D | C37: =$C$30+$K$30 -> 171090 | E37: =$G$30+$O$30 -> 2.5196329e+08 | G37: =E37/C37 -> 1472.6944
B39: 재 고 현 황 | O39: [단위:리터/원]
C40: 전일 | F40: 금일 | N40: 복합단가 | O40: 증감
C41: 재고 | F41: 입고 | H41: 출고 | K41: 마 감 재 고 | M41: 재고율
B42: 휘발유
B43: 등 유 | C43: =SUM($E$9) -> 25252 | F43: =$K$29 -> 0 | H43: =$D$23 -> 0 | K43: =$C$43-$H$43+$F$43+$O$43 -> 25252 | M43: =SUM($K$43)/$D$9 -> 0.12626 | N43: =$G$36 -> 1061.6455
B44: 경 유 | C44: =SUM($E$10) -> 173940 | F44: =$K$30 -> 0 | H44: =$L$23 -> 2850 | K44: =$C$44-$H$44+$F$44+$O$44 -> 171090 | M44: =SUM($K$44)/D10 -> 0.427725 | N44: =$G$37 -> 1472.6944
G45: 복합단가의 재고수량과 단가는 보관물량 제외니 참고해주세요!

Sheet 1217
B1: ◈ KK저장소 복합단가 운영표 - 신도시저장소
B5: 이 월 재 고 | G5: [단위:리터/원]
B7: 유종 | D7: 탱크용량 | E7: 재고수량 | F7: 재고율 | G7: 단가
C8: G | D8: 0 | E8: 0 | F8: 0 | G8: 0
C9: K | D9: 200000 | E9: =SUM('1216'!$K$43:$L$43) -> 25252 | F9: =SUM(E9)/D9 -> 0.12626 | G9: =SUM('1216'!$N$43) -> 1061.6455
C10: D | D10: 400000 | E10: =SUM('1216'!$K$44:$L$44) -> 171090 | F10: =SUM(E10)/D10 -> 0.427725 | G10: =SUM('1216'!$N$44) -> 1472.6944
B13: 출고내역(K) | G13: [단위:리터/원] | J13: 출고내역(LD) | O13: [단위:리터/원]
B14: 유종 | C14: 일반매출(사내이관 포함) | J14: 유종 | K14: 일반매출(사내이관 포함)
C15: 거래처명 | D15: 수량 | E15: 출고단가 | F15: 재고단가 | G15: 단가차액 | H15: 이익 | K15: 거래처명 | L15: 수량 | M15: 출고단가 | N15: 재고단가 | O15: 단가차액 | P15: 이익
B16: 실내 등유 | F16: =IF(D16="","",(SUM($G$9))) | G16: =IF(D16="","",(SUM(E16)-F16)) | H16: =IF(D16="","",(D16*G16)) | J16: 경유 | L16: 3000 | N16: =IF(L16="","",($G$10)) -> 1472.6944 | O16: =IF(L16="","",(SUM(M16)-N16)) -> -1472.6944 | P16: =IF(L16="","",(L16*O16)) -> -4418083.2
F17: =IF(D17="","",(SUM($G$9))) | G17: =IF(D17="","",(SUM(E17)-F17)) | H17: =IF(D17="","",(D17*G17)) | N17: =IF(L17="","",($G$10)) | O17: =IF(L17="","",(SUM(M17)-N17)) | P17: =IF(L17="","",(L17*O17))
F18: =IF(D18="","",(SUM($G$9))) | G18: =IF(D18="","",(SUM(E18)-F18)) | H18: =IF(D18="","",(D18*G18)) | N18: =IF(L18="","",($G$10)) | O18: =IF(L18="","",(SUM(M18)-N18)) | P18: =IF(L18="","",(L18*O18))
F19: =IF(D19="","",(SUM($G$9))) | G19: =IF(D19="","",(SUM(E19)-F19)) | H19: =IF(D19="","",(D19*G19)) | N19: =IF(L19="","",($G$10)) | O19: =IF(L19="","",(SUM(M19)-N19)) | P19: =IF(L19="","",(L19*O19))
F20: =IF(D20="","",(SUM($G$9))) | G20: =IF(D20="","",(SUM(E20)-F20)) | H20: =IF(D20="","",(D20*G20)) | N20: =IF(L20="","",($G$10)) | O20: =IF(L20="","",(SUM(M20)-N20)) | P20: =IF(L20="","",(L20*O20))
F21: =IF(D21="","",(SUM($G$9))) | G21: =IF(D21="","",(SUM(E21)-F21)) | H21: =IF(D21="","",(D21*G21)) | N21: =IF(L21="","",($G$10)) | O21: =IF(L21="","",(SUM(M21)-N21)) | P21: =IF(L21="","",(L21*O21))
F22: =IF(D22="","",(SUM($G$9))) | G22: =IF(D22="","",(SUM(E22)-F22)) | H22: =IF(D22="","",(D22*G22)) | N22: =IF(L22="","",($G$10)) | O22: =IF(L22="","",(SUM(M22)-N22)) | P22: =IF(L22="","",(L22*O22))
B23: 소 계 | D23: =SUM(D16:D22) -> 0 | H23: =SUM(H16:H22) -> 0 | J23: 소 계 | L23: =SUM(L16:L22) -> 3000 | P23: =SUM(P16:P22) -> -4418083.2
B26: 마 감 재 고 | G26: [단위:리터/원] | J26: 입 고 내 역 | O26: [단위:리터/원]
B27: 유종 | C27: 수량 | E27: 단가 | G27: 환산금액 | J27: 유종 | K27: 수량 | M27: 사입단가 | O27: 환산금액
B28: G | C28: 0 | E28: 0 | G28: 0 | J28: G | K28: 0 | M28: 0 | O28: 0
B29: K | C29: =$E$9-$D$23 -> 25252 | E29: =$G$9 -> 1061.6455 | G29: =C29*E29 -> 26808671 | J29: K | O29: =K29*M29 -> 0
B30: D | C30: =$E$10-$L$23 -> 168090 | E30: =$G$10 -> 1472.6944 | G30: =C30*E30 -> 2.475452e+08 | J30: D | O30: =K30*M30 -> 0
B33: 복 합 단 가
B34: 유종 | C34: 수량 | E34: 금액 | G34: 복 합 단 가
B35: G | C35: 0 | E35: 0 | G35: 0
B36: K | C36: =$C$29+$K$29 -> 25252 | E36: =$G$29+$O$29 -> 26808671 | G36: =E36/C36 -> 1061.6455
B37: D | C37: =$C$30+$K$30 -> 168090 | E37: =$G$30+$O$30 -> 2.475452e+08 | G37: =E37/C37 -> 1472.6944
B39: 재 고 현 황 | O39: [단위:리터/원]
C40: 전일 | F40: 금일 | N40: 복합단가 | O40: 증감
C41: 재고 | F41: 입고 | H41: 출고 | K41: 마 감 재 고 | M41: 재고율
B42: 휘발유
B43: 등 유 | C43: =SUM($E$9) -> 25252 | F43: =$K$29 -> 0 | H43: =$D$23 -> 0 | K43: =$C$43-$H$43+$F$43+$O$43 -> 25252 | M43: =SUM($K$43)/$D$9 -> 0.12626 | N43: =$G$36 -> 1061.6455
B44: 경 유 | C44: =SUM($E$10) -> 171090 | F44: =$K$30 -> 0 | H44: =$L$23 -> 3000 | K44: =$C$44-$H$44+$F$44+$O$44 -> 168090 | M44: =SUM($K$44)/D10 -> 0.420225 | N44: =$G$37 -> 1472.6944
G45: 복합단가의 재고수량과 단가는 보관물량 제외니 참고해주세요!

Sheet 1219
B1: ◈ KK저장소 복합단가 운영표 - 신도시저장소
B5: 이 월 재 고 | G5: [단위:리터/원]
B7: 유종 | D7: 탱크용량 | E7: 재고수량 | F7: 재고율 | G7: 단가
C8: G | D8: 0 | E8: 0 | F8: 0 | G8: 0
C9: K | D9: 200000 | E9: =SUM('1217'!$K$43:$L$43) -> 25252 | F9: =SUM(E9)/D9 -> 0.12626 | G9: =SUM('1217'!$N$43) -> 1061.6455
C10: D | D10: 400000 | E10: =SUM('1217'!$K$44:$L$44) -> 168090 | F10: =SUM(E10)/D10 -> 0.420225 | G10: =SUM('1217'!$N$44) -> 1472.6944
B13: 출고내역(K) | G13: [단위:리터/원] | J13: 출고내역(LD) | O13: [단위:리터/원]
B14: 유종 | C14: 일반매출(사내이관 포함) | J14: 유종 | K14: 일반매출(사내이관 포함)
C15: 거래처명 | D15: 수량 | E15: 출고단가 | F15: 재고단가 | G15: 단가차액 | H15: 이익 | K15: 거래처명 | L15: 수량 | M15: 출고단가 | N15: 재고단가 | O15: 단가차액 | P15: 이익
B16: 실내 등유 | F16: =IF(D16="","",(SUM($G$9))) | G16: =IF(D16="","",(SUM(E16)-F16)) | H16: =IF(D16="","",(D16*G16)) | J16: 경유 | K16: 고아농협 | L16: 2700 | N16: =IF(L16="","",($G$10)) -> 1472.6944 | O16: =IF(L16="","",(SUM(M16)-N16)) -> -1472.6944 | P16: =IF(L16="","",(L16*O16)) -> -3976274.9
F17: =IF(D17="","",(SUM($G$9))) | G17: =IF(D17="","",(SUM(E17)-F17)) | H17: =IF(D17="","",(D17*G17)) | N17: =IF(L17="","",($G$10)) | O17: =IF(L17="","",(SUM(M17)-N17)) | P17: =IF(L17="","",(L17*O17))
F18: =IF(D18="","",(SUM($G$9))) | G18: =IF(D18="","",(SUM(E18)-F18)) | H18: =IF(D18="","",(D18*G18)) | N18: =IF(L18="","",($G$10)) | O18: =IF(L18="","",(SUM(M18)-N18)) | P18: =IF(L18="","",(L18*O18))
F19: =IF(D19="","",(SUM($G$9))) | G19: =IF(D19="","",(SUM(E19)-F19)) | H19: =IF(D19="","",(D19*G19)) | N19: =IF(L19="","",($G$10)) | O19: =IF(L19="","",(SUM(M19)-N19)) | P19: =IF(L19="","",(L19*O19))
F20: =IF(D20="","",(SUM($G$9))) | G20: =IF(D20="","",(SUM(E20)-F20)) | H20: =IF(D20="","",(D20*G20)) | N20: =IF(L20="","",($G$10)) | O20: =IF(L20="","",(SUM(M20)-N20)) | P20: =IF(L20="","",(L20*O20))
F21: =IF(D21="","",(SUM($G$9))) | G21: =IF(D21="","",(SUM(E21)-F21)) | H21: =IF(D21="","",(D21*G21)) | N21: =IF(L21="","",($G$10)) | O21: =IF(L21="","",(SUM(M21)-N21)) | P21: =IF(L21="","",(L21*O21))
F22: =IF(D22="","",(SUM($G$9))) | G22: =IF(D22="","",(SUM(E22)-F22)) | H22: =IF(D22="","",(D22*G22)) | N22: =IF(L22="","",($G$10)) | O22: =IF(L22="","",(SUM(M22)-N22)) | P22: =IF(L22="","",(L22*O22))
B23: 소 계 | D23: =SUM(D16:D22) -> 0 | H23: =SUM(H16:H22) -> 0 | J23: 소 계 | L23: =SUM(L16:L22) -> 2700 | P23: =SUM(P16:P22) -> -3976274.9
B26: 마 감 재 고 | G26: [단위:리터/원] | J26: 입 고 내 역 | O26: [단위:리터/원]
B27: 유종 | C27: 수량 | E27: 단가 | G27: 환산금액 | J27: 유종 | K27: 수량 | M27: 사입단가 | O27: 환산금액
B28: G | C28: 0 | E28: 0 | G28: 0 | J28: G | K28: 0 | M28: 0 | O28: 0
B29: K | C29: =$E$9-$D$23 -> 25252 | E29: =$G$9 -> 1061.6455 | G29: =C29*E29 -> 26808671 | J29: K | O29: =K29*M29 -> 0
B30: D | C30: =$E$10-$L$23 -> 165390 | E30: =$G$10 -> 1472.6944 | G30: =C30*E30 -> 2.4356893e+08 | J30: D | O30: =K30*M30 -> 0
B33: 복 합 단 가
B34: 유종 | C34: 수량 | E34: 금액 | G34: 복 합 단 가
B35: G | C35: 0 | E35: 0 | G35: 0
B36: K | C36: =$C$29+$K$29 -> 25252 | E36: =$G$29+$O$29 -> 26808671 | G36: =E36/C36 -> 1061.6455
B37: D | C37: =$C$30+$K$30 -> 165390 | E37: =$G$30+$O$30 -> 2.4356893e+08 | G37: =E37/C37 -> 1472.6944
B39: 재 고 현 황 | O39: [단위:리터/원]
C40: 전일 | F40: 금일 | N40: 복합단가 | O40: 증감
C41: 재고 | F41: 입고 | H41: 출고 | K41: 마 감 재 고 | M41: 재고율
B42: 휘발유
B43: 등 유 | C43: =SUM($E$9) -> 25252 | F43: =$K$29 -> 0 | H43: =$D$23 -> 0 | K43: =$C$43-$H$43+$F$43+$O$43 -> 24174 | M43: =SUM($K$43)/$D$9 -> 0.12087 | N43: =$G$36 -> 1061.6455 | O43: -1078
B44: 경 유 | C44: =SUM($E$10) -> 168090 | F44: =$K$30 -> 0 | H44: =$L$23 -> 2700 | K44: =$C$44-$H$44+$F$44+$O$44 -> 162794 | M44: =SUM($K$44)/D10 -> 0.406985 | N44: =$G$37 -> 1472.6944 | O44: -2596
G45: 복합단가의 재고수량과 단가는 보관물량 제외니 참고해주세요!

Sheet 1224
B1: ◈ KK저장소 복합단가 운영표 - 신도시저장소
B5: 이 월 재 고 | G5: [단위:리터/원]
B7: 유종 | D7: 탱크용량 | E7: 재고수량 | F7: 재고율 | G7: 단가
C8: G | D8: 0 | E8: 0 | F8: 0 | G8: 0
C9: K | D9: 200000 | E9: =SUM('1219'!$K$43:$L$43) -> 24174 | F9: =SUM(E9)/D9 -> 0.12087 | G9: =SUM('1219'!$N$43) -> 1061.6455
C10: D | D10: 400000 | E10: =SUM('1219'!$K$44:$L$44) -> 162794 | F10: =SUM(E10)/D10 -> 0.406985 | G10: =SUM('1219'!$N$44) -> 1472.6944
B13: 출고내역(K) | G13: [단위:리터/원] | J13: 출고내역(LD) | O13: [단위:리터/원]
B14: 유종 | C14: 일반매출(사내이관 포함) | J14: 유종 | K14: 일반매출(사내이관 포함)
C15: 거래처명 | D15: 수량 | E15: 출고단가 | F15: 재고단가 | G15: 단가차액 | H15: 이익 | K15: 거래처명 | L15: 수량 | M15: 출고단가 | N15: 재고단가 | O15: 단가차액 | P15: 이익
B16: 실내 등유 | F16: =IF(D16="","",(SUM($G$9))) | G16: =IF(D16="","",(SUM(E16)-F16)) | H16: =IF(D16="","",(D16*G16)) | J16: 경유 | K16: 경천 | L16: 32000 | N16: =IF(L16="","",($G$10)) -> 1472.6944 | O16: =IF(L16="","",(SUM(M16)-N16)) -> -1472.6944 | P16: =IF(L16="","",(L16*O16)) -> -47126221
F17: =IF(D17="","",(SUM($G$9))) | G17: =IF(D17="","",(SUM(E17)-F17)) | H17: =IF(D17="","",(D17*G17)) | K17: 고아농협 | L17: 2330 | N17: =IF(L17="","",($G$10)) -> 1472.6944 | O17: =IF(L17="","",(SUM(M17)-N17)) -> -1472.6944 | P17: =IF(L17="","",(L17*O17)) -> -3431378
F18: =IF(D18="","",(SUM($G$9))) | G18: =IF(D18="","",(SUM(E18)-F18)) | H18: =IF(D18="","",(D18*G18)) | N18: =IF(L18="","",($G$10)) | O18: =IF(L18="","",(SUM(M18)-N18)) | P18: =IF(L18="","",(L18*O18))
F19: =IF(D19="","",(SUM($G$9))) | G19: =IF(D19="","",(SUM(E19)-F19)) | H19: =IF(D19="","",(D19*G19)) | N19: =IF(L19="","",($G$10)) | O19: =IF(L19="","",(SUM(M19)-N19)) | P19: =IF(L19="","",(L19*O19))
F20: =IF(D20="","",(SUM($G$9))) | G20: =IF(D20="","",(SUM(E20)-F20)) | H20: =IF(D20="","",(D20*G20)) | N20: =IF(L20="","",($G$10)) | O20: =IF(L20="","",(SUM(M20)-N20)) | P20: =IF(L20="","",(L20*O20))
F21: =IF(D21="","",(SUM($G$9))) | G21: =IF(D21="","",(SUM(E21)-F21)) | H21: =IF(D21="","",(D21*G21)) | N21: =IF(L21="","",($G$10)) | O21: =IF(L21="","",(SUM(M21)-N21)) | P21: =IF(L21="","",(L21*O21))
F22: =IF(D22="","",(SUM($G$9))) | G22: =IF(D22="","",(SUM(E22)-F22)) | H22: =IF(D22="","",(D22*G22)) | N22: =IF(L22="","",($G$10)) | O22: =IF(L22="","",(SUM(M22)-N22)) | P22: =IF(L22="","",(L22*O22))
B23: 소 계 | D23: =SUM(D16:D22) -> 0 | H23: =SUM(H16:H22) -> 0 | J23: 소 계 | L23: =SUM(L16:L22) -> 34330 | P23: =SUM(P16:P22) -> -50557599
B26: 마 감 재 고 | G26: [단위:리터/원] | J26: 입 고 내 역 | O26: [단위:리터/원]
B27: 유종 | C27: 수량 | E27: 단가 | G27: 환산금액 | J27: 유종 | K27: 수량 | M27: 사입단가 | O27: 환산금액
B28: G | C28: 0 | E28: 0 | G28: 0 | J28: G | K28: 0 | M28: 0 | O28: 0
B29: K | C29: =$E$9-$D$23 -> 24174 | E29: =$G$9 -> 1061.6455 | G29: =C29*E29 -> 25664218 | J29: K | O29: =K29*M29 -> 0
B30: D | C30: =$E$10-$L$23 -> 128464 | E30: =$G$10 -> 1472.6944 | G30: =C30*E30 -> 1.8918821e+08 | J30: D | O30: =K30*M30 -> 0
B33: 복 합 단 가
B34: 유종 | C34: 수량 | E34: 금액 | G34: 복 합 단 가
B35: G | C35: 0 | E35: 0 | G35: 0
B36: K | C36: =$C$29+$K$29 -> 24174 | E36: =$G$29+$O$29 -> 25664218 | G36: =E36/C36 -> 1061.6455
B37: D | C37: =$C$30+$K$30 -> 128464 | E37: =$G$30+$O$30 -> 1.8918821e+08 | G37: =E37/C37 -> 1472.6944
B39: 재 고 현 황 | O39: [단위:리터/원]
C40: 전일 | F40: 금일 | N40: 복합단가 | O40: 증감
C41: 재고 | F41: 입고 | H41: 출고 | K41: 마 감 재 고 | M41: 재고율
B42: 휘발유
B43: 등 유 | C43: =SUM($E$9) -> 24174 | F43: =$K$29 -> 0 | H43: =$D$23 -> 0 | K43: =$C$43-$H$43+$F$43+$O$43 -> 24174 | M43: =SUM($K$43)/$D$9 -> 0.12087 | N43: =$G$36 -> 1061.6455
B44: 경 유 | C44: =SUM($E$10) -> 162794 | F44: =$K$30 -> 0 | H44: =$L$23 -> 34330 | K44: =$C$44-$H$44+$F$44+$O$44 -> 128464 | M44: =SUM($K$44)/D10 -> 0.32116 | N44: =$G$37 -> 1472.6944
G45: 복합단가의 재고수량과 단가는 보관물량 제외니 참고해주세요!

Sheet 1228
B1: ◈ KK저장소 복합단가 운영표 - 신도시저장소
B5: 이 월 재 고 | G5: [단위:리터/원]
B7: 유종 | D7: 탱크용량 | E7: 재고수량 | F7: 재고율 | G7: 단가
C8: G | D8: 0 | E8: 0 | F8: 0 | G8: 0
C9: K | D9: 200000 | E9: =SUM('1224'!$K$43:$L$43) -> 24174 | F9: =SUM(E9)/D9 -> 0.12087 | G9: =SUM('1224'!$N$43) -> 1061.6455
C10: D | D10: 400000 | E10: =SUM('1224'!$K$44:$L$44) -> 128464 | F10: =SUM(E10)/D10 -> 0.32116 | G10: =SUM('1224'!$N$44) -> 1472.6944
B13: 출고내역(K) | G13: [단위:리터/원] | J13: 출고내역(LD) | O13: [단위:리터/원]
B14: 유종 | C14: 일반매출(사내이관 포함) | J14: 유종 | K14: 일반매출(사내이관 포함)
C15: 거래처명 | D15: 수량 | E15: 출고단가 | F15: 재고단가 | G15: 단가차액 | H15: 이익 | K15: 거래처명 | L15: 수량 | M15: 출고단가 | N15: 재고단가 | O15: 단가차액 | P15: 이익
B16: 실내 등유 | F16: =IF(D16="","",(SUM($G$9))) | G16: =IF(D16="","",(SUM(E16)-F16)) | H16: =IF(D16="","",(D16*G16)) | J16: 경유 | N16: =IF(L16="","",($G$10)) | O16: =IF(L16="","",(SUM(M16)-N16)) | P16: =IF(L16="","",(L16*O16))
F17: =IF(D17="","",(SUM($G$9))) | G17: =IF(D17="","",(SUM(E17)-F17)) | H17: =IF(D17="","",(D17*G17)) | N17: =IF(L17="","",($G$10)) | O17: =IF(L17="","",(SUM(M17)-N17)) | P17: =IF(L17="","",(L17*O17))
F18: =IF(D18="","",(SUM($G$9))) | G18: =IF(D18="","",(SUM(E18)-F18)) | H18: =IF(D18="","",(D18*G18)) | N18: =IF(L18="","",($G$10)) | O18: =IF(L18="","",(SUM(M18)-N18)) | P18: =IF(L18="","",(L18*O18))
F19: =IF(D19="","",(SUM($G$9))) | G19: =IF(D19="","",(SUM(E19)-F19)) | H19: =IF(D19="","",(D19*G19)) | N19: =IF(L19="","",($G$10)) | O19: =IF(L19="","",(SUM(M19)-N19)) | P19: =IF(L19="","",(L19*O19))
F20: =IF(D20="","",(SUM($G$9))) | G20: =IF(D20="","",(SUM(E20)-F20)) | H20: =IF(D20="","",(D20*G20)) | N20: =IF(L20="","",($G$10)) | O20: =IF(L20="","",(SUM(M20)-N20)) | P20: =IF(L20="","",(L20*O20))
F21: =IF(D21="","",(SUM($G$9))) | G21: =IF(D21="","",(SUM(E21)-F21)) | H21: =IF(D21="","",(D21*G21)) | N21: =IF(L21="","",($G$10)) | O21: =IF(L21="","",(SUM(M21)-N21)) | P21: =IF(L21="","",(L21*O21))
F22: =IF(D22="","",(SUM($G$9))) | G22: =IF(D22="","",(SUM(E22)-F22)) | H22: =IF(D22="","",(D22*G22)) | N22: =IF(L22="","",($G$10)) | O22: =IF(L22="","",(SUM(M22)-N22)) | P22: =IF(L22="","",(L22*O22))
B23: 소 계 | D23: =SUM(D16:D22) -> 0 | H23: =SUM(H16:H22) -> 0 | J23: 소 계 | L23: =SUM(L16:L22) -> 0 | P23: =SUM(P16:P22) -> 0
B26: 마 감 재 고 | G26: [단위:리터/원] | J26: 입 고 내 역 | O26: [단위:리터/원]
B27: 유종 | C27: 수량 | E27: 단가 | G27: 환산금액 | J27: 유종 | K27: 수량 | M27: 사입단가 | O27: 환산금액
B28: G | C28: 0 | E28: 0 | G28: 0 | J28: G | K28: 0 | M28: 0 | O28: 0
B29: K | C29: =$E$9-$D$23 -> 24174 | E29: =$G$9 -> 1061.6455 | G29: =C29*E29 -> 25664218 | J29: K | K29: 32000 | M29: 999.5 | O29: =K29*M29 -> 31984000
B30: D | C30: =$E$10-$L$23 -> 128464 | E30: =$G$10 -> 1472.6944 | G30: =C30*E30 -> 1.8918821e+08 | J30: D | K30: 88000 | M30: 1453.1 | O30: =K30*M30 -> 1.278728e+08
B33: 복 합 단 가
B34: 유종 | C34: 수량 | E34: 금액 | G34: 복 합 단 가
B35: G | C35: 0 | E35: 0 | G35: 0
B36: K | C36: =$C$29+$K$29 -> 56174 | E36: =$G$29+$O$29 -> 57648218 | G36: =E36/C36 -> 1026.2438
B37: D | C37: =$C$30+$K$30 -> 216464 | E37: =$G$30+$O$30 -> 3.1706101e+08 | G37: =E37/C37 -> 1464.7286
B39: 재 고 현 황 | O39: [단위:리터/원]
C40: 전일 | F40: 금일 | N40: 복합단가 | O40: 증감
C41: 재고 | F41: 입고 | H41: 출고 | K41: 마 감 재 고 | M41: 재고율
B42: 휘발유
B43: 등 유 | C43: =SUM($E$9) -> 24174 | F43: =$K$29 -> 32000 | H43: =$D$23 -> 0 | K43: =$C$43-$H$43+$F$43+$O$43 -> 56174 | M43: =SUM($K$43)/$D$9 -> 0.28087 | N43: =$G$36 -> 1026.2438
B44: 경 유 | C44: =SUM($E$10) -> 128464 | F44: =$K$30 -> 88000 | H44: =$L$23 -> 0 | K44: =$C$44-$H$44+$F$44+$O$44 -> 216464 | M44: =SUM($K$44)/D10 -> 0.54116 | N44: =$G$37 -> 1464.7286
G45: 복합단가의 재고수량과 단가는 보관물량 제외니 참고해주세요!

Sheet 1230
B1: ◈ KK저장소 복합단가 운영표 - 신도시저장소
B5: 이 월 재 고 | G5: [단위:리터/원]
B7: 유종 | D7: 탱크용량 | E7: 재고수량 | F7: 재고율 | G7: 단가
C8: G | D8: 0 | E8: 0 | F8: 0 | G8: 0
C9: K | D9: 200000 | E9: =SUM('1228'!$K$43:$L$43) -> 56174 | F9: =SUM(E9)/D9 -> 0.28087 | G9: =SUM('1228'!$N$43) -> 1026.2438
C10: D | D10: 400000 | E10: =SUM('1228'!$K$44:$L$44) -> 216464 | F10: =SUM(E10)/D10 -> 0.54116 | G10: =SUM('1228'!$N$44) -> 1464.7286
B13: 출고내역(K) | G13: [단위:리터/원] | J13: 출고내역(LD) | O13: [단위:리터/원]
B14: 유종 | C14: 일반매출(사내이관 포함) | J14: 유종 | K14: 일반매출(사내이관 포함)
C15: 거래처명 | D15: 수량 | E15: 출고단가 | F15: 재고단가 | G15: 단가차액 | H15: 이익 | K15: 거래처명 | L15: 수량 | M15: 출고단가 | N15: 재고단가 | O15: 단가차액 | P15: 이익
B16: 실내 등유 | F16: =IF(D16="","",(SUM($G$9))) | G16: =IF(D16="","",(SUM(E16)-F16)) | H16: =IF(D16="","",(D16*G16)) | J16: 경유 | K16: 고아농협 | L16: 3000 | N16: =IF(L16="","",($G$10)) -> 1464.7286 | O16: =IF(L16="","",(SUM(M16)-N16)) -> -1464.7286 | P16: =IF(L16="","",(L16*O16)) -> -4394185.8
F17: =IF(D17="","",(SUM($G$9))) | G17: =IF(D17="","",(SUM(E17)-F17)) | H17: =IF(D17="","",(D17*G17)) | N17: =IF(L17="","",($G$10)) | O17: =IF(L17="","",(SUM(M17)-N17)) | P17: =IF(L17="","",(L17*O17))
F18: =IF(D18="","",(SUM($G$9))) | G18: =IF(D18="","",(SUM(E18)-F18)) | H18: =IF(D18="","",(D18*G18)) | N18: =IF(L18="","",($G$10)) | O18: =IF(L18="","",(SUM(M18)-N18)) | P18: =IF(L18="","",(L18*O18))
F19: =IF(D19="","",(SUM($G$9))) | G19: =IF(D19="","",(SUM(E19)-F19)) | H19: =IF(D19="","",(D19*G19)) | N19: =IF(L19="","",($G$10)) | O19: =IF(L19="","",(SUM(M19)-N19)) | P19: =IF(L19="","",(L19*O19))
F20: =IF(D20="","",(SUM($G$9))) | G20: =IF(D20="","",(SUM(E20)-F20)) | H20: =IF(D20="","",(D20*G20)) | N20: =IF(L20="","",($G$10)) | O20: =IF(L20="","",(SUM(M20)-N20)) | P20: =IF(L20="","",(L20*O20))
F21: =IF(D21="","",(SUM($G$9))) | G21: =IF(D21="","",(SUM(E21)-F21)) | H21: =IF(D21="","",(D21*G21)) | N21: =IF(L21="","",($G$10)) | O21: =IF(L21="","",(SUM(M21)-N21)) | P21: =IF(L21="","",(L21*O21))
F22: =IF(D22="","",(SUM($G$9))) | G22: =IF(D22="","",(SUM(E22)-F22)) | H22: =IF(D22="","",(D22*G22)) | N22: =IF(L22="","",($G$10)) | O22: =IF(L22="","",(SUM(M22)-N22)) | P22: =IF(L22="","",(L22*O22))
B23: 소 계 | D23: =SUM(D16:D22) -> 0 | H23: =SUM(H16:H22) -> 0 | J23: 소 계 | L23: =SUM(L16:L22) -> 3000 | P23: =SUM(P16:P22) -> -4394185.8
B26: 마 감 재 고 | G26: [단위:리터/원] | J26: 입 고 내 역 | O26: [단위:리터/원]
B27: 유종 | C27: 수량 | E27: 단가 | G27: 환산금액 | J27: 유종 | K27: 수량 | M27: 사입단가 | O27: 환산금액
B28: G | C28: 0 | E28: 0 | G28: 0 | J28: G | K28: 0 | M28: 0 | O28: 0
B29: K | C29: =$E$9-$D$23 -> 56174 | E29: =$G$9 -> 1026.2438 | G29: =C29*E29 -> 57648218 | J29: K | O29: =K29*M29 -> 0
B30: D | C30: =$E$10-$L$23 -> 213464 | E30: =$G$10 -> 1464.7286 | G30: =C30*E30 -> 3.1266683e+08 | J30: D | O30: =K30*M30 -> 0
B33: 복 합 단 가
B34: 유종 | C34: 수량 | E34: 금액 | G34: 복 합 단 가
B35: G | C35: 0 | E35: 0 | G35: 0
B36: K | C36: =$C$29+$K$29 -> 56174 | E36: =$G$29+$O$29 -> 57648218 | G36: =E36/C36 -> 1026.2438
B37: D | C37: =$C$30+$K$30 -> 213464 | E37: =$G$30+$O$30 -> 3.1266683e+08 | G37: =E37/C37 -> 1464.7286
B39: 재 고 현 황 | O39: [단위:리터/원]
C40: 전일 | F40: 금일 | N40: 복합단가 | O40: 증감
C41: 재고 | F41: 입고 | H41: 출고 | K41: 마 감 재 고 | M41: 재고율
B42: 휘발유
B43: 등 유 | C43: =SUM($E$9) -> 56174 | F43: =$K$29 -> 0 | H43: =$D$23 -> 0 | K43: =$C$43-$H$43+$F$43+$O$43 -> 56174 | M43: =SUM($K$43)/$D$9 -> 0.28087 | N43: =$G$36 -> 1026.2438
B44: 경 유 | C44: =SUM($E$10) -> 216464 | F44: =$K$30 -> 0 | H44: =$L$23 -> 3000 | K44: =$C$44-$H$44+$F$44+$O$44 -> 213464 | M44: =SUM($K$44)/D10 -> 0.53366 | N44: =$G$37 -> 1464.7286
G45: 복합단가의 재고수량과 단가는 보관물량 제외니 참고해주세요!

Sheet 0105
B1: ◈ KK저장소 복합단가 운영표 - 신도시저장소
B5: 이 월 재 고 | G5: [단위:리터/원]
B7: 유종 | D7: 탱크용량 | E7: 재고수량 | F7: 재고율 | G7: 단가
C8: G | D8: 0 | E8: 0 | F8: 0 | G8: 0
C9: K | D9: 200000 | E9: =SUM('1230'!$K$43:$L$43) -> 56174 | F9: =SUM(E9)/D9 -> 0.28087 | G9: =SUM('1230'!$N$43) -> 1026.2438
C10: D | D10: 400000 | E10: =SUM('1230'!$K$44:$L$44) -> 213464 | F10: =SUM(E10)/D10 -> 0.53366 | G10: =SUM('1230'!$N$44) -> 1464.7286
B13: 출고내역(K) | G13: [단위:리터/원] | J13: 출고내역(LD) | O13: [단위:리터/원]
B14: 유종 | C14: 일반매출(사내이관 포함) | J14: 유종 | K14: 일반매출(사내이관 포함)
C15: 거래처명 | D15: 수량 | E15: 출고단가 | F15: 재고단가 | G15: 단가차액 | H15: 이익 | K15: 거래처명 | L15: 수량 | M15: 출고단가 | N15: 재고단가 | O15: 단가차액 | P15: 이익
B16: 실내 등유 | C16: 일호셀프 | D16: 28000 | F16: =IF(D16="","",(SUM($G$9))) -> 1026.2438 | G16: =IF(D16="","",(SUM(E16)-F16)) -> -1026.2438 | H16: =IF(D16="","",(D16*G16)) -> -28734826 | J16: 경유 | K16: 성서고속 | L16: 24000 | N16: =IF(L16="","",($G$10)) -> 1464.7286 | O16: =IF(L16="","",(SUM(M16)-N16)) -> -1464.7286 | P16: =IF(L16="","",(L16*O16)) -> -35153487
C17: 성서고속 | D17: 4000 | F17: =IF(D17="","",(SUM($G$9))) -> 1026.2438 | G17: =IF(D17="","",(SUM(E17)-F17)) -> -1026.2438 | H17: =IF(D17="","",(D17*G17)) -> -4104975.1 | N17: =IF(L17="","",($G$10)) | O17: =IF(L17="","",(SUM(M17)-N17)) | P17: =IF(L17="","",(L17*O17))
F18: =IF(D18="","",(SUM($G$9))) | G18: =IF(D18="","",(SUM(E18)-F18)) | H18: =IF(D18="","",(D18*G18)) | N18: =IF(L18="","",($G$10)) | O18: =IF(L18="","",(SUM(M18)-N18)) | P18: =IF(L18="","",(L18*O18))
F19: =IF(D19="","",(SUM($G$9))) | G19: =IF(D19="","",(SUM(E19)-F19)) | H19: =IF(D19="","",(D19*G19)) | N19: =IF(L19="","",($G$10)) | O19: =IF(L19="","",(SUM(M19)-N19)) | P19: =IF(L19="","",(L19*O19))
F20: =IF(D20="","",(SUM($G$9))) | G20: =IF(D20="","",(SUM(E20)-F20)) | H20: =IF(D20="","",(D20*G20)) | N20: =IF(L20="","",($G$10)) | O20: =IF(L20="","",(SUM(M20)-N20)) | P20: =IF(L20="","",(L20*O20))
F21: =IF(D21="","",(SUM($G$9))) | G21: =IF(D21="","",(SUM(E21)-F21)) | H21: =IF(D21="","",(D21*G21)) | N21: =IF(L21="","",($G$10)) | O21: =IF(L21="","",(SUM(M21)-N21)) | P21: =IF(L21="","",(L21*O21))
F22: =IF(D22="","",(SUM($G$9))) | G22: =IF(D22="","",(SUM(E22)-F22)) | H22: =IF(D22="","",(D22*G22)) | N22: =IF(L22="","",($G$10)) | O22: =IF(L22="","",(SUM(M22)-N22)) | P22: =IF(L22="","",(L22*O22))
B23: 소 계 | D23: =SUM(D16:D22) -> 32000 | H23: =SUM(H16:H22) -> -32839801 | J23: 소 계 | L23: =SUM(L16:L22) -> 24000 | P23: =SUM(P16:P22) -> -35153487
B26: 마 감 재 고 | G26: [단위:리터/원] | J26: 입 고 내 역 | O26: [단위:리터/원]
B27: 유종 | C27: 수량 | E27: 단가 | G27: 환산금액 | J27: 유종 | K27: 수량 | M27: 사입단가 | O27: 환산금액
B28: G | C28: 0 | E28: 0 | G28: 0 | J28: G | K28: 0 | M28: 0 | O28: 0
B29: K | C29: =$E$9-$D$23 -> 24174 | E29: =$G$9 -> 1026.2438 | G29: =C29*E29 -> 24808417 | J29: K | O29: =K29*M29 -> 0
B30: D | C30: =$E$10-$L$23 -> 189464 | E30: =$G$10 -> 1464.7286 | G30: =C30*E30 -> 2.7751334e+08 | J30: D | O30: =K30*M30 -> 0
B33: 복 합 단 가
B34: 유종 | C34: 수량 | E34: 금액 | G34: 복 합 단 가
B35: G | C35: 0 | E35: 0 | G35: 0
B36: K | C36: =$C$29+$K$29 -> 24174 | E36: =$G$29+$O$29-K36 -> 24384044 | G36: =E36/C36 -> 1008.6888 | K36: 424372.88 | L36: <<11월, 12월 경질유 인센
B37: D | C37: =$C$30+$K$30 -> 189464 | E37: =$G$30+$O$30 -> 2.7751334e+08 | G37: =E37/C37 -> 1464.7286
B39: 재 고 현 황 | O39: [단위:리터/원]
C40: 전일 | F40: 금일 | N40: 복합단가 | O40: 증감
C41: 재고 | F41: 입고 | H41: 출고 | K41: 마 감 재 고 | M41: 재고율
B42: 휘발유
B43: 등 유 | C43: =SUM($E$9) -> 56174 | F43: =$K$29 -> 0 | H43: =$D$23 -> 32000 | K43: =$C$43-$H$43+$F$43+$O$43 -> 24174 | M43: =SUM($K$43)/$D$9 -> 0.12087 | N43: =$G$36 -> 1008.6888
B44: 경 유 | C44: =SUM($E$10) -> 213464 | F44: =$K$30 -> 0 | H44: =$L$23 -> 24000 | K44: =$C$44-$H$44+$F$44+$O$44 -> 189464 | M44: =SUM($K$44)/D10 -> 0.47366 | N44: =$G$37 -> 1464.7286
G45: 복합단가의 재고수량과 단가는 보관물량 제외니 참고해주세요!

Sheet 0113
B1: ◈ KK저장소 복합단가 운영표 - 신도시저장소
B5: 이 월 재 고 | G5: [단위:리터/원]
B7: 유종 | D7: 탱크용량 | E7: 재고수량 | F7: 재고율 | G7: 단가
C8: G | D8: 0 | E8: 0 | F8: 0 | G8: 0
C9: K | D9: 200000 | E9: =SUM('0105'!$K$43:$L$43) -> 24174 | F9: =SUM(E9)/D9 -> 0.12087 | G9: =SUM('0105'!$N$43) -> 1008.6888
C10: D | D10: 400000 | E10: =SUM('0105'!$K$44:$L$44) -> 189464 | F10: =SUM(E10)/D10 -> 0.47366 | G10: =SUM('0105'!$N$44) -> 1464.7286
B13: 출고내역(K) | G13: [단위:리터/원] | J13: 출고내역(LD) | O13: [단위:리터/원]
B14: 유종 | C14: 일반매출(사내이관 포함) | J14: 유종 | K14: 일반매출(사내이관 포함)
C15: 거래처명 | D15: 수량 | E15: 출고단가 | F15: 재고단가 | G15: 단가차액 | H15: 이익 | K15: 거래처명 | L15: 수량 | M15: 출고단가 | N15: 재고단가 | O15: 단가차액 | P15: 이익
B16: 실내 등유 | C16: 고아농협 | D16: 2400 | F16: =IF(D16="","",(SUM($G$9))) -> 1008.6888 | G16: =IF(D16="","",(SUM(E16)-F16)) -> -1008.6888 | H16: =IF(D16="","",(D16*G16)) -> -2420853.2 | J16: 경유 | N16: =IF(L16="","",($G$10)) | O16: =IF(L16="","",(SUM(M16)-N16)) | P16: =IF(L16="","",(L16*O16))
F17: =IF(D17="","",(SUM($G$9))) | G17: =IF(D17="","",(SUM(E17)-F17)) | H17: =IF(D17="","",(D17*G17)) | N17: =IF(L17="","",($G$10)) | O17: =IF(L17="","",(SUM(M17)-N17)) | P17: =IF(L17="","",(L17*O17))
F18: =IF(D18="","",(SUM($G$9))) | G18: =IF(D18="","",(SUM(E18)-F18)) | H18: =IF(D18="","",(D18*G18)) | N18: =IF(L18="","",($G$10)) | O18: =IF(L18="","",(SUM(M18)-N18)) | P18: =IF(L18="","",(L18*O18))
F19: =IF(D19="","",(SUM($G$9))) | G19: =IF(D19="","",(SUM(E19)-F19)) | H19: =IF(D19="","",(D19*G19)) | N19: =IF(L19="","",($G$10)) | O19: =IF(L19="","",(SUM(M19)-N19)) | P19: =IF(L19="","",(L19*O19))
F20: =IF(D20="","",(SUM($G$9))) | G20: =IF(D20="","",(SUM(E20)-F20)) | H20: =IF(D20="","",(D20*G20)) | N20: =IF(L20="","",($G$10)) | O20: =IF(L20="","",(SUM(M20)-N20)) | P20: =IF(L20="","",(L20*O20))
F21: =IF(D21="","",(SUM($G$9))) | G21: =IF(D21="","",(SUM(E21)-F21)) | H21: =IF(D21="","",(D21*G21)) | N21: =IF(L21="","",($G$10)) | O21: =IF(L21="","",(SUM(M21)-N21)) | P21: =IF(L21="","",(L21*O21))
F22: =IF(D22="","",(SUM($G$9))) | G22: =IF(D22="","",(SUM(E22)-F22)) | H22: =IF(D22="","",(D22*G22)) | N22: =IF(L22="","",($G$10)) | O22: =IF(L22="","",(SUM(M22)-N22)) | P22: =IF(L22="","",(L22*O22))
B23: 소 계 | D23: =SUM(D16:D22) -> 2400 | H23: =SUM(H16:H22) -> -2420853.2 | J23: 소 계 | L23: =SUM(L16:L22) -> 0 | P23: =SUM(P16:P22) -> 0
B26: 마 감 재 고 | G26: [단위:리터/원] | J26: 입 고 내 역 | O26: [단위:리터/원]
B27: 유종 | C27: 수량 | E27: 단가 | G27: 환산금액 | J27: 유종 | K27: 수량 | M27: 사입단가 | O27: 환산금액
B28: G | C28: 0 | E28: 0 | G28: 0 | J28: G | K28: 0 | M28: 0 | O28: 0
B29: K | C29: =$E$9-$D$23 -> 21774 | E29: =$G$9 -> 1008.6888 | G29: =C29*E29 -> 21963191 | J29: K | O29: =K29*M29 -> 0
B30: D | C30: =$E$10-$L$23 -> 189464 | E30: =$G$10 -> 1464.7286 | G30: =C30*E30 -> 2.7751334e+08 | J30: D | O30: =K30*M30 -> 0
B33: 복 합 단 가
B34: 유종 | C34: 수량 | E34: 금액 | G34: 복 합 단 가
B35: G | C35: 0 | E35: 0 | G35: 0
B36: K | C36: =$C$29+$K$29 -> 21774 | E36: =$G$29+$O$29 -> 21963191 | G36: =E36/C36 -> 1008.6888
B37: D | C37: =$C$30+$K$30 -> 189464 | E37: =$G$30+$O$30 -> 2.7751334e+08 | G37: =E37/C37 -> 1464.7286
B39: 재 고 현 황 | O39: [단위:리터/원]
C40: 전일 | F40: 금일 | N40: 복합단가 | O40: 증감
C41: 재고 | F41: 입고 | H41: 출고 | K41: 마 감 재 고 | M41: 재고율
B42: 휘발유
B43: 등 유 | C43: =SUM($E$9) -> 24174 | F43: =$K$29 -> 0 | H43: =$D$23 -> 2400 | K43: =$C$43-$H$43+$F$43+$O$43 -> 21774 | M43: =SUM($K$43)/$D$9 -> 0.10887 | N43: =$G$36 -> 1008.6888
B44: 경 유 | C44: =SUM($E$10) -> 189464 | F44: =$K$30 -> 0 | H44: =$L$23 -> 0 | K44: =$C$44-$H$44+$F$44+$O$44 -> 189464 | M44: =SUM($K$44)/D10 -> 0.47366 | N44: =$G$37 -> 1464.7286
G45: 복합단가의 재고수량과 단가는 보관물량 제외니 참고해주세요!

Sheet 0114
B1: ◈ KK저장소 복합단가 운영표 - 신도시저장소
B5: 이 월 재 고 | G5: [단위:리터/원]
B7: 유종 | D7: 탱크용량 | E7: 재고수량 | F7: 재고율 | G7: 단가
C8: G | D8: 0 | E8: 0 | F8: 0 | G8: 0
C9: K | D9: 200000 | E9: =SUM('0113'!$K$43:$L$43) -> 21774 | F9: =SUM(E9)/D9 -> 0.10887 | G9: =SUM('0113'!$N$43) -> 1008.6888
C10: D | D10: 400000 | E10: =SUM('0113'!$K$44:$L$44) -> 189464 | F10: =SUM(E10)/D10 -> 0.47366 | G10: =SUM('0113'!$N$44) -> 1464.7286
B13: 출고내역(K) | G13: [단위:리터/원] | J13: 출고내역(LD) | O13: [단위:리터/원]
B14: 유종 | C14: 일반매출(사내이관 포함) | J14: 유종 | K14: 일반매출(사내이관 포함)
C15: 거래처명 | D15: 수량 | E15: 출고단가 | F15: 재고단가 | G15: 단가차액 | H15: 이익 | K15: 거래처명 | L15: 수량 | M15: 출고단가 | N15: 재고단가 | O15: 단가차액 | P15: 이익
B16: 실내 등유 | C16: 고아농협 | D16: 5000 | F16: =IF(D16="","",(SUM($G$9))) -> 1008.6888 | G16: =IF(D16="","",(SUM(E16)-F16)) -> -1008.6888 | H16: =IF(D16="","",(D16*G16)) -> -5043444.2 | J16: 경유 | N16: =IF(L16="","",($G$10)) | O16: =IF(L16="","",(SUM(M16)-N16)) | P16: =IF(L16="","",(L16*O16))
F17: =IF(D17="","",(SUM($G$9))) | G17: =IF(D17="","",(SUM(E17)-F17)) | H17: =IF(D17="","",(D17*G17)) | N17: =IF(L17="","",($G$10)) | O17: =IF(L17="","",(SUM(M17)-N17)) | P17: =IF(L17="","",(L17*O17))
F18: =IF(D18="","",(SUM($G$9))) | G18: =IF(D18="","",(SUM(E18)-F18)) | H18: =IF(D18="","",(D18*G18)) | N18: =IF(L18="","",($G$10)) | O18: =IF(L18="","",(SUM(M18)-N18)) | P18: =IF(L18="","",(L18*O18))
F19: =IF(D19="","",(SUM($G$9))) | G19: =IF(D19="","",(SUM(E19)-F19)) | H19: =IF(D19="","",(D19*G19)) | N19: =IF(L19="","",($G$10)) | O19: =IF(L19="","",(SUM(M19)-N19)) | P19: =IF(L19="","",(L19*O19))
F20: =IF(D20="","",(SUM($G$9))) | G20: =IF(D20="","",(SUM(E20)-F20)) | H20: =IF(D20="","",(D20*G20)) | N20: =IF(L20="","",($G$10)) | O20: =IF(L20="","",(SUM(M20)-N20)) | P20: =IF(L20="","",(L20*O20))
F21: =IF(D21="","",(SUM($G$9))) | G21: =IF(D21="","",(SUM(E21)-F21)) | H21: =IF(D21="","",(D21*G21)) | N21: =IF(L21="","",($G$10)) | O21: =IF(L21="","",(SUM(M21)-N21)) | P21: =IF(L21="","",(L21*O21))
F22: =IF(D22="","",(SUM($G$9))) | G22: =IF(D22="","",(SUM(E22)-F22)) | H22: =IF(D22="","",(D22*G22)) | N22: =IF(L22="","",($G$10)) | O22: =IF(L22="","",(SUM(M22)-N22)) | P22: =IF(L22="","",(L22*O22))
B23: 소 계 | D23: =SUM(D16:D22) -> 5000 | H23: =SUM(H16:H22) -> -5043444.2 | J23: 소 계 | L23: =SUM(L16:L22) -> 0 | P23: =SUM(P16:P22) -> 0
B26: 마 감 재 고 | G26: [단위:리터/원] | J26: 입 고 내 역 | O26: [단위:리터/원]
B27: 유종 | C27: 수량 | E27: 단가 | G27: 환산금액 | J27: 유종 | K27: 수량 | M27: 사입단가 | O27: 환산금액
B28: G | C28: 0 | E28: 0 | G28: 0 | J28: G | K28: 0 | M28: 0 | O28: 0
B29: K | C29: =$E$9-$D$23 -> 16774 | E29: =$G$9 -> 1008.6888 | G29: =C29*E29 -> 16919747 | J29: K | O29: =K29*M29 -> 0
B30: D | C30: =$E$10-$L$23 -> 189464 | E30: =$G$10 -> 1464.7286 | G30: =C30*E30 -> 2.7751334e+08 | J30: D | O30: =K30*M30 -> 0
B33: 복 합 단 가
B34: 유종 | C34: 수량 | E34: 금액 | G34: 복 합 단 가
B35: G | C35: 0 | E35: 0 | G35: 0
B36: K | C36: =$C$29+$K$29 -> 16774 | E36: =$G$29+$O$29 -> 16919747 | G36: =E36/C36 -> 1008.6888
B37: D | C37: =$C$30+$K$30 -> 189464 | E37: =$G$30+$O$30 -> 2.7751334e+08 | G37: =E37/C37 -> 1464.7286
B39: 재 고 현 황 | O39: [단위:리터/원]
C40: 전일 | F40: 금일 | N40: 복합단가 | O40: 증감
C41: 재고 | F41: 입고 | H41: 출고 | K41: 마 감 재 고 | M41: 재고율
B42: 휘발유
B43: 등 유 | C43: =SUM($E$9) -> 21774 | F43: =$K$29 -> 0 | H43: =$D$23 -> 5000 | K43: =$C$43-$H$43+$F$43+$O$43 -> 16774 | M43: =SUM($K$43)/$D$9 -> 0.08387 | N43: =$G$36 -> 1008.6888
B44: 경 유 | C44: =SUM($E$10) -> 189464 | F44: =$K$30 -> 0 | H44: =$L$23 -> 0 | K44: =$C$44-$H$44+$F$44+$O$44 -> 189464 | M44: =SUM($K$44)/D10 -> 0.47366 | N44: =$G$37 -> 1464.7286
G45: 복합단가의 재고수량과 단가는 보관물량 제외니 참고해주세요!

Sheet 0115
B1: ◈ KK저장소 복합단가 운영표 - 신도시저장소
B5: 이 월 재 고 | G5: [단위:리터/원]
B7: 유종 | D7: 탱크용량 | E7: 재고수량 | F7: 재고율 | G7: 단가
C8: G | D8: 0 | E8: 0 | F8: 0 | G8: 0
C9: K | D9: 200000 | E9: =SUM('0114'!$K$43:$L$43) -> 16774 | F9: =SUM(E9)/D9 -> 0.08387 | G9: =SUM('0114'!$N$43) -> 1008.6888
C10: D | D10: 400000 | E10: =SUM('0114'!$K$44:$L$44) -> 189464 | F10: =SUM(E10)/D10 -> 0.47366 | G10: =SUM('0114'!$N$44) -> 1464.7286
B13: 출고내역(K) | G13: [단위:리터/원] | J13: 출고내역(LD) | O13: [단위:리터/원]
B14: 유종 | C14: 일반매출(사내이관 포함) | J14: 유종 | K14: 일반매출(사내이관 포함)
C15: 거래처명 | D15: 수량 | E15: 출고단가 | F15: 재고단가 | G15: 단가차액 | H15: 이익 | K15: 거래처명 | L15: 수량 | M15: 출고단가 | N15: 재고단가 | O15: 단가차액 | P15: 이익
B16: 실내 등유 | F16: =IF(D16="","",(SUM($G$9))) | G16: =IF(D16="","",(SUM(E16)-F16)) | H16: =IF(D16="","",(D16*G16)) | J16: 경유 | N16: =IF(L16="","",($G$10)) | O16: =IF(L16="","",(SUM(M16)-N16)) | P16: =IF(L16="","",(L16*O16))
F17: =IF(D17="","",(SUM($G$9))) | G17: =IF(D17="","",(SUM(E17)-F17)) | H17: =IF(D17="","",(D17*G17)) | N17: =IF(L17="","",($G$10)) | O17: =IF(L17="","",(SUM(M17)-N17)) | P17: =IF(L17="","",(L17*O17))
F18: =IF(D18="","",(SUM($G$9))) | G18: =IF(D18="","",(SUM(E18)-F18)) | H18: =IF(D18="","",(D18*G18)) | N18: =IF(L18="","",($G$10)) | O18: =IF(L18="","",(SUM(M18)-N18)) | P18: =IF(L18="","",(L18*O18))
F19: =IF(D19="","",(SUM($G$9))) | G19: =IF(D19="","",(SUM(E19)-F19)) | H19: =IF(D19="","",(D19*G19)) | N19: =IF(L19="","",($G$10)) | O19: =IF(L19="","",(SUM(M19)-N19)) | P19: =IF(L19="","",(L19*O19))
F20: =IF(D20="","",(SUM($G$9))) | G20: =IF(D20="","",(SUM(E20)-F20)) | H20: =IF(D20="","",(D20*G20)) | N20: =IF(L20="","",($G$10)) | O20: =IF(L20="","",(SUM(M20)-N20)) | P20: =IF(L20="","",(L20*O20))
F21: =IF(D21="","",(SUM($G$9))) | G21: =IF(D21="","",(SUM(E21)-F21)) | H21: =IF(D21="","",(D21*G21)) | N21: =IF(L21="","",($G$10)) | O21: =IF(L21="","",(SUM(M21)-N21)) | P21: =IF(L21="","",(L21*O21))
F22: =IF(D22="","",(SUM($G$9))) | G22: =IF(D22="","",(SUM(E22)-F22)) | H22: =IF(D22="","",(D22*G22)) | N22: =IF(L22="","",($G$10)) | O22: =IF(L22="","",(SUM(M22)-N22)) | P22: =IF(L22="","",(L22*O22))
B23: 소 계 | D23: =SUM(D16:D22) -> 0 | H23: =SUM(H16:H22) -> 0 | J23: 소 계 | L23: =SUM(L16:L22) -> 0 | P23: =SUM(P16:P22) -> 0
B26: 마 감 재 고 | G26: [단위:리터/원] | J26: 입 고 내 역 | O26: [단위:리터/원]
B27: 유종 | C27: 수량 | E27: 단가 | G27: 환산금액 | J27: 유종 | K27: 수량 | M27: 사입단가 | O27: 환산금액
B28: G | C28: 0 | E28: 0 | G28: 0 | J28: G | K28: 0 | M28: 0 | O28: 0
B29: K | C29: =$E$9-$D$23 -> 16774 | E29: =$G$9 -> 1008.6888 | G29: =C29*E29 -> 16919747 | J29: K | K29: 64000 | M29: 974.5 | O29: =K29*M29 -> 62368000
B30: D | C30: =$E$10-$L$23 -> 189464 | E30: =$G$10 -> 1464.7286 | G30: =C30*E30 -> 2.7751334e+08 | J30: D | O30: =K30*M30 -> 0
B33: 복 합 단 가
B34: 유종 | C34: 수량 | E34: 금액 | G34: 복 합 단 가
B35: G | C35: 0 | E35: 0 | G35: 0
B36: K | C36: =$C$29+$K$29 -> 80774 | E36: =$G$29+$O$29 -> 79287747 | G36: =E36/C36 -> 981.59985
B37: D | C37: =$C$30+$K$30 -> 189464 | E37: =$G$30+$O$30 -> 2.7751334e+08 | G37: =E37/C37 -> 1464.7286
B39: 재 고 현 황 | O39: [단위:리터/원]
C40: 전일 | F40: 금일 | N40: 복합단가 | O40: 증감
C41: 재고 | F41: 입고 | H41: 출고 | K41: 마 감 재 고 | M41: 재고율
B42: 휘발유
B43: 등 유 | C43: =SUM($E$9) -> 16774 | F43: =$K$29 -> 64000 | H43: =$D$23 -> 0 | K43: =$C$43-$H$43+$F$43+$O$43 -> 80774 | M43: =SUM($K$43)/$D$9 -> 0.40387 | N43: =$G$36 -> 981.59985
B44: 경 유 | C44: =SUM($E$10) -> 189464 | F44: =$K$30 -> 0 | H44: =$L$23 -> 0 | K44: =$C$44-$H$44+$F$44+$O$44 -> 189464 | M44: =SUM($K$44)/D10 -> 0.47366 | N44: =$G$37 -> 1464.7286
G45: 복합단가의 재고수량과 단가는 보관물량 제외니 참고해주세요!

Sheet 0116
B1: ◈ KK저장소 복합단가 운영표 - 신도시저장소
B5: 이 월 재 고 | G5: [단위:리터/원]
B7: 유종 | D7: 탱크용량 | E7: 재고수량 | F7: 재고율 | G7: 단가
C8: G | D8: 0 | E8: 0 | F8: 0 | G8: 0
C9: K | D9: 200000 | E9: =SUM('0115'!$K$43:$L$43) -> 80774 | F9: =SUM(E9)/D9 -> 0.40387 | G9: =SUM('0115'!$N$43) -> 981.59985
C10: D | D10: 400000 | E10: =SUM('0115'!$K$44:$L$44) -> 189464 | F10: =SUM(E10)/D10 -> 0.47366 | G10: =SUM('0115'!$N$44) -> 1464.7286
B13: 출고내역(K) | G13: [단위:리터/원] | J13: 출고내역(LD) | O13: [단위:리터/원]
B14: 유종 | C14: 일반매출(사내이관 포함) | J14: 유종 | K14: 일반매출(사내이관 포함)
C15: 거래처명 | D15: 수량 | E15: 출고단가 | F15: 재고단가 | G15: 단가차액 | H15: 이익 | K15: 거래처명 | L15: 수량 | M15: 출고단가 | N15: 재고단가 | O15: 단가차액 | P15: 이익
B16: 실내 등유 | F16: =IF(D16="","",(SUM($G$9))) | G16: =IF(D16="","",(SUM(E16)-F16)) | H16: =IF(D16="","",(D16*G16)) | J16: 경유 | K16: 세양개발 | L16: 8000 | N16: =IF(L16="","",($G$10)) -> 1464.7286 | O16: =IF(L16="","",(SUM(M16)-N16)) -> -1464.7286 | P16: =IF(L16="","",(L16*O16)) -> -11717829
F17: =IF(D17="","",(SUM($G$9))) | G17: =IF(D17="","",(SUM(E17)-F17)) | H17: =IF(D17="","",(D17*G17)) | N17: =IF(L17="","",($G$10)) | O17: =IF(L17="","",(SUM(M17)-N17)) | P17: =IF(L17="","",(L17*O17))
F18: =IF(D18="","",(SUM($G$9))) | G18: =IF(D18="","",(SUM(E18)-F18)) | H18: =IF(D18="","",(D18*G18)) | N18: =IF(L18="","",($G$10)) | O18: =IF(L18="","",(SUM(M18)-N18)) | P18: =IF(L18="","",(L18*O18))
F19: =IF(D19="","",(SUM($G$9))) | G19: =IF(D19="","",(SUM(E19)-F19)) | H19: =IF(D19="","",(D19*G19)) | N19: =IF(L19="","",($G$10)) | O19: =IF(L19="","",(SUM(M19)-N19)) | P19: =IF(L19="","",(L19*O19))
F20: =IF(D20="","",(SUM($G$9))) | G20: =IF(D20="","",(SUM(E20)-F20)) | H20: =IF(D20="","",(D20*G20)) | N20: =IF(L20="","",($G$10)) | O20: =IF(L20="","",(SUM(M20)-N20)) | P20: =IF(L20="","",(L20*O20))
F21: =IF(D21="","",(SUM($G$9))) | G21: =IF(D21="","",(SUM(E21)-F21)) | H21: =IF(D21="","",(D21*G21)) | N21: =IF(L21="","",($G$10)) | O21: =IF(L21="","",(SUM(M21)-N21)) | P21: =IF(L21="","",(L21*O21))
F22: =IF(D22="","",(SUM($G$9))) | G22: =IF(D22="","",(SUM(E22)-F22)) | H22: =IF(D22="","",(D22*G22)) | N22: =IF(L22="","",($G$10)) | O22: =IF(L22="","",(SUM(M22)-N22)) | P22: =IF(L22="","",(L22*O22))
B23: 소 계 | D23: =SUM(D16:D22) -> 0 | H23: =SUM(H16:H22) -> 0 | J23: 소 계 | L23: =SUM(L16:L22) -> 8000 | P23: =SUM(P16:P22) -> -11717829
B26: 마 감 재 고 | G26: [단위:리터/원] | J26: 입 고 내 역 | O26: [단위:리터/원]
B27: 유종 | C27: 수량 | E27: 단가 | G27: 환산금액 | J27: 유종 | K27: 수량 | M27: 사입단가 | O27: 환산금액
B28: G | C28: 0 | E28: 0 | G28: 0 | J28: G | K28: 0 | M28: 0 | O28: 0
B29: K | C29: =$E$9-$D$23 -> 80774 | E29: =$G$9 -> 981.59985 | G29: =C29*E29 -> 79287747 | J29: K | K29: 32000 | M29: 974.5 | O29: =K29*M29 -> 31184000
B30: D | C30: =$E$10-$L$23 -> 181464 | E30: =$G$10 -> 1464.7286 | G30: =C30*E30 -> 2.6579551e+08 | J30: D | K30: 20000 | M30: 1443.1 | O30: =K30*M30 -> 28862000
B33: 복 합 단 가
B34: 유종 | C34: 수량 | E34: 금액 | G34: 복 합 단 가
B35: G | C35: 0 | E35: 0 | G35: 0
B36: K | C36: =$C$29+$K$29 -> 112774 | E36: =$G$29+$O$29 -> 1.1047175e+08 | G36: =E36/C36 -> 979.58525
B37: D | C37: =$C$30+$K$30 -> 201464 | E37: =$G$30+$O$30 -> 2.9465751e+08 | G37: =E37/C37 -> 1462.5815
B39: 재 고 현 황 | O39: [단위:리터/원]
C40: 전일 | F40: 금일 | N40: 복합단가 | O40: 증감
C41: 재고 | F41: 입고 | H41: 출고 | K41: 마 감 재 고 | M41: 재고율
B42: 휘발유
B43: 등 유 | C43: =SUM($E$9) -> 80774 | F43: =$K$29 -> 32000 | H43: =$D$23 -> 0 | K43: =$C$43-$H$43+$F$43+$O$43 -> 112774 | M43: =SUM($K$43)/$D$9 -> 0.56387 | N43: =$G$36 -> 979.58525
B44: 경 유 | C44: =SUM($E$10) -> 189464 | F44: =$K$30 -> 20000 | H44: =$L$23 -> 8000 | K44: =$C$44-$H$44+$F$44+$O$44 -> 201464 | M44: =SUM($K$44)/D10 -> 0.50366 | N44: =$G$37 -> 1462.5815
G45: 복합단가의 재고수량과 단가는 보관물량 제외니 참고해주세요!

Sheet 0120
B1: ◈ KK저장소 복합단가 운영표 - 신도시저장소
B5: 이 월 재 고 | G5: [단위:리터/원]
B7: 유종 | D7: 탱크용량 | E7: 재고수량 | F7: 재고율 | G7: 단가
C8: G | D8: 0 | E8: 0 | F8: 0 | G8: 0
C9: K | D9: 200000 | E9: =SUM('0116'!$K$43:$L$43) -> 112774 | F9: =SUM(E9)/D9 -> 0.56387 | G9: =SUM('0116'!$N$43) -> 979.58525
C10: D | D10: 400000 | E10: =SUM('0116'!$K$44:$L$44) -> 201464 | F10: =SUM(E10)/D10 -> 0.50366 | G10: =SUM('0116'!$N$44) -> 1462.5815
B13: 출고내역(K) | G13: [단위:리터/원] | J13: 출고내역(LD) | O13: [단위:리터/원]
B14: 유종 | C14: 일반매출(사내이관 포함) | J14: 유종 | K14: 일반매출(사내이관 포함)
C15: 거래처명 | D15: 수량 | E15: 출고단가 | F15: 재고단가 | G15: 단가차액 | H15: 이익 | K15: 거래처명 | L15: 수량 | M15: 출고단가 | N15: 재고단가 | O15: 단가차액 | P15: 이익
B16: 실내 등유 | C16: 신라 | D16: 16000 | F16: =IF(D16="","",(SUM($G$9))) -> 979.58525 | G16: =IF(D16="","",(SUM(E16)-F16)) -> -979.58525 | H16: =IF(D16="","",(D16*G16)) -> -15673364 | J16: 경유 | N16: =IF(L16="","",($G$10)) | O16: =IF(L16="","",(SUM(M16)-N16)) | P16: =IF(L16="","",(L16*O16))
C17: 공단석유 | D17: 12000 | F17: =IF(D17="","",(SUM($G$9))) -> 979.58525 | G17: =IF(D17="","",(SUM(E17)-F17)) -> -979.58525 | H17: =IF(D17="","",(D17*G17)) -> -11755023 | N17: =IF(L17="","",($G$10)) | O17: =IF(L17="","",(SUM(M17)-N17)) | P17: =IF(L17="","",(L17*O17))
F18: =IF(D18="","",(SUM($G$9))) | G18: =IF(D18="","",(SUM(E18)-F18)) | H18: =IF(D18="","",(D18*G18)) | N18: =IF(L18="","",($G$10)) | O18: =IF(L18="","",(SUM(M18)-N18)) | P18: =IF(L18="","",(L18*O18))
F19: =IF(D19="","",(SUM($G$9))) | G19: =IF(D19="","",(SUM(E19)-F19)) | H19: =IF(D19="","",(D19*G19)) | N19: =IF(L19="","",($G$10)) | O19: =IF(L19="","",(SUM(M19)-N19)) | P19: =IF(L19="","",(L19*O19))
F20: =IF(D20="","",(SUM($G$9))) | G20: =IF(D20="","",(SUM(E20)-F20)) | H20: =IF(D20="","",(D20*G20)) | N20: =IF(L20="","",($G$10)) | O20: =IF(L20="","",(SUM(M20)-N20)) | P20: =IF(L20="","",(L20*O20))
F21: =IF(D21="","",(SUM($G$9))) | G21: =IF(D21="","",(SUM(E21)-F21)) | H21: =IF(D21="","",(D21*G21)) | N21: =IF(L21="","",($G$10)) | O21: =IF(L21="","",(SUM(M21)-N21)) | P21: =IF(L21="","",(L21*O21))
F22: =IF(D22="","",(SUM($G$9))) | G22: =IF(D22="","",(SUM(E22)-F22)) | H22: =IF(D22="","",(D22*G22)) | N22: =IF(L22="","",($G$10)) | O22: =IF(L22="","",(SUM(M22)-N22)) | P22: =IF(L22="","",(L22*O22))
B23: 소 계 | D23: =SUM(D16:D22) -> 28000 | H23: =SUM(H16:H22) -> -27428387 | J23: 소 계 | L23: =SUM(L16:L22) -> 0 | P23: =SUM(P16:P22) -> 0
B26: 마 감 재 고 | G26: [단위:리터/원] | J26: 입 고 내 역 | O26: [단위:리터/원]
B27: 유종 | C27: 수량 | E27: 단가 | G27: 환산금액 | J27: 유종 | K27: 수량 | M27: 사입단가 | O27: 환산금액
B28: G | C28: 0 | E28: 0 | G28: 0 | J28: G | K28: 0 | M28: 0 | O28: 0
B29: K | C29: =$E$9-$D$23 -> 84774 | E29: =$G$9 -> 979.58525 | G29: =C29*E29 -> 83043360 | J29: K | O29: =K29*M29 -> 0
B30: D | C30: =$E$10-$L$23 -> 201464 | E30: =$G$10 -> 1462.5815 | G30: =C30*E30 -> 2.9465751e+08 | J30: D | O30: =K30*M30 -> 0
B33: 복 합 단 가
B34: 유종 | C34: 수량 | E34: 금액 | G34: 복 합 단 가
B35: G | C35: 0 | E35: 0 | G35: 0
B36: K | C36: =$C$29+$K$29 -> 84774 | E36: =$G$29+$O$29 -> 83043360 | G36: =E36/C36 -> 979.58525
B37: D | C37: =$C$30+$K$30 -> 201464 | E37: =$G$30+$O$30 -> 2.9465751e+08 | G37: =E37/C37 -> 1462.5815
B39: 재 고 현 황 | O39: [단위:리터/원]
C40: 전일 | F40: 금일 | N40: 복합단가 | O40: 증감
C41: 재고 | F41: 입고 | H41: 출고 | K41: 마 감 재 고 | M41: 재고율
B42: 휘발유
B43: 등 유 | C43: =SUM($E$9) -> 112774 | F43: =$K$29 -> 0 | H43: =$D$23 -> 28000 | K43: =$C$43-$H$43+$F$43+$O$43 -> 81892 | M43: =SUM($K$43)/$D$9 -> 0.40946 | N43: =$G$36 -> 979.58525 | O43: -2882
B44: 경 유 | C44: =SUM($E$10) -> 201464 | F44: =$K$30 -> 0 | H44: =$L$23 -> 0 | K44: =$C$44-$H$44+$F$44+$O$44 -> 198609 | M44: =SUM($K$44)/D10 -> 0.4965225 | N44: =$G$37 -> 1462.5815 | O44: -2855
G45: 복합단가의 재고수량과 단가는 보관물량 제외니 참고해주세요!

Sheet 0205
B1: ◈ KK저장소 복합단가 운영표 - 신도시저장소
B5: 이 월 재 고 | G5: [단위:리터/원]
B7: 유종 | D7: 탱크용량 | E7: 재고수량 | F7: 재고율 | G7: 단가
C8: G | D8: 0 | E8: 0 | F8: 0 | G8: 0
C9: K | D9: 200000 | E9: =SUM('0120'!$K$43:$L$43) -> 81892 | F9: =SUM(E9)/D9 -> 0.40946 | G9: =SUM('0120'!$N$43) -> 979.58525
C10: D | D10: 400000 | E10: =SUM('0120'!$K$44:$L$44) -> 198609 | F10: =SUM(E10)/D10 -> 0.4965225 | G10: =SUM('0120'!$N$44) -> 1462.5815
B13: 출고내역(K) | G13: [단위:리터/원] | J13: 출고내역(LD) | O13: [단위:리터/원]
B14: 유종 | C14: 일반매출(사내이관 포함) | J14: 유종 | K14: 일반매출(사내이관 포함)
C15: 거래처명 | D15: 수량 | E15: 출고단가 | F15: 재고단가 | G15: 단가차액 | H15: 이익 | K15: 거래처명 | L15: 수량 | M15: 출고단가 | N15: 재고단가 | O15: 단가차액 | P15: 이익
B16: 실내 등유 | C16: 신라 | D16: 20000 | F16: =IF(D16="","",(SUM($G$9))) -> 979.58525 | G16: =IF(D16="","",(SUM(E16)-F16)) -> -979.58525 | H16: =IF(D16="","",(D16*G16)) -> -19591705 | J16: 경유 | N16: =IF(L16="","",($G$10)) | O16: =IF(L16="","",(SUM(M16)-N16)) | P16: =IF(L16="","",(L16*O16))
C17: 중앙2 | D17: 8000 | F17: =IF(D17="","",(SUM($G$9))) -> 979.58525 | G17: =IF(D17="","",(SUM(E17)-F17)) -> -979.58525 | H17: =IF(D17="","",(D17*G17)) -> -7836682 | N17: =IF(L17="","",($G$10)) | O17: =IF(L17="","",(SUM(M17)-N17)) | P17: =IF(L17="","",(L17*O17))
F18: =IF(D18="","",(SUM($G$9))) | G18: =IF(D18="","",(SUM(E18)-F18)) | H18: =IF(D18="","",(D18*G18)) | N18: =IF(L18="","",($G$10)) | O18: =IF(L18="","",(SUM(M18)-N18)) | P18: =IF(L18="","",(L18*O18))
F19: =IF(D19="","",(SUM($G$9))) | G19: =IF(D19="","",(SUM(E19)-F19)) | H19: =IF(D19="","",(D19*G19)) | N19: =IF(L19="","",($G$10)) | O19: =IF(L19="","",(SUM(M19)-N19)) | P19: =IF(L19="","",(L19*O19))
F20: =IF(D20="","",(SUM($G$9))) | G20: =IF(D20="","",(SUM(E20)-F20)) | H20: =IF(D20="","",(D20*G20)) | N20: =IF(L20="","",($G$10)) | O20: =IF(L20="","",(SUM(M20)-N20)) | P20: =IF(L20="","",(L20*O20))
F21: =IF(D21="","",(SUM($G$9))) | G21: =IF(D21="","",(SUM(E21)-F21)) | H21: =IF(D21="","",(D21*G21)) | N21: =IF(L21="","",($G$10)) | O21: =IF(L21="","",(SUM(M21)-N21)) | P21: =IF(L21="","",(L21*O21))
F22: =IF(D22="","",(SUM($G$9))) | G22: =IF(D22="","",(SUM(E22)-F22)) | H22: =IF(D22="","",(D22*G22)) | N22: =IF(L22="","",($G$10)) | O22: =IF(L22="","",(SUM(M22)-N22)) | P22: =IF(L22="","",(L22*O22))
B23: 소 계 | D23: =SUM(D16:D22) -> 28000 | H23: =SUM(H16:H22) -> -27428387 | J23: 소 계 | L23: =SUM(L16:L22) -> 0 | P23: =SUM(P16:P22) -> 0
B26: 마 감 재 고 | G26: [단위:리터/원] | J26: 입 고 내 역 | O26: [단위:리터/원]
B27: 유종 | C27: 수량 | E27: 단가 | G27: 환산금액 | J27: 유종 | K27: 수량 | M27: 사입단가 | O27: 환산금액
B28: G | C28: 0 | E28: 0 | G28: 0 | J28: G | K28: 0 | M28: 0 | O28: 0
B29: K | C29: =$E$9-$D$23 -> 53892 | E29: =$G$9 -> 979.58525 | G29: =C29*E29 -> 52791808 | J29: K | O29: =K29*M29 -> 0
B30: D | C30: =$E$10-$L$23 -> 198609 | E30: =$G$10 -> 1462.5815 | G30: =C30*E30 -> 2.9048184e+08 | J30: D | O30: =K30*M30 -> 0
B33: 복 합 단 가
B34: 유종 | C34: 수량 | E34: 금액 | G34: 복 합 단 가
B35: G | C35: 0 | E35: 0 | G35: 0
B36: K | C36: =$C$29+$K$29 -> 53892 | E36: =$G$29+$O$29 -> 52791808 | G36: =E36/C36 -> 979.58525
B37: D | C37: =$C$30+$K$30 -> 198609 | E37: =$G$30+$O$30 -> 2.9048184e+08 | G37: =E37/C37 -> 1462.5815
B39: 재 고 현 황 | O39: [단위:리터/원]
C40: 전일 | F40: 금일 | N40: 복합단가 | O40: 증감
C41: 재고 | F41: 입고 | H41: 출고 | K41: 마 감 재 고 | M41: 재고율
B42: 휘발유
B43: 등 유 | C43: =SUM($E$9) -> 81892 | F43: =$K$29 -> 0 | H43: =$D$23 -> 28000 | K43: =$C$43-$H$43+$F$43+$O$43 -> 53892 | M43: =SUM($K$43)/$D$9 -> 0.26946 | N43: =$G$36 -> 979.58525
B44: 경 유 | C44: =SUM($E$10) -> 198609 | F44: =$K$30 -> 0 | H44: =$L$23 -> 0 | K44: =$C$44-$H$44+$F$44+$O$44 -> 198609 | M44: =SUM($K$44)/D10 -> 0.4965225 | N44: =$G$37 -> 1462.5815
G45: 복합단가의 재고수량과 단가는 보관물량 제외니 참고해주세요!

Sheet 0210
B1: ◈ KK저장소 복합단가 운영표 - 신도시저장소
B5: 이 월 재 고 | G5: [단위:리터/원]
B7: 유종 | D7: 탱크용량 | E7: 재고수량 | F7: 재고율 | G7: 단가
C8: G | D8: 0 | E8: 0 | F8: 0 | G8: 0
C9: K | D9: 200000 | E9: =SUM('0205'!$K$43:$L$43) -> 53892 | F9: =SUM(E9)/D9 -> 0.26946 | G9: =SUM('0205'!$N$43) -> 979.58525
C10: D | D10: 400000 | E10: =SUM('0205'!$K$44:$L$44) -> 198609 | F10: =SUM(E10)/D10 -> 0.4965225 | G10: =SUM('0205'!$N$44) -> 1462.5815
B13: 출고내역(K) | G13: [단위:리터/원] | J13: 출고내역(LD) | O13: [단위:리터/원]
B14: 유종 | C14: 일반매출(사내이관 포함) | J14: 유종 | K14: 일반매출(사내이관 포함)
C15: 거래처명 | D15: 수량 | E15: 출고단가 | F15: 재고단가 | G15: 단가차액 | H15: 이익 | K15: 거래처명 | L15: 수량 | M15: 출고단가 | N15: 재고단가 | O15: 단가차액 | P15: 이익
B16: 실내 등유 | C16: 안동중앙 | D16: 2000 | F16: =IF(D16="","",(SUM($G$9))) -> 979.58525 | G16: =IF(D16="","",(SUM(E16)-F16)) -> -979.58525 | H16: =IF(D16="","",(D16*G16)) -> -1959170.5 | J16: 경유 | K16: 안동중앙 | L16: 16000 | N16: =IF(L16="","",($G$10)) -> 1462.5815 | O16: =IF(L16="","",(SUM(M16)-N16)) -> -1462.5815 | P16: =IF(L16="","",(L16*O16)) -> -23401304
F17: =IF(D17="","",(SUM($G$9))) | G17: =IF(D17="","",(SUM(E17)-F17)) | H17: =IF(D17="","",(D17*G17)) | N17: =IF(L17="","",($G$10)) | O17: =IF(L17="","",(SUM(M17)-N17)) | P17: =IF(L17="","",(L17*O17))
F18: =IF(D18="","",(SUM($G$9))) | G18: =IF(D18="","",(SUM(E18)-F18)) | H18: =IF(D18="","",(D18*G18)) | N18: =IF(L18="","",($G$10)) | O18: =IF(L18="","",(SUM(M18)-N18)) | P18: =IF(L18="","",(L18*O18))
F19: =IF(D19="","",(SUM($G$9))) | G19: =IF(D19="","",(SUM(E19)-F19)) | H19: =IF(D19="","",(D19*G19)) | N19: =IF(L19="","",($G$10)) | O19: =IF(L19="","",(SUM(M19)-N19)) | P19: =IF(L19="","",(L19*O19))
F20: =IF(D20="","",(SUM($G$9))) | G20: =IF(D20="","",(SUM(E20)-F20)) | H20: =IF(D20="","",(D20*G20)) | N20: =IF(L20="","",($G$10)) | O20: =IF(L20="","",(SUM(M20)-N20)) | P20: =IF(L20="","",(L20*O20))
F21: =IF(D21="","",(SUM($G$9))) | G21: =IF(D21="","",(SUM(E21)-F21)) | H21: =IF(D21="","",(D21*G21)) | N21: =IF(L21="","",($G$10)) | O21: =IF(L21="","",(SUM(M21)-N21)) | P21: =IF(L21="","",(L21*O21))
F22: =IF(D22="","",(SUM($G$9))) | G22: =IF(D22="","",(SUM(E22)-F22)) | H22: =IF(D22="","",(D22*G22)) | N22: =IF(L22="","",($G$10)) | O22: =IF(L22="","",(SUM(M22)-N22)) | P22: =IF(L22="","",(L22*O22))
B23: 소 계 | D23: =SUM(D16:D22) -> 2000 | H23: =SUM(H16:H22) -> -1959170.5 | J23: 소 계 | L23: =SUM(L16:L22) -> 16000 | P23: =SUM(P16:P22) -> -23401304
B26: 마 감 재 고 | G26: [단위:리터/원] | J26: 입 고 내 역 | O26: [단위:리터/원]
B27: 유종 | C27: 수량 | E27: 단가 | G27: 환산금액 | J27: 유종 | K27: 수량 | M27: 사입단가 | O27: 환산금액
B28: G | C28: 0 | E28: 0 | G28: 0 | J28: G | K28: 0 | M28: 0 | O28: 0
B29: K | C29: =$E$9-$D$23 -> 51892 | E29: =$G$9 -> 979.58525 | G29: =C29*E29 -> 50832638 | J29: K | O29: =K29*M29 -> 0
B30: D | C30: =$E$10-$L$23 -> 182609 | E30: =$G$10 -> 1462.5815 | G30: =C30*E30 -> 2.6708054e+08 | J30: D | O30: =K30*M30 -> 0
B33: 복 합 단 가
B34: 유종 | C34: 수량 | E34: 금액 | G34: 복 합 단 가
B35: G | C35: 0 | E35: 0 | G35: 0
B36: K | C36: =$C$29+$K$29 -> 51892 | E36: =$G$29+$O$29 -> 50832638 | G36: =E36/C36 -> 979.58525
B37: D | C37: =$C$30+$K$30 -> 182609 | E37: =$G$30+$O$30 -> 2.6708054e+08 | G37: =E37/C37 -> 1462.5815
B39: 재 고 현 황 | O39: [단위:리터/원]
C40: 전일 | F40: 금일 | N40: 복합단가 | O40: 증감
C41: 재고 | F41: 입고 | H41: 출고 | K41: 마 감 재 고 | M41: 재고율
B42: 휘발유
B43: 등 유 | C43: =SUM($E$9) -> 53892 | F43: =$K$29 -> 0 | H43: =$D$23 -> 2000 | K43: =$C$43-$H$43+$F$43+$O$43 -> 51892 | M43: =SUM($K$43)/$D$9 -> 0.25946 | N43: =$G$36 -> 979.58525
B44: 경 유 | C44: =SUM($E$10) -> 198609 | F44: =$K$30 -> 0 | H44: =$L$23 -> 16000 | K44: =$C$44-$H$44+$F$44+$O$44 -> 182609 | M44: =SUM($K$44)/D10 -> 0.4565225 | N44: =$G$37 -> 1462.5815
G45: 복합단가의 재고수량과 단가는 보관물량 제외니 참고해주세요!

Sheet 0210 (입고)
B1: ◈ KK저장소 복합단가 운영표 - 신도시저장소
B5: 이 월 재 고 | G5: [단위:리터/원]
B7: 유종 | D7: 탱크용량 | E7: 재고수량 | F7: 재고율 | G7: 단가
C8: G | D8: 0 | E8: 0 | F8: 0 | G8: 0
C9: K | D9: 200000 | E9: =SUM('0210'!$K$43:$L$43) -> 51892 | F9: =SUM(E9)/D9 -> 0.25946 | G9: =SUM('0210'!$N$43) -> 979.58525
C10: D | D10: 400000 | E10: =SUM('0210'!$K$44:$L$44) -> 182609 | F10: =SUM(E10)/D10 -> 0.4565225 | G10: =SUM('0210'!$N$44) -> 1462.5815
B13: 출고내역(K) | G13: [단위:리터/원] | J13: 출고내역(LD) | O13: [단위:리터/원]
B14: 유종 | C14: 일반매출(사내이관 포함) | J14: 유종 | K14: 일반매출(사내이관 포함)
C15: 거래처명 | D15: 수량 | E15: 출고단가 | F15: 재고단가 | G15: 단가차액 | H15: 이익 | K15: 거래처명 | L15: 수량 | M15: 출고단가 | N15: 재고단가 | O15: 단가차액 | P15: 이익
B16: 실내 등유 | F16: =IF(D16="","",(SUM($G$9))) | G16: =IF(D16="","",(SUM(E16)-F16)) | H16: =IF(D16="","",(D16*G16)) | J16: 경유 | N16: =IF(L16="","",($G$10)) | O16: =IF(L16="","",(SUM(M16)-N16)) | P16: =IF(L16="","",(L16*O16))
F17: =IF(D17="","",(SUM($G$9))) | G17: =IF(D17="","",(SUM(E17)-F17)) | H17: =IF(D17="","",(D17*G17)) | N17: =IF(L17="","",($G$10)) | O17: =IF(L17="","",(SUM(M17)-N17)) | P17: =IF(L17="","",(L17*O17))
F18: =IF(D18="","",(SUM($G$9))) | G18: =IF(D18="","",(SUM(E18)-F18)) | H18: =IF(D18="","",(D18*G18)) | N18: =IF(L18="","",($G$10)) | O18: =IF(L18="","",(SUM(M18)-N18)) | P18: =IF(L18="","",(L18*O18))
F19: =IF(D19="","",(SUM($G$9))) | G19: =IF(D19="","",(SUM(E19)-F19)) | H19: =IF(D19="","",(D19*G19)) | N19: =IF(L19="","",($G$10)) | O19: =IF(L19="","",(SUM(M19)-N19)) | P19: =IF(L19="","",(L19*O19))
F20: =IF(D20="","",(SUM($G$9))) | G20: =IF(D20="","",(SUM(E20)-F20)) | H20: =IF(D20="","",(D20*G20)) | N20: =IF(L20="","",($G$10)) | O20: =IF(L20="","",(SUM(M20)-N20)) | P20: =IF(L20="","",(L20*O20))
F21: =IF(D21="","",(SUM($G$9))) | G21: =IF(D21="","",(SUM(E21)-F21)) | H21: =IF(D21="","",(D21*G21)) | N21: =IF(L21="","",($G$10)) | O21: =IF(L21="","",(SUM(M21)-N21)) | P21: =IF(L21="","",(L21*O21))
F22: =IF(D22="","",(SUM($G$9))) | G22: =IF(D22="","",(SUM(E22)-F22)) | H22: =IF(D22="","",(D22*G22)) | N22: =IF(L22="","",($G$10)) | O22: =IF(L22="","",(SUM(M22)-N22)) | P22: =IF(L22="","",(L22*O22))
B23: 소 계 | D23: =SUM(D16:D22) -> 0 | H23: =SUM(H16:H22) -> 0 | J23: 소 계 | L23: =SUM(L16:L22) -> 0 | P23: =SUM(P16:P22) -> 0
B26: 마 감 재 고 | G26: [단위:리터/원] | J26: 입 고 내 역 | O26: [단위:리터/원]
B27: 유종 | C27: 수량 | E27: 단가 | G27: 환산금액 | J27: 유종 | K27: 수량 | M27: 사입단가 | O27: 환산금액
B28: G | C28: 0 | E28: 0 | G28: 0 | J28: G | K28: 0 | M28: 0 | O28: 0
B29: K | C29: =$E$9-$D$23 -> 51892 | E29: =$G$9 -> 979.58525 | G29: =C29*E29 -> 50832638 | J29: K | K29: 28000 | M29: 1019.5 | O29: =K29*M29 -> 28546000
B30: D | C30: =$E$10-$L$23 -> 182609 | E30: =$G$10 -> 1462.5815 | G30: =C30*E30 -> 2.6708054e+08 | J30: D | O30: =K30*M30 -> 0
B33: 복 합 단 가
B34: 유종 | C34: 수량 | E34: 금액 | G34: 복 합 단 가
B35: G | C35: 0 | E35: 0 | G35: 0
B36: K | C36: =$C$29+$K$29 -> 79892 | E36: =$G$29+$O$29 -> 79378638 | G36: =E36/C36 -> 993.5743
B37: D | C37: =$C$30+$K$30 -> 182609 | E37: =$G$30+$O$30 -> 2.6708054e+08 | G37: =E37/C37 -> 1462.5815
B39: 재 고 현 황 | O39: [단위:리터/원]
C40: 전일 | F40: 금일 | N40: 복합단가 | O40: 증감
C41: 재고 | F41: 입고 | H41: 출고 | K41: 마 감 재 고 | M41: 재고율
B42: 휘발유
B43: 등 유 | C43: =SUM($E$9) -> 51892 | F43: =$K$29 -> 28000 | H43: =$D$23 -> 0 | K43: =$C$43-$H$43+$F$43+$O$43 -> 79892 | M43: =SUM($K$43)/$D$9 -> 0.39946 | N43: =$G$36 -> 993.5743
B44: 경 유 | C44: =SUM($E$10) -> 182609 | F44: =$K$30 -> 0 | H44: =$L$23 -> 0 | K44: =$C$44-$H$44+$F$44+$O$44 -> 182609 | M44: =SUM($K$44)/D10 -> 0.4565225 | N44: =$G$37 -> 1462.5815
G45: 복합단가의 재고수량과 단가는 보관물량 제외니 참고해주세요!

Sheet 0212
B1: ◈ KK저장소 복합단가 운영표 - 신도시저장소
B5: 이 월 재 고 | G5: [단위:리터/원]
B7: 유종 | D7: 탱크용량 | E7: 재고수량 | F7: 재고율 | G7: 단가
C8: G | D8: 0 | E8: 0 | F8: 0 | G8: 0
C9: K | D9: 200000 | E9: =SUM('0210 (입고)'!$K$43:$L$43) -> 79892 | F9: =SUM(E9)/D9 -> 0.39946 | G9: =SUM('0210 (입고)'!$N$43) -> 993.5743
C10: D | D10: 400000 | E10: =SUM('0210 (입고)'!$K$44:$L$44) -> 182609 | F10: =SUM(E10)/D10 -> 0.4565225 | G10: =SUM('0210 (입고)'!$N$44) -> 1462.5815
B13: 출고내역(K) | G13: [단위:리터/원] | J13: 출고내역(LD) | O13: [단위:리터/원]
B14: 유종 | C14: 일반매출(사내이관 포함) | J14: 유종 | K14: 일반매출(사내이관 포함)
C15: 거래처명 | D15: 수량 | E15: 출고단가 | F15: 재고단가 | G15: 단가차액 | H15: 이익 | K15: 거래처명 | L15: 수량 | M15: 출고단가 | N15: 재고단가 | O15: 단가차액 | P15: 이익
B16: 실내 등유 | C16: 매곡 | D16: 32000 | F16: =IF(D16="","",(SUM($G$9))) -> 993.5743 | G16: =IF(D16="","",(SUM(E16)-F16)) -> -993.5743 | H16: =IF(D16="","",(D16*G16)) -> -31794377 | J16: 경유 | K16: 성서고속 | L16: 24000 | N16: =IF(L16="","",($G$10)) -> 1462.5815 | O16: =IF(L16="","",(SUM(M16)-N16)) -> -1462.5815 | P16: =IF(L16="","",(L16*O16)) -> -35101955
F17: =IF(D17="","",(SUM($G$9))) | G17: =IF(D17="","",(SUM(E17)-F17)) | H17: =IF(D17="","",(D17*G17)) | N17: =IF(L17="","",($G$10)) | O17: =IF(L17="","",(SUM(M17)-N17)) | P17: =IF(L17="","",(L17*O17))
F18: =IF(D18="","",(SUM($G$9))) | G18: =IF(D18="","",(SUM(E18)-F18)) | H18: =IF(D18="","",(D18*G18)) | N18: =IF(L18="","",($G$10)) | O18: =IF(L18="","",(SUM(M18)-N18)) | P18: =IF(L18="","",(L18*O18))
F19: =IF(D19="","",(SUM($G$9))) | G19: =IF(D19="","",(SUM(E19)-F19)) | H19: =IF(D19="","",(D19*G19)) | N19: =IF(L19="","",($G$10)) | O19: =IF(L19="","",(SUM(M19)-N19)) | P19: =IF(L19="","",(L19*O19))
F20: =IF(D20="","",(SUM($G$9))) | G20: =IF(D20="","",(SUM(E20)-F20)) | H20: =IF(D20="","",(D20*G20)) | N20: =IF(L20="","",($G$10)) | O20: =IF(L20="","",(SUM(M20)-N20)) | P20: =IF(L20="","",(L20*O20))
F21: =IF(D21="","",(SUM($G$9))) | G21: =IF(D21="","",(SUM(E21)-F21)) | H21: =IF(D21="","",(D21*G21)) | N21: =IF(L21="","",($G$10)) | O21: =IF(L21="","",(SUM(M21)-N21)) | P21: =IF(L21="","",(L21*O21))
F22: =IF(D22="","",(SUM($G$9))) | G22: =IF(D22="","",(SUM(E22)-F22)) | H22: =IF(D22="","",(D22*G22)) | N22: =IF(L22="","",($G$10)) | O22: =IF(L22="","",(SUM(M22)-N22)) | P22: =IF(L22="","",(L22*O22))
B23: 소 계 | D23: =SUM(D16:D22) -> 32000 | H23: =SUM(H16:H22) -> -31794377 | J23: 소 계 | L23: =SUM(L16:L22) -> 24000 | P23: =SUM(P16:P22) -> -35101955
B26: 마 감 재 고 | G26: [단위:리터/원] | J26: 입 고 내 역 | O26: [단위:리터/원]
B27: 유종 | C27: 수량 | E27: 단가 | G27: 환산금액 | J27: 유종 | K27: 수량 | M27: 사입단가 | O27: 환산금액
B28: G | C28: 0 | E28: 0 | G28: 0 | J28: G | K28: 0 | M28: 0 | O28: 0
B29: K | C29: =$E$9-$D$23 -> 47892 | E29: =$G$9 -> 993.5743 | G29: =C29*E29 -> 47584260 | J29: K | O29: =K29*M29 -> 0
B30: D | C30: =$E$10-$L$23 -> 158609 | E30: =$G$10 -> 1462.5815 | G30: =C30*E30 -> 2.3197858e+08 | J30: D | O30: =K30*M30 -> 0
B33: 복 합 단 가
B34: 유종 | C34: 수량 | E34: 금액 | G34: 복 합 단 가
B35: G | C35: 0 | E35: 0 | G35: 0
B36: K | C36: =$C$29+$K$29 -> 47892 | E36: =$G$29+$O$29 -> 47584260 | G36: =E36/C36 -> 993.5743
B37: D | C37: =$C$30+$K$30 -> 158609 | E37: =$G$30+$O$30 -> 2.3197858e+08 | G37: =E37/C37 -> 1462.5815
B39: 재 고 현 황 | O39: [단위:리터/원]
C40: 전일 | F40: 금일 | N40: 복합단가 | O40: 증감
C41: 재고 | F41: 입고 | H41: 출고 | K41: 마 감 재 고 | M41: 재고율
B42: 휘발유
B43: 등 유 | C43: =SUM($E$9) -> 79892 | F43: =$K$29 -> 0 | H43: =$D$23 -> 32000 | K43: =$C$43-$H$43+$F$43+$O$43 -> 44405 | M43: =SUM($K$43)/$D$9 -> 0.222025 | N43: =$G$36 -> 993.5743 | O43: -3487
B44: 경 유 | C44: =SUM($E$10) -> 182609 | F44: =$K$30 -> 0 | H44: =$L$23 -> 24000 | K44: =$C$44-$H$44+$F$44+$O$44 -> 154931 | M44: =SUM($K$44)/D10 -> 0.3873275 | N44: =$G$37 -> 1462.5815 | O44: -3678
G45: 복합단가의 재고수량과 단가는 보관물량 제외니 참고해주세요!

Sheet 0212 (입고)
B1: ◈ KK저장소 복합단가 운영표 - 신도시저장소
B5: 이 월 재 고 | G5: [단위:리터/원]
B7: 유종 | D7: 탱크용량 | E7: 재고수량 | F7: 재고율 | G7: 단가
C8: G | D8: 0 | E8: 0 | F8: 0 | G8: 0
C9: K | D9: 200000 | E9: =SUM('0212'!$K$43:$L$43) -> 44405 | F9: =SUM(E9)/D9 -> 0.222025 | G9: =SUM('0212'!$N$43) -> 993.5743
C10: D | D10: 400000 | E10: =SUM('0212'!$K$44:$L$44) -> 154931 | F10: =SUM(E10)/D10 -> 0.3873275 | G10: =SUM('0212'!$N$44) -> 1462.5815
B13: 출고내역(K) | G13: [단위:리터/원] | J13: 출고내역(LD) | O13: [단위:리터/원]
B14: 유종 | C14: 일반매출(사내이관 포함) | J14: 유종 | K14: 일반매출(사내이관 포함)
C15: 거래처명 | D15: 수량 | E15: 출고단가 | F15: 재고단가 | G15: 단가차액 | H15: 이익 | K15: 거래처명 | L15: 수량 | M15: 출고단가 | N15: 재고단가 | O15: 단가차액 | P15: 이익
B16: 실내 등유 | F16: =IF(D16="","",(SUM($G$9))) | G16: =IF(D16="","",(SUM(E16)-F16)) | H16: =IF(D16="","",(D16*G16)) | J16: 경유 | N16: =IF(L16="","",($G$10)) | O16: =IF(L16="","",(SUM(M16)-N16)) | P16: =IF(L16="","",(L16*O16))
F17: =IF(D17="","",(SUM($G$9))) | G17: =IF(D17="","",(SUM(E17)-F17)) | H17: =IF(D17="","",(D17*G17)) | N17: =IF(L17="","",($G$10)) | O17: =IF(L17="","",(SUM(M17)-N17)) | P17: =IF(L17="","",(L17*O17))
F18: =IF(D18="","",(SUM($G$9))) | G18: =IF(D18="","",(SUM(E18)-F18)) | H18: =IF(D18="","",(D18*G18)) | N18: =IF(L18="","",($G$10)) | O18: =IF(L18="","",(SUM(M18)-N18)) | P18: =IF(L18="","",(L18*O18))
F19: =IF(D19="","",(SUM($G$9))) | G19: =IF(D19="","",(SUM(E19)-F19)) | H19: =IF(D19="","",(D19*G19)) | N19: =IF(L19="","",($G$10)) | O19: =IF(L19="","",(SUM(M19)-N19)) | P19: =IF(L19="","",(L19*O19))
F20: =IF(D20="","",(SUM($G$9))) | G20: =IF(D20="","",(SUM(E20)-F20)) | H20: =IF(D20="","",(D20*G20)) | N20: =IF(L20="","",($G$10)) | O20: =IF(L20="","",(SUM(M20)-N20)) | P20: =IF(L20="","",(L20*O20))
F21: =IF(D21="","",(SUM($G$9))) | G21: =IF(D21="","",(SUM(E21)-F21)) | H21: =IF(D21="","",(D21*G21)) | N21: =IF(L21="","",($G$10)) | O21: =IF(L21="","",(SUM(M21)-N21)) | P21: =IF(L21="","",(L21*O21))
F22: =IF(D22="","",(SUM($G$9))) | G22: =IF(D22="","",(SUM(E22)-F22)) | H22: =IF(D22="","",(D22*G22)) | N22: =IF(L22="","",($G$10)) | O22: =IF(L22="","",(SUM(M22)-N22)) | P22: =IF(L22="","",(L22*O22))
B23: 소 계 | D23: =SUM(D16:D22) -> 0 | H23: =SUM(H16:H22) -> 0 | J23: 소 계 | L23: =SUM(L16:L22) -> 0 | P23: =SUM(P16:P22) -> 0
B26: 마 감 재 고 | G26: [단위:리터/원] | J26: 입 고 내 역 | O26: [단위:리터/원]
B27: 유종 | C27: 수량 | E27: 단가 | G27: 환산금액 | J27: 유종 | K27: 수량 | M27: 사입단가 | O27: 환산금액
B28: G | C28: 0 | E28: 0 | G28: 0 | J28: G | K28: 0 | M28: 0 | O28: 0
B29: K | C29: =$E$9-$D$23 -> 44405 | E29: =$G$9 -> 993.5743 | G29: =C29*E29 -> 44119667 | J29: K | K29: 32000 | M29: 1019.5 | O29: =K29*M29 -> 32624000
B30: D | C30: =$E$10-$L$23 -> 154931 | E30: =$G$10 -> 1462.5815 | G30: =C30*E30 -> 2.2659921e+08 | J30: D | O30: =K30*M30 -> 0
B33: 복 합 단 가
B34: 유종 | C34: 수량 | E34: 금액 | G34: 복 합 단 가
B35: G | C35: 0 | E35: 0 | G35: 0
B36: K | C36: =$C$29+$K$29 -> 76405 | E36: =$G$29+$O$29 -> 76743667 | G36: =E36/C36 -> 1004.4325
B37: D | C37: =$C$30+$K$30 -> 154931 | E37: =$G$30+$O$30 -> 2.2659921e+08 | G37: =E37/C37 -> 1462.5815
B39: 재 고 현 황 | O39: [단위:리터/원]
C40: 전일 | F40: 금일 | N40: 복합단가 | O40: 증감
C41: 재고 | F41: 입고 | H41: 출고 | K41: 마 감 재 고 | M41: 재고율
B42: 휘발유
B43: 등 유 | C43: =SUM($E$9) -> 44405 | F43: =$K$29 -> 32000 | H43: =$D$23 -> 0 | K43: =$C$43-$H$43+$F$43+$O$43 -> 76405 | M43: =SUM($K$43)/$D$9 -> 0.382025 | N43: =$G$36 -> 1004.4325
B44: 경 유 | C44: =SUM($E$10) -> 154931 | F44: =$K$30 -> 0 | H44: =$L$23 -> 0 | K44: =$C$44-$H$44+$F$44+$O$44 -> 154931 | M44: =SUM($K$44)/D10 -> 0.3873275 | N44: =$G$37 -> 1462.5815
G45: 복합단가의 재고수량과 단가는 보관물량 제외니 참고해주세요!

Sheet 0213
B1: ◈ KK저장소 복합단가 운영표 - 신도시저장소
B5: 이 월 재 고 | G5: [단위:리터/원]
B7: 유종 | D7: 탱크용량 | E7: 재고수량 | F7: 재고율 | G7: 단가
C8: G | D8: 0 | E8: 0 | F8: 0 | G8: 0
C9: K | D9: 200000 | E9: =SUM('0212 (입고)'!$K$43:$L$43) -> 76405 | F9: =SUM(E9)/D9 -> 0.382025 | G9: =SUM('0212 (입고)'!$N$43) -> 1004.4325
C10: D | D10: 400000 | E10: =SUM('0212 (입고)'!$K$44:$L$44) -> 154931 | F10: =SUM(E10)/D10 -> 0.3873275 | G10: =SUM('0212 (입고)'!$N$44) -> 1462.5815
B13: 출고내역(K) | G13: [단위:리터/원] | J13: 출고내역(LD) | O13: [단위:리터/원]
B14: 유종 | C14: 일반매출(사내이관 포함) | J14: 유종 | K14: 일반매출(사내이관 포함)
C15: 거래처명 | D15: 수량 | E15: 출고단가 | F15: 재고단가 | G15: 단가차액 | H15: 이익 | K15: 거래처명 | L15: 수량 | M15: 출고단가 | N15: 재고단가 | O15: 단가차액 | P15: 이익
B16: 실내 등유 | F16: =IF(D16="","",(SUM($G$9))) | G16: =IF(D16="","",(SUM(E16)-F16)) | H16: =IF(D16="","",(D16*G16)) | J16: 경유 | N16: =IF(L16="","",($G$10)) | O16: =IF(L16="","",(SUM(M16)-N16)) | P16: =IF(L16="","",(L16*O16))
F17: =IF(D17="","",(SUM($G$9))) | G17: =IF(D17="","",(SUM(E17)-F17)) | H17: =IF(D17="","",(D17*G17)) | N17: =IF(L17="","",($G$10)) | O17: =IF(L17="","",(SUM(M17)-N17)) | P17: =IF(L17="","",(L17*O17))
F18: =IF(D18="","",(SUM($G$9))) | G18: =IF(D18="","",(SUM(E18)-F18)) | H18: =IF(D18="","",(D18*G18)) | N18: =IF(L18="","",($G$10)) | O18: =IF(L18="","",(SUM(M18)-N18)) | P18: =IF(L18="","",(L18*O18))
F19: =IF(D19="","",(SUM($G$9))) | G19: =IF(D19="","",(SUM(E19)-F19)) | H19: =IF(D19="","",(D19*G19)) | N19: =IF(L19="","",($G$10)) | O19: =IF(L19="","",(SUM(M19)-N19)) | P19: =IF(L19="","",(L19*O19))
F20: =IF(D20="","",(SUM($G$9))) | G20: =IF(D20="","",(SUM(E20)-F20)) | H20: =IF(D20="","",(D20*G20)) | N20: =IF(L20="","",($G$10)) | O20: =IF(L20="","",(SUM(M20)-N20)) | P20: =IF(L20="","",(L20*O20))
F21: =IF(D21="","",(SUM($G$9))) | G21: =IF(D21="","",(SUM(E21)-F21)) | H21: =IF(D21="","",(D21*G21)) | N21: =IF(L21="","",($G$10)) | O21: =IF(L21="","",(SUM(M21)-N21)) | P21: =IF(L21="","",(L21*O21))
F22: =IF(D22="","",(SUM($G$9))) | G22: =IF(D22="","",(SUM(E22)-F22)) | H22: =IF(D22="","",(D22*G22)) | N22: =IF(L22="","",($G$10)) | O22: =IF(L22="","",(SUM(M22)-N22)) | P22: =IF(L22="","",(L22*O22))
B23: 소 계 | D23: =SUM(D16:D22) -> 0 | H23: =SUM(H16:H22) -> 0 | J23: 소 계 | L23: =SUM(L16:L22) -> 0 | P23: =SUM(P16:P22) -> 0
B26: 마 감 재 고 | G26: [단위:리터/원] | J26: 입 고 내 역 | O26: [단위:리터/원]
B27: 유종 | C27: 수량 | E27: 단가 | G27: 환산금액 | J27: 유종 | K27: 수량 | M27: 사입단가 | O27: 환산금액
B28: G | C28: 0 | E28: 0 | G28: 0 | J28: G | K28: 0 | M28: 0 | O28: 0
B29: K | C29: =$E$9-$D$23 -> 76405 | E29: =$G$9 -> 1004.4325 | G29: =C29*E29 -> 76743667 | J29: K | O29: =K29*M29 -> 0
B30: D | C30: =$E$10-$L$23 -> 154931 | E30: =$G$10 -> 1462.5815 | G30: =C30*E30 -> 2.2659921e+08 | J30: D | O30: =K30*M30 -> 0
B33: 복 합 단 가
B34: 유종 | C34: 수량 | E34: 금액 | G34: 복 합 단 가
B35: G | C35: 0 | E35: 0 | G35: 0
B36: K | C36: =$C$29+$K$29 -> 76405 | E36: =$G$29+$O$29 -> 76743667 | G36: =E36/C36 -> 1004.4325
B37: D | C37: =$C$30+$K$30 -> 154931 | E37: =$G$30+$O$30 -> 2.2659921e+08 | G37: =E37/C37 -> 1462.5815
B39: 재 고 현 황 | O39: [단위:리터/원]
C40: 전일 | F40: 금일 | N40: 복합단가 | O40: 증감
C41: 재고 | F41: 입고 | H41: 출고 | K41: 마 감 재 고 | M41: 재고율
B42: 휘발유
B43: 등 유 | C43: =SUM($E$9) -> 76405 | F43: =$K$29 -> 0 | H43: =$D$23 -> 0 | K43: =$C$43-$H$43+$F$43+$O$43 -> 76405 | M43: =SUM($K$43)/$D$9 -> 0.382025 | N43: =$G$36 -> 1004.4325
B44: 경 유 | C44: =SUM($E$10) -> 154931 | F44: =$K$30 -> 0 | H44: =$L$23 -> 0 | K44: =$C$44-$H$44+$F$44+$O$44 -> 154931 | M44: =SUM($K$44)/D10 -> 0.3873275 | N44: =$G$37 -> 1462.5815
G45: 복합단가의 재고수량과 단가는 보관물량 제외니 참고해주세요!

Sheet 0213 (입고)
B1: ◈ KK저장소 복합단가 운영표 - 신도시저장소
B5: 이 월 재 고 | G5: [단위:리터/원]
B7: 유종 | D7: 탱크용량 | E7: 재고수량 | F7: 재고율 | G7: 단가
C8: G | D8: 0 | E8: 0 | F8: 0 | G8: 0
C9: K | D9: 200000 | E9: =SUM('0213'!$K$43:$L$43) -> 76405 | F9: =SUM(E9)/D9 -> 0.382025 | G9: =SUM('0213'!$N$43) -> 1004.4325
C10: D | D10: 400000 | E10: =SUM('0213'!$K$44:$L$44) -> 154931 | F10: =SUM(E10)/D10 -> 0.3873275 | G10: =SUM('0213'!$N$44) -> 1462.5815
B13: 출고내역(K) | G13: [단위:리터/원] | J13: 출고내역(LD) | O13: [단위:리터/원]
B14: 유종 | C14: 일반매출(사내이관 포함) | J14: 유종 | K14: 일반매출(사내이관 포함)
C15: 거래처명 | D15: 수량 | E15: 출고단가 | F15: 재고단가 | G15: 단가차액 | H15: 이익 | K15: 거래처명 | L15: 수량 | M15: 출고단가 | N15: 재고단가 | O15: 단가차액 | P15: 이익
B16: 실내 등유 | F16: =IF(D16="","",(SUM($G$9))) | G16: =IF(D16="","",(SUM(E16)-F16)) | H16: =IF(D16="","",(D16*G16)) | J16: 경유 | N16: =IF(L16="","",($G$10)) | O16: =IF(L16="","",(SUM(M16)-N16)) | P16: =IF(L16="","",(L16*O16))
F17: =IF(D17="","",(SUM($G$9))) | G17: =IF(D17="","",(SUM(E17)-F17)) | H17: =IF(D17="","",(D17*G17)) | N17: =IF(L17="","",($G$10)) | O17: =IF(L17="","",(SUM(M17)-N17)) | P17: =IF(L17="","",(L17*O17))
F18: =IF(D18="","",(SUM($G$9))) | G18: =IF(D18="","",(SUM(E18)-F18)) | H18: =IF(D18="","",(D18*G18)) | N18: =IF(L18="","",($G$10)) | O18: =IF(L18="","",(SUM(M18)-N18)) | P18: =IF(L18="","",(L18*O18))
F19: =IF(D19="","",(SUM($G$9))) | G19: =IF(D19="","",(SUM(E19)-F19)) | H19: =IF(D19="","",(D19*G19)) | N19: =IF(L19="","",($G$10)) | O19: =IF(L19="","",(SUM(M19)-N19)) | P19: =IF(L19="","",(L19*O19))
F20: =IF(D20="","",(SUM($G$9))) | G20: =IF(D20="","",(SUM(E20)-F20)) | H20: =IF(D20="","",(D20*G20)) | N20: =IF(L20="","",($G$10)) | O20: =IF(L20="","",(SUM(M20)-N20)) | P20: =IF(L20="","",(L20*O20))
F21: =IF(D21="","",(SUM($G$9))) | G21: =IF(D21="","",(SUM(E21)-F21)) | H21: =IF(D21="","",(D21*G21)) | N21: =IF(L21="","",($G$10)) | O21: =IF(L21="","",(SUM(M21)-N21)) | P21: =IF(L21="","",(L21*O21))
F22: =IF(D22="","",(SUM($G$9))) | G22: =IF(D22="","",(SUM(E22)-F22)) | H22: =IF(D22="","",(D22*G22)) | N22: =IF(L22="","",($G$10)) | O22: =IF(L22="","",(SUM(M22)-N22)) | P22: =IF(L22="","",(L22*O22))
B23: 소 계 | D23: =SUM(D16:D22) -> 0 | H23: =SUM(H16:H22) -> 0 | J23: 소 계 | L23: =SUM(L16:L22) -> 0 | P23: =SUM(P16:P22) -> 0
B26: 마 감 재 고 | G26: [단위:리터/원] | J26: 입 고 내 역 | O26: [단위:리터/원]
B27: 유종 | C27: 수량 | E27: 단가 | G27: 환산금액 | J27: 유종 | K27: 수량 | M27: 사입단가 | O27: 환산금액
B28: G | C28: 0 | E28: 0 | G28: 0 | J28: G | K28: 0 | M28: 0 | O28: 0
B29: K | C29: =$E$9-$D$23 -> 76405 | E29: =$G$9 -> 1004.4325 | G29: =C29*E29 -> 76743667 | J29: K | O29: =K29*M29 -> 0
B30: D | C30: =$E$10-$L$23 -> 154931 | E30: =$G$10 -> 1462.5815 | G30: =C30*E30 -> 2.2659921e+08 | J30: D | K30: 32000 | M30: 1526.1 | O30: =K30*M30 -> 48835200
B33: 복 합 단 가
B34: 유종 | C34: 수량 | E34: 금액 | G34: 복 합 단 가
B35: G | C35: 0 | E35: 0 | G35: 0
B36: K | C36: =$C$29+$K$29 -> 76405 | E36: =$G$29+$O$29 -> 76743667 | G36: =E36/C36 -> 1004.4325
B37: D | C37: =$C$30+$K$30 -> 186931 | E37: =$G$30+$O$30 -> 2.7543441e+08 | G37: =E37/C37 -> 1473.455
B39: 재 고 현 황 | O39: [단위:리터/원]
C40: 전일 | F40: 금일 | N40: 복합단가 | O40: 증감
C41: 재고 | F41: 입고 | H41: 출고 | K41: 마 감 재 고 | M41: 재고율
B42: 휘발유
B43: 등 유 | C43: =SUM($E$9) -> 76405 | F43: =$K$29 -> 0 | H43: =$D$23 -> 0 | K43: =$C$43-$H$43+$F$43+$O$43 -> 76405 | M43: =SUM($K$43)/$D$9 -> 0.382025 | N43: =$G$36 -> 1004.4325
B44: 경 유 | C44: =SUM($E$10) -> 154931 | F44: =$K$30 -> 32000 | H44: =$L$23 -> 0 | K44: =$C$44-$H$44+$F$44+$O$44 -> 186931 | M44: =SUM($K$44)/D10 -> 0.4673275 | N44: =$G$37 -> 1473.455
G45: 복합단가의 재고수량과 단가는 보관물량 제외니 참고해주세요!

Sheet 0214 (입고)
B1: ◈ KK저장소 복합단가 운영표 - 신도시저장소
B5: 이 월 재 고 | G5: [단위:리터/원]
B7: 유종 | D7: 탱크용량 | E7: 재고수량 | F7: 재고율 | G7: 단가
C8: G | D8: 0 | E8: 0 | F8: 0 | G8: 0
C9: K | D9: 200000 | E9: =SUM('0213 (입고)'!$K$43:$L$43) -> 76405 | F9: =SUM(E9)/D9 -> 0.382025 | G9: =SUM('0213 (입고)'!$N$43) -> 1004.4325
C10: D | D10: 400000 | E10: =SUM('0213 (입고)'!$K$44:$L$44) -> 186931 | F10: =SUM(E10)/D10 -> 0.4673275 | G10: =SUM('0213 (입고)'!$N$44) -> 1473.455
B13: 출고내역(K) | G13: [단위:리터/원] | J13: 출고내역(LD) | O13: [단위:리터/원]
B14: 유종 | C14: 일반매출(사내이관 포함) | J14: 유종 | K14: 일반매출(사내이관 포함)
C15: 거래처명 | D15: 수량 | E15: 출고단가 | F15: 재고단가 | G15: 단가차액 | H15: 이익 | K15: 거래처명 | L15: 수량 | M15: 출고단가 | N15: 재고단가 | O15: 단가차액 | P15: 이익
B16: 실내 등유 | F16: =IF(D16="","",(SUM($G$9))) | G16: =IF(D16="","",(SUM(E16)-F16)) | H16: =IF(D16="","",(D16*G16)) | J16: 경유 | N16: =IF(L16="","",($G$10)) | O16: =IF(L16="","",(SUM(M16)-N16)) | P16: =IF(L16="","",(L16*O16))
F17: =IF(D17="","",(SUM($G$9))) | G17: =IF(D17="","",(SUM(E17)-F17)) | H17: =IF(D17="","",(D17*G17)) | N17: =IF(L17="","",($G$10)) | O17: =IF(L17="","",(SUM(M17)-N17)) | P17: =IF(L17="","",(L17*O17))
F18: =IF(D18="","",(SUM($G$9))) | G18: =IF(D18="","",(SUM(E18)-F18)) | H18: =IF(D18="","",(D18*G18)) | N18: =IF(L18="","",($G$10)) | O18: =IF(L18="","",(SUM(M18)-N18)) | P18: =IF(L18="","",(L18*O18))
F19: =IF(D19="","",(SUM($G$9))) | G19: =IF(D19="","",(SUM(E19)-F19)) | H19: =IF(D19="","",(D19*G19)) | N19: =IF(L19="","",($G$10)) | O19: =IF(L19="","",(SUM(M19)-N19)) | P19: =IF(L19="","",(L19*O19))
F20: =IF(D20="","",(SUM($G$9))) | G20: =IF(D20="","",(SUM(E20)-F20)) | H20: =IF(D20="","",(D20*G20)) | N20: =IF(L20="","",($G$10)) | O20: =IF(L20="","",(SUM(M20)-N20)) | P20: =IF(L20="","",(L20*O20))
F21: =IF(D21="","",(SUM($G$9))) | G21: =IF(D21="","",(SUM(E21)-F21)) | H21: =IF(D21="","",(D21*G21)) | N21: =IF(L21="","",($G$10)) | O21: =IF(L21="","",(SUM(M21)-N21)) | P21: =IF(L21="","",(L21*O21))
F22: =IF(D22="","",(SUM($G$9))) | G22: =IF(D22="","",(SUM(E22)-F22)) | H22: =IF(D22="","",(D22*G22)) | N22: =IF(L22="","",($G$10)) | O22: =IF(L22="","",(SUM(M22)-N22)) | P22: =IF(L22="","",(L22*O22))
B23: 소 계 | D23: =SUM(D16:D22) -> 0 | H23: =SUM(H16:H22) -> 0 | J23: 소 계 | L23: =SUM(L16:L22) -> 0 | P23: =SUM(P16:P22) -> 0
B26: 마 감 재 고 | G26: [단위:리터/원] | J26: 입 고 내 역 | O26: [단위:리터/원]
B27: 유종 | C27: 수량 | E27: 단가 | G27: 환산금액 | J27: 유종 | K27: 수량 | M27: 사입단가 | O27: 환산금액
B28: G | C28: 0 | E28: 0 | G28: 0 | J28: G | K28: 0 | M28: 0 | O28: 0
B29: K | C29: =$E$9-$D$23 -> 76405 | E29: =$G$9 -> 1004.4325 | G29: =C29*E29 -> 76743667 | J29: K | K29: 32000 | M29: 1019.5 | O29: =K29*M29 -> 32624000
B30: D | C30: =$E$10-$L$23 -> 186931 | E30: =$G$10 -> 1473.455 | G30: =C30*E30 -> 2.7543441e+08 | J30: D | O30: =K30*M30 -> 0
B33: 복 합 단 가
B34: 유종 | C34: 수량 | E34: 금액 | G34: 복 합 단 가
B35: G | C35: 0 | E35: 0 | G35: 0
B36: K | C36: =$C$29+$K$29 -> 108405 | E36: =$G$29+$O$29 -> 1.0936767e+08 | G36: =E36/C36 -> 1008.8803
B37: D | C37: =$C$30+$K$30 -> 186931 | E37: =$G$30+$O$30 -> 2.7543441e+08 | G37: =E37/C37 -> 1473.455
B39: 재 고 현 황 | O39: [단위:리터/원]
C40: 전일 | F40: 금일 | N40: 복합단가 | O40: 증감
C41: 재고 | F41: 입고 | H41: 출고 | K41: 마 감 재 고 | M41: 재고율
B42: 휘발유
B43: 등 유 | C43: =SUM($E$9) -> 76405 | F43: =$K$29 -> 32000 | H43: =$D$23 -> 0 | K43: =$C$43-$H$43+$F$43+$O$43 -> 108405 | M43: =SUM($K$43)/$D$9 -> 0.542025 | N43: =$G$36 -> 1008.8803
B44: 경 유 | C44: =SUM($E$10) -> 186931 | F44: =$K$30 -> 0 | H44: =$L$23 -> 0 | K44: =$C$44-$H$44+$F$44+$O$44 -> 186931 | M44: =SUM($K$44)/D10 -> 0.4673275 | N44: =$G$37 -> 1473.455
G45: 복합단가의 재고수량과 단가는 보관물량 제외니 참고해주세요!

Sheet 0224
B1: ◈ KK저장소 복합단가 운영표 - 신도시저장소
B5: 이 월 재 고 | G5: [단위:리터/원]
B7: 유종 | D7: 탱크용량 | E7: 재고수량 | F7: 재고율 | G7: 단가
C8: G | D8: 0 | E8: 0 | F8: 0 | G8: 0
C9: K | D9: 200000 | E9: =SUM('0214 (입고)'!$K$43:$L$43) -> 108405 | F9: =SUM(E9)/D9 -> 0.542025 | G9: =SUM('0214 (입고)'!$N$43) -> 1008.8803
C10: D | D10: 400000 | E10: =SUM('0214 (입고)'!$K$44:$L$44) -> 186931 | F10: =SUM(E10)/D10 -> 0.4673275 | G10: =SUM('0214 (입고)'!$N$44) -> 1473.455
B13: 출고내역(K) | G13: [단위:리터/원] | J13: 출고내역(LD) | O13: [단위:리터/원]
B14: 유종 | C14: 일반매출(사내이관 포함) | J14: 유종 | K14: 일반매출(사내이관 포함)
C15: 거래처명 | D15: 수량 | E15: 출고단가 | F15: 재고단가 | G15: 단가차액 | H15: 이익 | K15: 거래처명 | L15: 수량 | M15: 출고단가 | N15: 재고단가 | O15: 단가차액 | P15: 이익
B16: 실내 등유 | F16: =IF(D16="","",(SUM($G$9))) | G16: =IF(D16="","",(SUM(E16)-F16)) | H16: =IF(D16="","",(D16*G16)) | J16: 경유 | K16: 고아농협 | L16: 3000 | N16: =IF(L16="","",($G$10)) -> 1473.455 | O16: =IF(L16="","",(SUM(M16)-N16)) -> -1473.455 | P16: =IF(L16="","",(L16*O16)) -> -4420364.9
F17: =IF(D17="","",(SUM($G$9))) | G17: =IF(D17="","",(SUM(E17)-F17)) | H17: =IF(D17="","",(D17*G17)) | N17: =IF(L17="","",($G$10)) | O17: =IF(L17="","",(SUM(M17)-N17)) | P17: =IF(L17="","",(L17*O17))
F18: =IF(D18="","",(SUM($G$9))) | G18: =IF(D18="","",(SUM(E18)-F18)) | H18: =IF(D18="","",(D18*G18)) | N18: =IF(L18="","",($G$10)) | O18: =IF(L18="","",(SUM(M18)-N18)) | P18: =IF(L18="","",(L18*O18))
F19: =IF(D19="","",(SUM($G$9))) | G19: =IF(D19="","",(SUM(E19)-F19)) | H19: =IF(D19="","",(D19*G19)) | N19: =IF(L19="","",($G$10)) | O19: =IF(L19="","",(SUM(M19)-N19)) | P19: =IF(L19="","",(L19*O19))
F20: =IF(D20="","",(SUM($G$9))) | G20: =IF(D20="","",(SUM(E20)-F20)) | H20: =IF(D20="","",(D20*G20)) | N20: =IF(L20="","",($G$10)) | O20: =IF(L20="","",(SUM(M20)-N20)) | P20: =IF(L20="","",(L20*O20))
F21: =IF(D21="","",(SUM($G$9))) | G21: =IF(D21="","",(SUM(E21)-F21)) | H21: =IF(D21="","",(D21*G21)) | N21: =IF(L21="","",($G$10)) | O21: =IF(L21="","",(SUM(M21)-N21)) | P21: =IF(L21="","",(L21*O21))
F22: =IF(D22="","",(SUM($G$9))) | G22: =IF(D22="","",(SUM(E22)-F22)) | H22: =IF(D22="","",(D22*G22)) | N22: =IF(L22="","",($G$10)) | O22: =IF(L22="","",(SUM(M22)-N22)) | P22: =IF(L22="","",(L22*O22))
B23: 소 계 | D23: =SUM(D16:D22) -> 0 | H23: =SUM(H16:H22) -> 0 | J23: 소 계 | L23: =SUM(L16:L22) -> 3000 | P23: =SUM(P16:P22) -> -4420364.9
B26: 마 감 재 고 | G26: [단위:리터/원] | J26: 입 고 내 역 | O26: [단위:리터/원]
B27: 유종 | C27: 수량 | E27: 단가 | G27: 환산금액 | J27: 유종 | K27: 수량 | M27: 사입단가 | O27: 환산금액
B28: G | C28: 0 | E28: 0 | G28: 0 | J28: G | K28: 0 | M28: 0 | O28: 0
B29: K | C29: =$E$9-$D$23 -> 108405 | E29: =$G$9 -> 1008.8803 | G29: =C29*E29 -> 1.0936767e+08 | J29: K | O29: =K29*M29 -> 0
B30: D | C30: =$E$10-$L$23 -> 183931 | E30: =$G$10 -> 1473.455 | G30: =C30*E30 -> 2.7101404e+08 | J30: D | O30: =K30*M30 -> 0
B33: 복 합 단 가
B34: 유종 | C34: 수량 | E34: 금액 | G34: 복 합 단 가
B35: G | C35: 0 | E35: 0 | G35: 0
B36: K | C36: =$C$29+$K$29 -> 108405 | E36: =$G$29+$O$29 -> 1.0936767e+08 | G36: =E36/C36 -> 1008.8803
B37: D | C37: =$C$30+$K$30 -> 183931 | E37: =$G$30+$O$30 -> 2.7101404e+08 | G37: =E37/C37 -> 1473.455
B39: 재 고 현 황 | O39: [단위:리터/원]
C40: 전일 | F40: 금일 | N40: 복합단가 | O40: 증감
C41: 재고 | F41: 입고 | H41: 출고 | K41: 마 감 재 고 | M41: 재고율
B42: 휘발유
B43: 등 유 | C43: =SUM($E$9) -> 108405 | F43: =$K$29 -> 0 | H43: =$D$23 -> 0 | K43: =$C$43-$H$43+$F$43+$O$43 -> 108405 | M43: =SUM($K$43)/$D$9 -> 0.542025 | N43: =$G$36 -> 1008.8803
B44: 경 유 | C44: =SUM($E$10) -> 186931 | F44: =$K$30 -> 0 | H44: =$L$23 -> 3000 | K44: =$C$44-$H$44+$F$44+$O$44 -> 183931 | M44: =SUM($K$44)/D10 -> 0.4598275 | N44: =$G$37 -> 1473.455
G45: 복합단가의 재고수량과 단가는 보관물량 제외니 참고해주세요!

Sheet 0225
B1: ◈ KK저장소 복합단가 운영표 - 신도시저장소
B5: 이 월 재 고 | G5: [단위:리터/원]
B7: 유종 | D7: 탱크용량 | E7: 재고수량 | F7: 재고율 | G7: 단가
C8: G | D8: 0 | E8: 0 | F8: 0 | G8: 0
C9: K | D9: 200000 | E9: =SUM('0224'!$K$43:$L$43) -> 108405 | F9: =SUM(E9)/D9 -> 0.542025 | G9: =SUM('0224'!$N$43) -> 1008.8803
C10: D | D10: 400000 | E10: =SUM('0224'!$K$44:$L$44) -> 183931 | F10: =SUM(E10)/D10 -> 0.4598275 | G10: =SUM('0224'!$N$44) -> 1473.455
B13: 출고내역(K) | G13: [단위:리터/원] | J13: 출고내역(LD) | O13: [단위:리터/원]
B14: 유종 | C14: 일반매출(사내이관 포함) | J14: 유종 | K14: 일반매출(사내이관 포함)
C15: 거래처명 | D15: 수량 | E15: 출고단가 | F15: 재고단가 | G15: 단가차액 | H15: 이익 | K15: 거래처명 | L15: 수량 | M15: 출고단가 | N15: 재고단가 | O15: 단가차액 | P15: 이익
B16: 실내 등유 | C16: 코리아 | D16: 28000 | F16: =IF(D16="","",(SUM($G$9))) -> 1008.8803 | G16: =IF(D16="","",(SUM(E16)-F16)) -> -1008.8803 | H16: =IF(D16="","",(D16*G16)) -> -28248648 | J16: 경유 | K16: 가산 | L16: 32000 | N16: =IF(L16="","",($G$10)) -> 1473.455 | O16: =IF(L16="","",(SUM(M16)-N16)) -> -1473.455 | P16: =IF(L16="","",(L16*O16)) -> -47150559
C17: 경천 | D17: 32000 | F17: =IF(D17="","",(SUM($G$9))) -> 1008.8803 | G17: =IF(D17="","",(SUM(E17)-F17)) -> -1008.8803 | H17: =IF(D17="","",(D17*G17)) -> -32284169 | K17: 경천 | L17: 32000 | N17: =IF(L17="","",($G$10)) -> 1473.455 | O17: =IF(L17="","",(SUM(M17)-N17)) -> -1473.455 | P17: =IF(L17="","",(L17*O17)) -> -47150559
C18: 매곡 | D18: 28000 | F18: =IF(D18="","",(SUM($G$9))) -> 1008.8803 | G18: =IF(D18="","",(SUM(E18)-F18)) -> -1008.8803 | H18: =IF(D18="","",(D18*G18)) -> -28248648 | N18: =IF(L18="","",($G$10)) | O18: =IF(L18="","",(SUM(M18)-N18)) | P18: =IF(L18="","",(L18*O18))
F19: =IF(D19="","",(SUM($G$9))) | G19: =IF(D19="","",(SUM(E19)-F19)) | H19: =IF(D19="","",(D19*G19)) | N19: =IF(L19="","",($G$10)) | O19: =IF(L19="","",(SUM(M19)-N19)) | P19: =IF(L19="","",(L19*O19))
F20: =IF(D20="","",(SUM($G$9))) | G20: =IF(D20="","",(SUM(E20)-F20)) | H20: =IF(D20="","",(D20*G20)) | N20: =IF(L20="","",($G$10)) | O20: =IF(L20="","",(SUM(M20)-N20)) | P20: =IF(L20="","",(L20*O20))
F21: =IF(D21="","",(SUM($G$9))) | G21: =IF(D21="","",(SUM(E21)-F21)) | H21: =IF(D21="","",(D21*G21)) | N21: =IF(L21="","",($G$10)) | O21: =IF(L21="","",(SUM(M21)-N21)) | P21: =IF(L21="","",(L21*O21))
F22: =IF(D22="","",(SUM($G$9))) | G22: =IF(D22="","",(SUM(E22)-F22)) | H22: =IF(D22="","",(D22*G22)) | N22: =IF(L22="","",($G$10)) | O22: =IF(L22="","",(SUM(M22)-N22)) | P22: =IF(L22="","",(L22*O22))
B23: 소 계 | D23: =SUM(D16:D22) -> 88000 | H23: =SUM(H16:H22) -> -88781465 | J23: 소 계 | L23: =SUM(L16:L22) -> 64000 | P23: =SUM(P16:P22) -> -94301118
B26: 마 감 재 고 | G26: [단위:리터/원] | J26: 입 고 내 역 | O26: [단위:리터/원]
B27: 유종 | C27: 수량 | E27: 단가 | G27: 환산금액 | J27: 유종 | K27: 수량 | M27: 사입단가 | O27: 환산금액
B28: G | C28: 0 | E28: 0 | G28: 0 | J28: G | K28: 0 | M28: 0 | O28: 0
B29: K | C29: =$E$9-$D$23 -> 20405 | E29: =$G$9 -> 1008.8803 | G29: =C29*E29 -> 20586202 | J29: K | O29: =K29*M29 -> 0
B30: D | C30: =$E$10-$L$23 -> 119931 | E30: =$G$10 -> 1473.455 | G30: =C30*E30 -> 1.7671293e+08 | J30: D | O30: =K30*M30 -> 0
B33: 복 합 단 가
B34: 유종 | C34: 수량 | E34: 금액 | G34: 복 합 단 가
B35: G | C35: 0 | E35: 0 | G35: 0
B36: K | C36: =$C$29+$K$29 -> 20405 | E36: =$G$29+$O$29 -> 20586202 | G36: =E36/C36 -> 1008.8803
B37: D | C37: =$C$30+$K$30 -> 119931 | E37: =$G$30+$O$30 -> 1.7671293e+08 | G37: =E37/C37 -> 1473.455
B39: 재 고 현 황 | O39: [단위:리터/원]
C40: 전일 | F40: 금일 | N40: 복합단가 | O40: 증감
C41: 재고 | F41: 입고 | H41: 출고 | K41: 마 감 재 고 | M41: 재고율
B42: 휘발유
B43: 등 유 | C43: =SUM($E$9) -> 108405 | F43: =$K$29 -> 0 | H43: =$D$23 -> 88000 | K43: =$C$43-$H$43+$F$43+$O$43 -> 20405 | M43: =SUM($K$43)/$D$9 -> 0.102025 | N43: =$G$36 -> 1008.8803
B44: 경 유 | C44: =SUM($E$10) -> 183931 | F44: =$K$30 -> 0 | H44: =$L$23 -> 64000 | K44: =$C$44-$H$44+$F$44+$O$44 -> 119931 | M44: =SUM($K$44)/D10 -> 0.2998275 | N44: =$G$37 -> 1473.455
G45: 복합단가의 재고수량과 단가는 보관물량 제외니 참고해주세요!

Sheet 0227 (입고)
B1: ◈ KK저장소 복합단가 운영표 - 신도시저장소
B5: 이 월 재 고 | G5: [단위:리터/원]
B7: 유종 | D7: 탱크용량 | E7: 재고수량 | F7: 재고율 | G7: 단가
C8: G | D8: 0 | E8: 0 | F8: 0 | G8: 0
C9: K | D9: 200000 | E9: =SUM('0225'!$K$43:$L$43) -> 20405 | F9: =SUM(E9)/D9 -> 0.102025 | G9: =SUM('0225'!$N$43) -> 1008.8803
C10: D | D10: 400000 | E10: =SUM('0225'!$K$44:$L$44) -> 119931 | F10: =SUM(E10)/D10 -> 0.2998275 | G10: =SUM('0225'!$N$44) -> 1473.455
B13: 출고내역(K) | G13: [단위:리터/원] | J13: 출고내역(LD) | O13: [단위:리터/원]
B14: 유종 | C14: 일반매출(사내이관 포함) | J14: 유종 | K14: 일반매출(사내이관 포함)
C15: 거래처명 | D15: 수량 | E15: 출고단가 | F15: 재고단가 | G15: 단가차액 | H15: 이익 | K15: 거래처명 | L15: 수량 | M15: 출고단가 | N15: 재고단가 | O15: 단가차액 | P15: 이익
B16: 실내 등유 | F16: =IF(D16="","",(SUM($G$9))) | G16: =IF(D16="","",(SUM(E16)-F16)) | H16: =IF(D16="","",(D16*G16)) | J16: 경유 | N16: =IF(L16="","",($G$10)) | O16: =IF(L16="","",(SUM(M16)-N16)) | P16: =IF(L16="","",(L16*O16))
F17: =IF(D17="","",(SUM($G$9))) | G17: =IF(D17="","",(SUM(E17)-F17)) | H17: =IF(D17="","",(D17*G17)) | N17: =IF(L17="","",($G$10)) | O17: =IF(L17="","",(SUM(M17)-N17)) | P17: =IF(L17="","",(L17*O17))
F18: =IF(D18="","",(SUM($G$9))) | G18: =IF(D18="","",(SUM(E18)-F18)) | H18: =IF(D18="","",(D18*G18)) | N18: =IF(L18="","",($G$10)) | O18: =IF(L18="","",(SUM(M18)-N18)) | P18: =IF(L18="","",(L18*O18))
F19: =IF(D19="","",(SUM($G$9))) | G19: =IF(D19="","",(SUM(E19)-F19)) | H19: =IF(D19="","",(D19*G19)) | N19: =IF(L19="","",($G$10)) | O19: =IF(L19="","",(SUM(M19)-N19)) | P19: =IF(L19="","",(L19*O19))
F20: =IF(D20="","",(SUM($G$9))) | G20: =IF(D20="","",(SUM(E20)-F20)) | H20: =IF(D20="","",(D20*G20)) | N20: =IF(L20="","",($G$10)) | O20: =IF(L20="","",(SUM(M20)-N20)) | P20: =IF(L20="","",(L20*O20))
F21: =IF(D21="","",(SUM($G$9))) | G21: =IF(D21="","",(SUM(E21)-F21)) | H21: =IF(D21="","",(D21*G21)) | N21: =IF(L21="","",($G$10)) | O21: =IF(L21="","",(SUM(M21)-N21)) | P21: =IF(L21="","",(L21*O21))
F22: =IF(D22="","",(SUM($G$9))) | G22: =IF(D22="","",(SUM(E22)-F22)) | H22: =IF(D22="","",(D22*G22)) | N22: =IF(L22="","",($G$10)) | O22: =IF(L22="","",(SUM(M22)-N22)) | P22: =IF(L22="","",(L22*O22))
B23: 소 계 | D23: =SUM(D16:D22) -> 0 | H23: =SUM(H16:H22) -> 0 | J23: 소 계 | L23: =SUM(L16:L22) -> 0 | P23: =SUM(P16:P22) -> 0
B26: 마 감 재 고 | G26: [단위:리터/원] | J26: 입 고 내 역 | O26: [단위:리터/원]
B27: 유종 | C27: 수량 | E27: 단가 | G27: 환산금액 | J27: 유종 | K27: 수량 | M27: 사입단가 | O27: 환산금액
B28: G | C28: 0 | E28: 0 | G28: 0 | J28: G | K28: 0 | M28: 0 | O28: 0
B29: K | C29: =$E$9-$D$23 -> 20405 | E29: =$G$9 -> 1008.8803 | G29: =C29*E29 -> 20586202 | J29: K | K29: 20000 | M29: 1024.5 | O29: =K29*M29 -> 20490000
B30: D | C30: =$E$10-$L$23 -> 119931 | E30: =$G$10 -> 1473.455 | G30: =C30*E30 -> 1.7671293e+08 | J30: D | O30: =K30*M30 -> 0
B33: 복 합 단 가
B34: 유종 | C34: 수량 | E34: 금액 | G34: 복 합 단 가
B35: G | C35: 0 | E35: 0 | G35: 0
B36: K | C36: =$C$29+$K$29 -> 40405 | E36: =$G$29+$O$29 -> 41076202 | G36: =E36/C36 -> 1016.6119
B37: D | C37: =$C$30+$K$30 -> 119931 | E37: =$G$30+$O$30 -> 1.7671293e+08 | G37: =E37/C37 -> 1473.455
B39: 재 고 현 황 | O39: [단위:리터/원]
C40: 전일 | F40: 금일 | N40: 복합단가 | O40: 증감
C41: 재고 | F41: 입고 | H41: 출고 | K41: 마 감 재 고 | M41: 재고율
B42: 휘발유
B43: 등 유 | C43: =SUM($E$9) -> 20405 | F43: =$K$29 -> 20000 | H43: =$D$23 -> 0 | K43: =$C$43-$H$43+$F$43+$O$43 -> 40405 | M43: =SUM($K$43)/$D$9 -> 0.202025 | N43: =$G$36 -> 1016.6119
B44: 경 유 | C44: =SUM($E$10) -> 119931 | F44: =$K$30 -> 0 | H44: =$L$23 -> 0 | K44: =$C$44-$H$44+$F$44+$O$44 -> 119931 | M44: =SUM($K$44)/D10 -> 0.2998275 | N44: =$G$37 -> 1473.455
G45: 복합단가의 재고수량과 단가는 보관물량 제외니 참고해주세요!

Sheet 0228
B1: ◈ KK저장소 복합단가 운영표 - 신도시저장소
B5: 이 월 재 고 | G5: [단위:리터/원]
B7: 유종 | D7: 탱크용량 | E7: 재고수량 | F7: 재고율 | G7: 단가
C8: G | D8: 0 | E8: 0 | F8: 0 | G8: 0
C9: K | D9: 200000 | E9: =SUM('0227 (입고)'!$K$43:$L$43) -> 40405 | F9: =SUM(E9)/D9 -> 0.202025 | G9: =SUM('0227 (입고)'!$N$43) -> 1016.6119
C10: D | D10: 400000 | E10: =SUM('0227 (입고)'!$K$44:$L$44) -> 119931 | F10: =SUM(E10)/D10 -> 0.2998275 | G10: =SUM('0227 (입고)'!$N$44) -> 1473.455
B13: 출고내역(K) | G13: [단위:리터/원] | J13: 출고내역(LD) | O13: [단위:리터/원]
B14: 유종 | C14: 일반매출(사내이관 포함) | J14: 유종 | K14: 일반매출(사내이관 포함)
C15: 거래처명 | D15: 수량 | E15: 출고단가 | F15: 재고단가 | G15: 단가차액 | H15: 이익 | K15: 거래처명 | L15: 수량 | M15: 출고단가 | N15: 재고단가 | O15: 단가차액 | P15: 이익
B16: 실내 등유 | C16: 코리아 | D16: 4000 | F16: =IF(D16="","",(SUM($G$9))) -> 1016.6119 | G16: =IF(D16="","",(SUM(E16)-F16)) -> -1016.6119 | H16: =IF(D16="","",(D16*G16)) -> -4066447.4 | J16: 경유 | K16: 코리아 | L16: 4000 | N16: =IF(L16="","",($G$10)) -> 1473.455 | O16: =IF(L16="","",(SUM(M16)-N16)) -> -1473.455 | P16: =IF(L16="","",(L16*O16)) -> -5893819.9
F17: =IF(D17="","",(SUM($G$9))) | G17: =IF(D17="","",(SUM(E17)-F17)) | H17: =IF(D17="","",(D17*G17)) | N17: =IF(L17="","",($G$10)) | O17: =IF(L17="","",(SUM(M17)-N17)) | P17: =IF(L17="","",(L17*O17))
F18: =IF(D18="","",(SUM($G$9))) | G18: =IF(D18="","",(SUM(E18)-F18)) | H18: =IF(D18="","",(D18*G18)) | N18: =IF(L18="","",($G$10)) | O18: =IF(L18="","",(SUM(M18)-N18)) | P18: =IF(L18="","",(L18*O18))
F19: =IF(D19="","",(SUM($G$9))) | G19: =IF(D19="","",(SUM(E19)-F19)) | H19: =IF(D19="","",(D19*G19)) | N19: =IF(L19="","",($G$10)) | O19: =IF(L19="","",(SUM(M19)-N19)) | P19: =IF(L19="","",(L19*O19))
F20: =IF(D20="","",(SUM($G$9))) | G20: =IF(D20="","",(SUM(E20)-F20)) | H20: =IF(D20="","",(D20*G20)) | N20: =IF(L20="","",($G$10)) | O20: =IF(L20="","",(SUM(M20)-N20)) | P20: =IF(L20="","",(L20*O20))
F21: =IF(D21="","",(SUM($G$9))) | G21: =IF(D21="","",(SUM(E21)-F21)) | H21: =IF(D21="","",(D21*G21)) | N21: =IF(L21="","",($G$10)) | O21: =IF(L21="","",(SUM(M21)-N21)) | P21: =IF(L21="","",(L21*O21))
F22: =IF(D22="","",(SUM($G$9))) | G22: =IF(D22="","",(SUM(E22)-F22)) | H22: =IF(D22="","",(D22*G22)) | N22: =IF(L22="","",($G$10)) | O22: =IF(L22="","",(SUM(M22)-N22)) | P22: =IF(L22="","",(L22*O22))
B23: 소 계 | D23: =SUM(D16:D22) -> 4000 | H23: =SUM(H16:H22) -> -4066447.4 | J23: 소 계 | L23: =SUM(L16:L22) -> 4000 | P23: =SUM(P16:P22) -> -5893819.9
B26: 마 감 재 고 | G26: [단위:리터/원] | J26: 입 고 내 역 | O26: [단위:리터/원]
B27: 유종 | C27: 수량 | E27: 단가 | G27: 환산금액 | J27: 유종 | K27: 수량 | M27: 사입단가 | O27: 환산금액
B28: G | C28: 0 | E28: 0 | G28: 0 | J28: G | K28: 0 | M28: 0 | O28: 0
B29: K | C29: =$E$9-$D$23 -> 36405 | E29: =$G$9 -> 1016.6119 | G29: =C29*E29 -> 37009755 | J29: K | O29: =K29*M29 -> 0
B30: D | C30: =$E$10-$L$23 -> 115931 | E30: =$G$10 -> 1473.455 | G30: =C30*E30 -> 1.7081911e+08 | J30: D | O30: =K30*M30 -> 0
B33: 복 합 단 가
B34: 유종 | C34: 수량 | E34: 금액 | G34: 복 합 단 가
B35: G | C35: 0 | E35: 0 | G35: 0
B36: K | C36: =$C$29+$K$29 -> 36405 | E36: =$G$29+$O$29 -> 37009755 | G36: =E36/C36 -> 1016.6119
B37: D | C37: =$C$30+$K$30 -> 115931 | E37: =$G$30+$O$30 -> 1.7081911e+08 | G37: =E37/C37 -> 1473.455
B39: 재 고 현 황 | O39: [단위:리터/원]
C40: 전일 | F40: 금일 | N40: 복합단가 | O40: 증감
C41: 재고 | F41: 입고 | H41: 출고 | K41: 마 감 재 고 | M41: 재고율
B42: 휘발유
B43: 등 유 | C43: =SUM($E$9) -> 40405 | F43: =$K$29 -> 0 | H43: =$D$23 -> 4000 | K43: =$C$43-$H$43+$F$43+$O$43 -> 36405 | M43: =SUM($K$43)/$D$9 -> 0.182025 | N43: =$G$36 -> 1016.6119
B44: 경 유 | C44: =SUM($E$10) -> 119931 | F44: =$K$30 -> 0 | H44: =$L$23 -> 4000 | K44: =$C$44-$H$44+$F$44+$O$44 -> 115931 | M44: =SUM($K$44)/D10 -> 0.2898275 | N44: =$G$37 -> 1473.455
G45: 복합단가의 재고수량과 단가는 보관물량 제외니 참고해주세요!

Sheet 0228 (입고)
B1: ◈ KK저장소 복합단가 운영표 - 신도시저장소
B5: 이 월 재 고 | G5: [단위:리터/원]
B7: 유종 | D7: 탱크용량 | E7: 재고수량 | F7: 재고율 | G7: 단가
C8: G | D8: 0 | E8: 0 | F8: 0 | G8: 0
C9: K | D9: 200000 | E9: =SUM('0228'!$K$43:$L$43) -> 36405 | F9: =SUM(E9)/D9 -> 0.182025 | G9: =SUM('0228'!$N$43) -> 1016.6119
C10: D | D10: 400000 | E10: =SUM('0228'!$K$44:$L$44) -> 115931 | F10: =SUM(E10)/D10 -> 0.2898275 | G10: =SUM('0228'!$N$44) -> 1473.455
B13: 출고내역(K) | G13: [단위:리터/원] | J13: 출고내역(LD) | O13: [단위:리터/원]
B14: 유종 | C14: 일반매출(사내이관 포함) | J14: 유종 | K14: 일반매출(사내이관 포함)
C15: 거래처명 | D15: 수량 | E15: 출고단가 | F15: 재고단가 | G15: 단가차액 | H15: 이익 | K15: 거래처명 | L15: 수량 | M15: 출고단가 | N15: 재고단가 | O15: 단가차액 | P15: 이익
B16: 실내 등유 | F16: =IF(D16="","",(SUM($G$9))) | G16: =IF(D16="","",(SUM(E16)-F16)) | H16: =IF(D16="","",(D16*G16)) | J16: 경유 | N16: =IF(L16="","",($G$10)) | O16: =IF(L16="","",(SUM(M16)-N16)) | P16: =IF(L16="","",(L16*O16))
F17: =IF(D17="","",(SUM($G$9))) | G17: =IF(D17="","",(SUM(E17)-F17)) | H17: =IF(D17="","",(D17*G17)) | N17: =IF(L17="","",($G$10)) | O17: =IF(L17="","",(SUM(M17)-N17)) | P17: =IF(L17="","",(L17*O17))
F18: =IF(D18="","",(SUM($G$9))) | G18: =IF(D18="","",(SUM(E18)-F18)) | H18: =IF(D18="","",(D18*G18)) | N18: =IF(L18="","",($G$10)) | O18: =IF(L18="","",(SUM(M18)-N18)) | P18: =IF(L18="","",(L18*O18))
F19: =IF(D19="","",(SUM($G$9))) | G19: =IF(D19="","",(SUM(E19)-F19)) | H19: =IF(D19="","",(D19*G19)) | N19: =IF(L19="","",($G$10)) | O19: =IF(L19="","",(SUM(M19)-N19)) | P19: =IF(L19="","",(L19*O19))
F20: =IF(D20="","",(SUM($G$9))) | G20: =IF(D20="","",(SUM(E20)-F20)) | H20: =IF(D20="","",(D20*G20)) | N20: =IF(L20="","",($G$10)) | O20: =IF(L20="","",(SUM(M20)-N20)) | P20: =IF(L20="","",(L20*O20))
F21: =IF(D21="","",(SUM($G$9))) | G21: =IF(D21="","",(SUM(E21)-F21)) | H21: =IF(D21="","",(D21*G21)) | N21: =IF(L21="","",($G$10)) | O21: =IF(L21="","",(SUM(M21)-N21)) | P21: =IF(L21="","",(L21*O21))
F22: =IF(D22="","",(SUM($G$9))) | G22: =IF(D22="","",(SUM(E22)-F22)) | H22: =IF(D22="","",(D22*G22)) | N22: =IF(L22="","",($G$10)) | O22: =IF(L22="","",(SUM(M22)-N22)) | P22: =IF(L22="","",(L22*O22))
B23: 소 계 | D23: =SUM(D16:D22) -> 0 | H23: =SUM(H16:H22) -> 0 | J23: 소 계 | L23: =SUM(L16:L22) -> 0 | P23: =SUM(P16:P22) -> 0
B26: 마 감 재 고 | G26: [단위:리터/원] | J26: 입 고 내 역 | O26: [단위:리터/원]
B27: 유종 | C27: 수량 | E27: 단가 | G27: 환산금액 | J27: 유종 | K27: 수량 | M27: 사입단가 | O27: 환산금액
B28: G | C28: 0 | E28: 0 | G28: 0 | J28: G | K28: 0 | M28: 0 | O28: 0
B29: K | C29: =$E$9-$D$23 -> 36405 | E29: =$G$9 -> 1016.6119 | G29: =C29*E29 -> 37009755 | J29: K | O29: =K29*M29 -> 0
B30: D | C30: =$E$10-$L$23 -> 115931 | E30: =$G$10 -> 1473.455 | G30: =C30*E30 -> 1.7081911e+08 | J30: D | K30: 76000 | M30: 1532.5 | O30: =K30*M30 -> 116470000
B33: 복 합 단 가
B34: 유종 | C34: 수량 | E34: 금액 | G34: 복 합 단 가
B35: G | C35: 0 | E35: 0 | G35: 0
B36: K | C36: =$C$29+$K$29 -> 36405 | E36: =$G$29+$O$29 -> 37009755 | G36: =E36/C36 -> 1016.6119
B37: D | C37: =$C$30+$K$30 -> 191931 | E37: =$G$30+$O$30 -> 2.8728911e+08 | G37: =E37/C37 -> 1496.8354
B39: 재 고 현 황 | O39: [단위:리터/원]
C40: 전일 | F40: 금일 | N40: 복합단가 | O40: 증감
C41: 재고 | F41: 입고 | H41: 출고 | K41: 마 감 재 고 | M41: 재고율
B42: 휘발유
B43: 등 유 | C43: =SUM($E$9) -> 36405 | F43: =$K$29 -> 0 | H43: =$D$23 -> 0 | K43: =$C$43-$H$43+$F$43+$O$43 -> 36405 | M43: =SUM($K$43)/$D$9 -> 0.182025 | N43: =$G$36 -> 1016.6119
B44: 경 유 | C44: =SUM($E$10) -> 115931 | F44: =$K$30 -> 76000 | H44: =$L$23 -> 0 | K44: =$C$44-$H$44+$F$44+$O$44 -> 191931 | M44: =SUM($K$44)/D10 -> 0.4798275 | N44: =$G$37 -> 1496.8354
G45: 복합단가의 재고수량과 단가는 보관물량 제외니 참고해주세요!

Sheet 0304 (입고)
B1: ◈ KK저장소 복합단가 운영표 - 신도시저장소
B5: 이 월 재 고 | G5: [단위:리터/원]
B7: 유종 | D7: 탱크용량 | E7: 재고수량 | F7: 재고율 | G7: 단가
C8: G | D8: 0 | E8: 0 | F8: 0 | G8: 0
C9: K | D9: 200000 | E9: =SUM('0228 (입고)'!$K$43:$L$43) -> 36405 | F9: =SUM(E9)/D9 -> 0.182025 | G9: =SUM('0228 (입고)'!$N$43) -> 1016.6119
C10: D | D10: 400000 | E10: =SUM('0228 (입고)'!$K$44:$L$44) -> 191931 | F10: =SUM(E10)/D10 -> 0.4798275 | G10: =SUM('0228 (입고)'!$N$44) -> 1496.8354
B13: 출고내역(K) | G13: [단위:리터/원] | J13: 출고내역(LD) | O13: [단위:리터/원]
B14: 유종 | C14: 일반매출(사내이관 포함) | J14: 유종 | K14: 일반매출(사내이관 포함)
C15: 거래처명 | D15: 수량 | E15: 출고단가 | F15: 재고단가 | G15: 단가차액 | H15: 이익 | K15: 거래처명 | L15: 수량 | M15: 출고단가 | N15: 재고단가 | O15: 단가차액 | P15: 이익
B16: 실내 등유 | F16: =IF(D16="","",(SUM($G$9))) | G16: =IF(D16="","",(SUM(E16)-F16)) | H16: =IF(D16="","",(D16*G16)) | J16: 경유 | N16: =IF(L16="","",($G$10)) | O16: =IF(L16="","",(SUM(M16)-N16)) | P16: =IF(L16="","",(L16*O16))
F17: =IF(D17="","",(SUM($G$9))) | G17: =IF(D17="","",(SUM(E17)-F17)) | H17: =IF(D17="","",(D17*G17)) | N17: =IF(L17="","",($G$10)) | O17: =IF(L17="","",(SUM(M17)-N17)) | P17: =IF(L17="","",(L17*O17))
F18: =IF(D18="","",(SUM($G$9))) | G18: =IF(D18="","",(SUM(E18)-F18)) | H18: =IF(D18="","",(D18*G18)) | N18: =IF(L18="","",($G$10)) | O18: =IF(L18="","",(SUM(M18)-N18)) | P18: =IF(L18="","",(L18*O18))
F19: =IF(D19="","",(SUM($G$9))) | G19: =IF(D19="","",(SUM(E19)-F19)) | H19: =IF(D19="","",(D19*G19)) | N19: =IF(L19="","",($G$10)) | O19: =IF(L19="","",(SUM(M19)-N19)) | P19: =IF(L19="","",(L19*O19))
F20: =IF(D20="","",(SUM($G$9))) | G20: =IF(D20="","",(SUM(E20)-F20)) | H20: =IF(D20="","",(D20*G20)) | N20: =IF(L20="","",($G$10)) | O20: =IF(L20="","",(SUM(M20)-N20)) | P20: =IF(L20="","",(L20*O20))
F21: =IF(D21="","",(SUM($G$9))) | G21: =IF(D21="","",(SUM(E21)-F21)) | H21: =IF(D21="","",(D21*G21)) | N21: =IF(L21="","",($G$10)) | O21: =IF(L21="","",(SUM(M21)-N21)) | P21: =IF(L21="","",(L21*O21))
F22: =IF(D22="","",(SUM($G$9))) | G22: =IF(D22="","",(SUM(E22)-F22)) | H22: =IF(D22="","",(D22*G22)) | N22: =IF(L22="","",($G$10)) | O22: =IF(L22="","",(SUM(M22)-N22)) | P22: =IF(L22="","",(L22*O22))
B23: 소 계 | D23: =SUM(D16:D22) -> 0 | H23: =SUM(H16:H22) -> 0 | J23: 소 계 | L23: =SUM(L16:L22) -> 0 | P23: =SUM(P16:P22) -> 0
B26: 마 감 재 고 | G26: [단위:리터/원] | J26: 입 고 내 역 | O26: [단위:리터/원]
B27: 유종 | C27: 수량 | E27: 단가 | G27: 환산금액 | J27: 유종 | K27: 수량 | M27: 사입단가 | O27: 환산금액
B28: G | C28: 0 | E28: 0 | G28: 0 | J28: G | K28: 0 | M28: 0 | O28: 0
B29: K | C29: =$E$9-$D$23 -> 36405 | E29: =$G$9 -> 1016.6119 | G29: =C29*E29 -> 37009755 | J29: K | O29: =K29*M29 -> 0
B30: D | C30: =$E$10-$L$23 -> 191931 | E30: =$G$10 -> 1496.8354 | G30: =C30*E30 -> 2.8728911e+08 | J30: D | K30: 92431 | M30: 1753.4674 | O30: =K30*M30 -> 1.6207474e+08
B33: 복 합 단 가
B34: 유종 | C34: 수량 | E34: 금액 | G34: 복 합 단 가
B35: G | C35: 0 | E35: 0 | G35: 0
B36: K | C36: =$C$29+$K$29 -> 36405 | E36: =$G$29+$O$29-K36 -> 34664881 | G36: =E36/C36 -> 952.20109 | K36: 2344874 | L36: <<26년 1분기 IB
B37: D | C37: =$C$30+$K$30 -> 284362 | E37: =$G$30+$O$30-K37 -> 4.4571731e+08 | G37: =E37/C37 -> 1567.4292 | K37: 3646544 | L37: <<26년 1분기 IB
B39: 재 고 현 황 | O39: [단위:리터/원]
C40: 전일 | F40: 금일 | N40: 복합단가 | O40: 증감
C41: 재고 | F41: 입고 | H41: 출고 | K41: 마 감 재 고 | M41: 재고율
B42: 휘발유
B43: 등 유 | C43: =SUM($E$9) -> 36405 | F43: =$K$29 -> 0 | H43: =$D$23 -> 0 | K43: =$C$43-$H$43+$F$43+$O$43 -> 36405 | M43: =SUM($K$43)/$D$9 -> 0.182025 | N43: =$G$36 -> 952.20109
B44: 경 유 | C44: =SUM($E$10) -> 191931 | F44: =$K$30 -> 92431 | H44: =$L$23 -> 0 | K44: =$C$44-$H$44+$F$44+$O$44 -> 284362 | M44: =SUM($K$44)/D10 -> 0.710905 | N44: =$G$37 -> 1567.4292
G45: 복합단가의 재고수량과 단가는 보관물량 제외니 참고해주세요!

Sheet 0305 (입고)
B1: ◈ KK저장소 복합단가 운영표 - 신도시저장소
B5: 이 월 재 고 | G5: [단위:리터/원]
B7: 유종 | D7: 탱크용량 | E7: 재고수량 | F7: 재고율 | G7: 단가
C8: G | D8: 0 | E8: 0 | F8: 0 | G8: 0
C9: K | D9: 200000 | E9: =SUM('0304 (입고)'!$K$43:$L$43) -> 36405 | F9: =SUM(E9)/D9 -> 0.182025 | G9: =SUM('0304 (입고)'!$N$43) -> 952.20109
C10: D | D10: 400000 | E10: =SUM('0304 (입고)'!$K$44:$L$44) -> 284362 | F10: =SUM(E10)/D10 -> 0.710905 | G10: =SUM('0304 (입고)'!$N$44) -> 1567.4292
B13: 출고내역(K) | G13: [단위:리터/원] | J13: 출고내역(LD) | O13: [단위:리터/원]
B14: 유종 | C14: 일반매출(사내이관 포함) | J14: 유종 | K14: 일반매출(사내이관 포함)
C15: 거래처명 | D15: 수량 | E15: 출고단가 | F15: 재고단가 | G15: 단가차액 | H15: 이익 | K15: 거래처명 | L15: 수량 | M15: 출고단가 | N15: 재고단가 | O15: 단가차액 | P15: 이익
B16: 실내 등유 | F16: =IF(D16="","",(SUM($G$9))) | G16: =IF(D16="","",(SUM(E16)-F16)) | H16: =IF(D16="","",(D16*G16)) | J16: 경유 | N16: =IF(L16="","",($G$10)) | O16: =IF(L16="","",(SUM(M16)-N16)) | P16: =IF(L16="","",(L16*O16))
F17: =IF(D17="","",(SUM($G$9))) | G17: =IF(D17="","",(SUM(E17)-F17)) | H17: =IF(D17="","",(D17*G17)) | N17: =IF(L17="","",($G$10)) | O17: =IF(L17="","",(SUM(M17)-N17)) | P17: =IF(L17="","",(L17*O17))
F18: =IF(D18="","",(SUM($G$9))) | G18: =IF(D18="","",(SUM(E18)-F18)) | H18: =IF(D18="","",(D18*G18)) | N18: =IF(L18="","",($G$10)) | O18: =IF(L18="","",(SUM(M18)-N18)) | P18: =IF(L18="","",(L18*O18))
F19: =IF(D19="","",(SUM($G$9))) | G19: =IF(D19="","",(SUM(E19)-F19)) | H19: =IF(D19="","",(D19*G19)) | N19: =IF(L19="","",($G$10)) | O19: =IF(L19="","",(SUM(M19)-N19)) | P19: =IF(L19="","",(L19*O19))
F20: =IF(D20="","",(SUM($G$9))) | G20: =IF(D20="","",(SUM(E20)-F20)) | H20: =IF(D20="","",(D20*G20)) | N20: =IF(L20="","",($G$10)) | O20: =IF(L20="","",(SUM(M20)-N20)) | P20: =IF(L20="","",(L20*O20))
F21: =IF(D21="","",(SUM($G$9))) | G21: =IF(D21="","",(SUM(E21)-F21)) | H21: =IF(D21="","",(D21*G21)) | N21: =IF(L21="","",($G$10)) | O21: =IF(L21="","",(SUM(M21)-N21)) | P21: =IF(L21="","",(L21*O21))
F22: =IF(D22="","",(SUM($G$9))) | G22: =IF(D22="","",(SUM(E22)-F22)) | H22: =IF(D22="","",(D22*G22)) | N22: =IF(L22="","",($G$10)) | O22: =IF(L22="","",(SUM(M22)-N22)) | P22: =IF(L22="","",(L22*O22))
B23: 소 계 | D23: =SUM(D16:D22) -> 0 | H23: =SUM(H16:H22) -> 0 | J23: 소 계 | L23: =SUM(L16:L22) -> 0 | P23: =SUM(P16:P22) -> 0
B26: 마 감 재 고 | G26: [단위:리터/원] | J26: 입 고 내 역 | O26: [단위:리터/원]
B27: 유종 | C27: 수량 | E27: 단가 | G27: 환산금액 | J27: 유종 | K27: 수량 | M27: 사입단가 | O27: 환산금액
B28: G | C28: 0 | E28: 0 | G28: 0 | J28: G | K28: 0 | M28: 0 | O28: 0
B29: K | C29: =$E$9-$D$23 -> 36405 | E29: =$G$9 -> 952.20109 | G29: =C29*E29 -> 34664881 | J29: K | K29: 60000 | M29: 1503.5274 | O29: =K29*M29 -> 90211646
B30: D | C30: =$E$10-$L$23 -> 284362 | E30: =$G$10 -> 1567.4292 | G30: =C30*E30 -> 4.4571731e+08 | J30: D | O30: =K30*M30 -> 0
B33: 복 합 단 가
B34: 유종 | C34: 수량 | E34: 금액 | G34: 복 합 단 가
B35: G | C35: 0 | E35: 0 | G35: 0
B36: K | C36: =$C$29+$K$29 -> 96405 | E36: =$G$29+$O$29 -> 1.2487653e+08 | G36: =E36/C36 -> 1295.3325
B37: D | C37: =$C$30+$K$30 -> 284362 | E37: =$G$30+$O$30 -> 4.4571731e+08 | G37: =E37/C37 -> 1567.4292
B39: 재 고 현 황 | O39: [단위:리터/원]
C40: 전일 | F40: 금일 | N40: 복합단가 | O40: 증감
C41: 재고 | F41: 입고 | H41: 출고 | K41: 마 감 재 고 | M41: 재고율
B42: 휘발유
B43: 등 유 | C43: =SUM($E$9) -> 36405 | F43: =$K$29 -> 60000 | H43: =$D$23 -> 0 | K43: =$C$43-$H$43+$F$43+$O$43 -> 96405 | M43: =SUM($K$43)/$D$9 -> 0.482025 | N43: =$G$36 -> 1295.3325
B44: 경 유 | C44: =SUM($E$10) -> 284362 | F44: =$K$30 -> 0 | H44: =$L$23 -> 0 | K44: =$C$44-$H$44+$F$44+$O$44 -> 284362 | M44: =SUM($K$44)/D10 -> 0.710905 | N44: =$G$37 -> 1567.4292
G45: 복합단가의 재고수량과 단가는 보관물량 제외니 참고해주세요!

Sheet 0305
B1: ◈ KK저장소 복합단가 운영표 - 신도시저장소
B5: 이 월 재 고 | G5: [단위:리터/원]
B7: 유종 | D7: 탱크용량 | E7: 재고수량 | F7: 재고율 | G7: 단가
C8: G | D8: 0 | E8: 0 | F8: 0 | G8: 0
C9: K | D9: 200000 | E9: =SUM('0305 (입고)'!$K$43:$L$43) -> 96405 | F9: =SUM(E9)/D9 -> 0.482025 | G9: =SUM('0305 (입고)'!$N$43) -> 1295.3325
C10: D | D10: 400000 | E10: =SUM('0305 (입고)'!$K$44:$L$44) -> 284362 | F10: =SUM(E10)/D10 -> 0.710905 | G10: =SUM('0305 (입고)'!$N$44) -> 1567.4292
B13: 출고내역(K) | G13: [단위:리터/원] | J13: 출고내역(LD) | O13: [단위:리터/원]
B14: 유종 | C14: 일반매출(사내이관 포함) | J14: 유종 | K14: 일반매출(사내이관 포함)
C15: 거래처명 | D15: 수량 | E15: 출고단가 | F15: 재고단가 | G15: 단가차액 | H15: 이익 | K15: 거래처명 | L15: 수량 | M15: 출고단가 | N15: 재고단가 | O15: 단가차액 | P15: 이익
B16: 실내 등유 | C16: 안동중앙 | D16: 8000 | F16: =IF(D16="","",(SUM($G$9))) -> 1295.3325 | G16: =IF(D16="","",(SUM(E16)-F16)) -> -1295.3325 | H16: =IF(D16="","",(D16*G16)) -> -10362660 | J16: 경유 | K16: 안동중앙 | L16: 20000 | N16: =IF(L16="","",($G$10)) -> 1567.4292 | O16: =IF(L16="","",(SUM(M16)-N16)) -> -1567.4292 | P16: =IF(L16="","",(L16*O16)) -> -31348584
C17: 매곡 | D17: 32000 | F17: =IF(D17="","",(SUM($G$9))) -> 1295.3325 | G17: =IF(D17="","",(SUM(E17)-F17)) -> -1295.3325 | H17: =IF(D17="","",(D17*G17)) -> -41450639 | N17: =IF(L17="","",($G$10)) | O17: =IF(L17="","",(SUM(M17)-N17)) | P17: =IF(L17="","",(L17*O17))
F18: =IF(D18="","",(SUM($G$9))) | G18: =IF(D18="","",(SUM(E18)-F18)) | H18: =IF(D18="","",(D18*G18)) | N18: =IF(L18="","",($G$10)) | O18: =IF(L18="","",(SUM(M18)-N18)) | P18: =IF(L18="","",(L18*O18))
F19: =IF(D19="","",(SUM($G$9))) | G19: =IF(D19="","",(SUM(E19)-F19)) | H19: =IF(D19="","",(D19*G19)) | N19: =IF(L19="","",($G$10)) | O19: =IF(L19="","",(SUM(M19)-N19)) | P19: =IF(L19="","",(L19*O19))
F20: =IF(D20="","",(SUM($G$9))) | G20: =IF(D20="","",(SUM(E20)-F20)) | H20: =IF(D20="","",(D20*G20)) | N20: =IF(L20="","",($G$10)) | O20: =IF(L20="","",(SUM(M20)-N20)) | P20: =IF(L20="","",(L20*O20))
F21: =IF(D21="","",(SUM($G$9))) | G21: =IF(D21="","",(SUM(E21)-F21)) | H21: =IF(D21="","",(D21*G21)) | N21: =IF(L21="","",($G$10)) | O21: =IF(L21="","",(SUM(M21)-N21)) | P21: =IF(L21="","",(L21*O21))
F22: =IF(D22="","",(SUM($G$9))) | G22: =IF(D22="","",(SUM(E22)-F22)) | H22: =IF(D22="","",(D22*G22)) | N22: =IF(L22="","",($G$10)) | O22: =IF(L22="","",(SUM(M22)-N22)) | P22: =IF(L22="","",(L22*O22))
B23: 소 계 | D23: =SUM(D16:D22) -> 40000 | H23: =SUM(H16:H22) -> -51813299 | J23: 소 계 | L23: =SUM(L16:L22) -> 20000 | P23: =SUM(P16:P22) -> -31348584
B26: 마 감 재 고 | G26: [단위:리터/원] | J26: 입 고 내 역 | O26: [단위:리터/원]
B27: 유종 | C27: 수량 | E27: 단가 | G27: 환산금액 | J27: 유종 | K27: 수량 | M27: 사입단가 | O27: 환산금액
B28: G | C28: 0 | E28: 0 | G28: 0 | J28: G | K28: 0 | M28: 0 | O28: 0
B29: K | C29: =$E$9-$D$23 -> 56405 | E29: =$G$9 -> 1295.3325 | G29: =C29*E29 -> 73063228 | J29: K | O29: =K29*M29 -> 0
B30: D | C30: =$E$10-$L$23 -> 264362 | E30: =$G$10 -> 1567.4292 | G30: =C30*E30 -> 4.1436872e+08 | J30: D | O30: =K30*M30 -> 0
B33: 복 합 단 가
B34: 유종 | C34: 수량 | E34: 금액 | G34: 복 합 단 가
B35: G | C35: 0 | E35: 0 | G35: 0
B36: K | C36: =$C$29+$K$29 -> 56405 | E36: =$G$29+$O$29 -> 73063228 | G36: =E36/C36 -> 1295.3325
B37: D | C37: =$C$30+$K$30 -> 264362 | E37: =$G$30+$O$30 -> 4.1436872e+08 | G37: =E37/C37 -> 1567.4292
B39: 재 고 현 황 | O39: [단위:리터/원]
C40: 전일 | F40: 금일 | N40: 복합단가 | O40: 증감
C41: 재고 | F41: 입고 | H41: 출고 | K41: 마 감 재 고 | M41: 재고율
B42: 휘발유
B43: 등 유 | C43: =SUM($E$9) -> 96405 | F43: =$K$29 -> 0 | H43: =$D$23 -> 40000 | K43: =$C$43-$H$43+$F$43+$O$43 -> 56405 | M43: =SUM($K$43)/$D$9 -> 0.282025 | N43: =$G$36 -> 1295.3325
B44: 경 유 | C44: =SUM($E$10) -> 284362 | F44: =$K$30 -> 0 | H44: =$L$23 -> 20000 | K44: =$C$44-$H$44+$F$44+$O$44 -> 264362 | M44: =SUM($K$44)/D10 -> 0.660905 | N44: =$G$37 -> 1567.4292
G45: 복합단가의 재고수량과 단가는 보관물량 제외니 참고해주세요!

Sheet 0311
B1: ◈ KK저장소 복합단가 운영표 - 신도시저장소
B5: 이 월 재 고 | G5: [단위:리터/원]
B7: 유종 | D7: 탱크용량 | E7: 재고수량 | F7: 재고율 | G7: 단가
C8: G | D8: 0 | E8: 0 | F8: 0 | G8: 0
C9: K | D9: 200000 | E9: =SUM('0305'!$K$43:$L$43) -> 56405 | F9: =SUM(E9)/D9 -> 0.282025 | G9: =SUM('0305'!$N$43) -> 1295.3325
C10: D | D10: 400000 | E10: =SUM('0305'!$K$44:$L$44) -> 264362 | F10: =SUM(E10)/D10 -> 0.660905 | G10: =SUM('0305'!$N$44) -> 1567.4292
B13: 출고내역(K) | G13: [단위:리터/원] | J13: 출고내역(LD) | O13: [단위:리터/원]
B14: 유종 | C14: 일반매출(사내이관 포함) | J14: 유종 | K14: 일반매출(사내이관 포함)
C15: 거래처명 | D15: 수량 | E15: 출고단가 | F15: 재고단가 | G15: 단가차액 | H15: 이익 | K15: 거래처명 | L15: 수량 | M15: 출고단가 | N15: 재고단가 | O15: 단가차액 | P15: 이익
B16: 실내 등유 | C16: 코리아 | D16: 8000 | F16: =IF(D16="","",(SUM($G$9))) -> 1295.3325 | G16: =IF(D16="","",(SUM(E16)-F16)) -> -1295.3325 | H16: =IF(D16="","",(D16*G16)) -> -10362660 | J16: 경유 | K16: 성진 | L16: 12000 | N16: =IF(L16="","",($G$10)) -> 1567.4292 | O16: =IF(L16="","",(SUM(M16)-N16)) -> -1567.4292 | P16: =IF(L16="","",(L16*O16)) -> -18809151
C17: 감로화 | D17: 3000 | F17: =IF(D17="","",(SUM($G$9))) -> 1295.3325 | G17: =IF(D17="","",(SUM(E17)-F17)) -> -1295.3325 | H17: =IF(D17="","",(D17*G17)) -> -3885997.4 | N17: =IF(L17="","",($G$10)) | O17: =IF(L17="","",(SUM(M17)-N17)) | P17: =IF(L17="","",(L17*O17))
C18: 경천 | D18: 3180 | F18: =IF(D18="","",(SUM($G$9))) -> 1295.3325 | G18: =IF(D18="","",(SUM(E18)-F18)) -> -1295.3325 | H18: =IF(D18="","",(D18*G18)) -> -4119157.2 | N18: =IF(L18="","",($G$10)) | O18: =IF(L18="","",(SUM(M18)-N18)) | P18: =IF(L18="","",(L18*O18))
F19: =IF(D19="","",(SUM($G$9))) | G19: =IF(D19="","",(SUM(E19)-F19)) | H19: =IF(D19="","",(D19*G19)) | N19: =IF(L19="","",($G$10)) | O19: =IF(L19="","",(SUM(M19)-N19)) | P19: =IF(L19="","",(L19*O19))
F20: =IF(D20="","",(SUM($G$9))) | G20: =IF(D20="","",(SUM(E20)-F20)) | H20: =IF(D20="","",(D20*G20)) | N20: =IF(L20="","",($G$10)) | O20: =IF(L20="","",(SUM(M20)-N20)) | P20: =IF(L20="","",(L20*O20))
F21: =IF(D21="","",(SUM($G$9))) | G21: =IF(D21="","",(SUM(E21)-F21)) | H21: =IF(D21="","",(D21*G21)) | N21: =IF(L21="","",($G$10)) | O21: =IF(L21="","",(SUM(M21)-N21)) | P21: =IF(L21="","",(L21*O21))
F22: =IF(D22="","",(SUM($G$9))) | G22: =IF(D22="","",(SUM(E22)-F22)) | H22: =IF(D22="","",(D22*G22)) | N22: =IF(L22="","",($G$10)) | O22: =IF(L22="","",(SUM(M22)-N22)) | P22: =IF(L22="","",(L22*O22))
B23: 소 계 | D23: =SUM(D16:D22) -> 14180 | H23: =SUM(H16:H22) -> -18367814 | J23: 소 계 | L23: =SUM(L16:L22) -> 12000 | P23: =SUM(P16:P22) -> -18809151
B26: 마 감 재 고 | G26: [단위:리터/원] | J26: 입 고 내 역 | O26: [단위:리터/원]
B27: 유종 | C27: 수량 | E27: 단가 | G27: 환산금액 | J27: 유종 | K27: 수량 | M27: 사입단가 | O27: 환산금액
B28: G | C28: 0 | E28: 0 | G28: 0 | J28: G | K28: 0 | M28: 0 | O28: 0
B29: K | C29: =$E$9-$D$23 -> 42225 | E29: =$G$9 -> 1295.3325 | G29: =C29*E29 -> 54695413 | J29: K | O29: =K29*M29 -> 0
B30: D | C30: =$E$10-$L$23 -> 252362 | E30: =$G$10 -> 1567.4292 | G30: =C30*E30 -> 3.9555957e+08 | J30: D | O30: =K30*M30 -> 0
B33: 복 합 단 가
B34: 유종 | C34: 수량 | E34: 금액 | G34: 복 합 단 가
B35: G | C35: 0 | E35: 0 | G35: 0
B36: K | C36: =$C$29+$K$29 -> 42225 | E36: =$G$29+$O$29 -> 54695413 | G36: =E36/C36 -> 1295.3325
B37: D | C37: =$C$30+$K$30 -> 252362 | E37: =$G$30+$O$30 -> 3.9555957e+08 | G37: =E37/C37 -> 1567.4292
B39: 재 고 현 황 | O39: [단위:리터/원]
C40: 전일 | F40: 금일 | N40: 복합단가 | O40: 증감
C41: 재고 | F41: 입고 | H41: 출고 | K41: 마 감 재 고 | M41: 재고율
B42: 휘발유
B43: 등 유 | C43: =SUM($E$9) -> 56405 | F43: =$K$29 -> 0 | H43: =$D$23 -> 14180 | K43: =$C$43-$H$43+$F$43+$O$43 -> 42225 | M43: =SUM($K$43)/$D$9 -> 0.211125 | N43: =$G$36 -> 1295.3325
B44: 경 유 | C44: =SUM($E$10) -> 264362 | F44: =$K$30 -> 0 | H44: =$L$23 -> 12000 | K44: =$C$44-$H$44+$F$44+$O$44 -> 252362 | M44: =SUM($K$44)/D10 -> 0.630905 | N44: =$G$37 -> 1567.4292
G45: 복합단가의 재고수량과 단가는 보관물량 제외니 참고해주세요!

Sheet 0313 (입고)
B1: ◈ KK저장소 복합단가 운영표 - 신도시저장소
B5: 이 월 재 고 | G5: [단위:리터/원]
B7: 유종 | D7: 탱크용량 | E7: 재고수량 | F7: 재고율 | G7: 단가
C8: G | D8: 0 | E8: 0 | F8: 0 | G8: 0
C9: K | D9: 200000 | E9: =SUM('0311'!$K$43:$L$43) -> 42225 | F9: =SUM(E9)/D9 -> 0.211125 | G9: =SUM('0311'!$N$43) -> 1295.3325
C10: D | D10: 400000 | E10: =SUM('0311'!$K$44:$L$44) -> 252362 | F10: =SUM(E10)/D10 -> 0.630905 | G10: =SUM('0311'!$N$44) -> 1567.4292
B13: 출고내역(K) | G13: [단위:리터/원] | J13: 출고내역(LD) | O13: [단위:리터/원]
B14: 유종 | C14: 일반매출(사내이관 포함) | J14: 유종 | K14: 일반매출(사내이관 포함)
C15: 거래처명 | D15: 수량 | E15: 출고단가 | F15: 재고단가 | G15: 단가차액 | H15: 이익 | K15: 거래처명 | L15: 수량 | M15: 출고단가 | N15: 재고단가 | O15: 단가차액 | P15: 이익
B16: 실내 등유 | F16: =IF(D16="","",(SUM($G$9))) | G16: =IF(D16="","",(SUM(E16)-F16)) | H16: =IF(D16="","",(D16*G16)) | J16: 경유 | N16: =IF(L16="","",($G$10)) | O16: =IF(L16="","",(SUM(M16)-N16)) | P16: =IF(L16="","",(L16*O16))
F17: =IF(D17="","",(SUM($G$9))) | G17: =IF(D17="","",(SUM(E17)-F17)) | H17: =IF(D17="","",(D17*G17)) | N17: =IF(L17="","",($G$10)) | O17: =IF(L17="","",(SUM(M17)-N17)) | P17: =IF(L17="","",(L17*O17))
F18: =IF(D18="","",(SUM($G$9))) | G18: =IF(D18="","",(SUM(E18)-F18)) | H18: =IF(D18="","",(D18*G18)) | N18: =IF(L18="","",($G$10)) | O18: =IF(L18="","",(SUM(M18)-N18)) | P18: =IF(L18="","",(L18*O18))
F19: =IF(D19="","",(SUM($G$9))) | G19: =IF(D19="","",(SUM(E19)-F19)) | H19: =IF(D19="","",(D19*G19)) | N19: =IF(L19="","",($G$10)) | O19: =IF(L19="","",(SUM(M19)-N19)) | P19: =IF(L19="","",(L19*O19))
F20: =IF(D20="","",(SUM($G$9))) | G20: =IF(D20="","",(SUM(E20)-F20)) | H20: =IF(D20="","",(D20*G20)) | N20: =IF(L20="","",($G$10)) | O20: =IF(L20="","",(SUM(M20)-N20)) | P20: =IF(L20="","",(L20*O20))
F21: =IF(D21="","",(SUM($G$9))) | G21: =IF(D21="","",(SUM(E21)-F21)) | H21: =IF(D21="","",(D21*G21)) | N21: =IF(L21="","",($G$10)) | O21: =IF(L21="","",(SUM(M21)-N21)) | P21: =IF(L21="","",(L21*O21))
F22: =IF(D22="","",(SUM($G$9))) | G22: =IF(D22="","",(SUM(E22)-F22)) | H22: =IF(D22="","",(D22*G22)) | N22: =IF(L22="","",($G$10)) | O22: =IF(L22="","",(SUM(M22)-N22)) | P22: =IF(L22="","",(L22*O22))
B23: 소 계 | D23: =SUM(D16:D22) -> 0 | H23: =SUM(H16:H22) -> 0 | J23: 소 계 | L23: =SUM(L16:L22) -> 0 | P23: =SUM(P16:P22) -> 0
B26: 마 감 재 고 | G26: [단위:리터/원] | J26: 입 고 내 역 | O26: [단위:리터/원]
B27: 유종 | C27: 수량 | E27: 단가 | G27: 환산금액 | J27: 유종 | K27: 수량 | M27: 사입단가 | O27: 환산금액
B28: G | C28: 0 | E28: 0 | G28: 0 | J28: G | K28: 0 | M28: 0 | O28: 0
B29: K | C29: =$E$9-$D$23 -> 42225 | E29: =$G$9 -> 1295.3325 | G29: =C29*E29 -> 54695413 | J29: K | O29: =K29*M29 -> 0
B30: D | C30: =$E$10-$L$23 -> 252362 | E30: =$G$10 -> 1567.4292 | G30: =C30*E30 -> 3.9555957e+08 | J30: D | K30: 8038 | M30: 1713 | O30: =K30*M30 -> 13769094
B33: 복 합 단 가
B34: 유종 | C34: 수량 | E34: 금액 | G34: 복 합 단 가
B35: G | C35: 0 | E35: 0 | G35: 0
B36: K | C36: =$C$29+$K$29 -> 42225 | E36: =$G$29+$O$29 -> 54695413 | G36: =E36/C36 -> 1295.3325
B37: D | C37: =$C$30+$K$30 -> 260400 | E37: =$G$30+$O$30 -> 4.0932867e+08 | G37: =E37/C37 -> 1571.9227
B39: 재 고 현 황 | O39: [단위:리터/원]
C40: 전일 | F40: 금일 | N40: 복합단가 | O40: 증감
C41: 재고 | F41: 입고 | H41: 출고 | K41: 마 감 재 고 | M41: 재고율
B42: 휘발유
B43: 등 유 | C43: =SUM($E$9) -> 42225 | F43: =$K$29 -> 0 | H43: =$D$23 -> 0 | K43: =$C$43-$H$43+$F$43+$O$43 -> 42225 | M43: =SUM($K$43)/$D$9 -> 0.211125 | N43: =$G$36 -> 1295.3325
B44: 경 유 | C44: =SUM($E$10) -> 252362 | F44: =$K$30 -> 8038 | H44: =$L$23 -> 0 | K44: =$C$44-$H$44+$F$44+$O$44 -> 260400 | M44: =SUM($K$44)/D10 -> 0.651 | N44: =$G$37 -> 1571.9227
G45: 복합단가의 재고수량과 단가는 보관물량 제외니 참고해주세요!

Sheet 0314 (입고)
B1: ◈ KK저장소 복합단가 운영표 - 신도시저장소
B5: 이 월 재 고 | G5: [단위:리터/원]
B7: 유종 | D7: 탱크용량 | E7: 재고수량 | F7: 재고율 | G7: 단가
C8: G | D8: 0 | E8: 0 | F8: 0 | G8: 0
C9: K | D9: 200000 | E9: =SUM('0313 (입고)'!$K$43:$L$43) -> 42225 | F9: =SUM(E9)/D9 -> 0.211125 | G9: =SUM('0313 (입고)'!$N$43) -> 1295.3325
C10: D | D10: 500000 | E10: =SUM('0313 (입고)'!$K$44:$L$44) -> 260400 | F10: =SUM(E10)/D10 -> 0.5208 | G10: =SUM('0313 (입고)'!$N$44) -> 1571.9227
B13: 출고내역(K) | G13: [단위:리터/원] | J13: 출고내역(LD) | O13: [단위:리터/원]
B14: 유종 | C14: 일반매출(사내이관 포함) | J14: 유종 | K14: 일반매출(사내이관 포함)
C15: 거래처명 | D15: 수량 | E15: 출고단가 | F15: 재고단가 | G15: 단가차액 | H15: 이익 | K15: 거래처명 | L15: 수량 | M15: 출고단가 | N15: 재고단가 | O15: 단가차액 | P15: 이익
B16: 실내 등유 | F16: =IF(D16="","",(SUM($G$9))) | G16: =IF(D16="","",(SUM(E16)-F16)) | H16: =IF(D16="","",(D16*G16)) | J16: 경유 | N16: =IF(L16="","",($G$10)) | O16: =IF(L16="","",(SUM(M16)-N16)) | P16: =IF(L16="","",(L16*O16))
F17: =IF(D17="","",(SUM($G$9))) | G17: =IF(D17="","",(SUM(E17)-F17)) | H17: =IF(D17="","",(D17*G17)) | N17: =IF(L17="","",($G$10)) | O17: =IF(L17="","",(SUM(M17)-N17)) | P17: =IF(L17="","",(L17*O17))
F18: =IF(D18="","",(SUM($G$9))) | G18: =IF(D18="","",(SUM(E18)-F18)) | H18: =IF(D18="","",(D18*G18)) | N18: =IF(L18="","",($G$10)) | O18: =IF(L18="","",(SUM(M18)-N18)) | P18: =IF(L18="","",(L18*O18))
F19: =IF(D19="","",(SUM($G$9))) | G19: =IF(D19="","",(SUM(E19)-F19)) | H19: =IF(D19="","",(D19*G19)) | N19: =IF(L19="","",($G$10)) | O19: =IF(L19="","",(SUM(M19)-N19)) | P19: =IF(L19="","",(L19*O19))
F20: =IF(D20="","",(SUM($G$9))) | G20: =IF(D20="","",(SUM(E20)-F20)) | H20: =IF(D20="","",(D20*G20)) | N20: =IF(L20="","",($G$10)) | O20: =IF(L20="","",(SUM(M20)-N20)) | P20: =IF(L20="","",(L20*O20))
F21: =IF(D21="","",(SUM($G$9))) | G21: =IF(D21="","",(SUM(E21)-F21)) | H21: =IF(D21="","",(D21*G21)) | N21: =IF(L21="","",($G$10)) | O21: =IF(L21="","",(SUM(M21)-N21)) | P21: =IF(L21="","",(L21*O21))
F22: =IF(D22="","",(SUM($G$9))) | G22: =IF(D22="","",(SUM(E22)-F22)) | H22: =IF(D22="","",(D22*G22)) | N22: =IF(L22="","",($G$10)) | O22: =IF(L22="","",(SUM(M22)-N22)) | P22: =IF(L22="","",(L22*O22))
B23: 소 계 | D23: =SUM(D16:D22) -> 0 | H23: =SUM(H16:H22) -> 0 | J23: 소 계 | L23: =SUM(L16:L22) -> 0 | P23: =SUM(P16:P22) -> 0
B26: 마 감 재 고 | G26: [단위:리터/원] | J26: 입 고 내 역 | O26: [단위:리터/원]
B27: 유종 | C27: 수량 | E27: 단가 | G27: 환산금액 | J27: 유종 | K27: 수량 | M27: 사입단가 | O27: 환산금액
B28: G | C28: 0 | E28: 0 | G28: 0 | J28: G | K28: 0 | M28: 0 | O28: 0
B29: K | C29: =$E$9-$D$23 -> 42225 | E29: =$G$9 -> 1295.3325 | G29: =C29*E29 -> 54695413 | J29: K | O29: =K29*M29 -> 0
B30: D | C30: =$E$10-$L$23 -> 260400 | E30: =$G$10 -> 1571.9227 | G30: =C30*E30 -> 4.0932867e+08 | J30: D | K30: 112591 | M30: 1713 | O30: =K30*M30 -> 192868383
B33: 복 합 단 가
B34: 유종 | C34: 수량 | E34: 금액 | G34: 복 합 단 가
B35: G | C35: 0 | E35: 0 | G35: 0
B36: K | C36: =$C$29+$K$29 -> 42225 | E36: =$G$29+$O$29 -> 54695413 | G36: =E36/C36 -> 1295.3325
B37: D | C37: =$C$30+$K$30 -> 372991 | E37: =$G$30+$O$30 -> 6.0219705e+08 | G37: =E37/C37 -> 1614.5083
B39: 재 고 현 황 | O39: [단위:리터/원]
C40: 전일 | F40: 금일 | N40: 복합단가 | O40: 증감
C41: 재고 | F41: 입고 | H41: 출고 | K41: 마 감 재 고 | M41: 재고율
B42: 휘발유
B43: 등 유 | C43: =SUM($E$9) -> 42225 | F43: =$K$29 -> 0 | H43: =$D$23 -> 0 | K43: =$C$43-$H$43+$F$43+$O$43 -> 42225 | M43: =SUM($K$43)/$D$9 -> 0.211125 | N43: =$G$36 -> 1295.3325
B44: 경 유 | C44: =SUM($E$10) -> 260400 | F44: =$K$30 -> 112591 | H44: =$L$23 -> 0 | K44: =$C$44-$H$44+$F$44+$O$44 -> 372991 | M44: =SUM($K$44)/D10 -> 0.745982 | N44: =$G$37 -> 1614.5083
G45: 복합단가의 재고수량과 단가는 보관물량 제외니 참고해주세요!

Sheet 0318
B1: ◈ KK저장소 복합단가 운영표 - 신도시저장소
B5: 이 월 재 고 | G5: [단위:리터/원]
B7: 유종 | D7: 탱크용량 | E7: 재고수량 | F7: 재고율 | G7: 단가
C8: G | D8: 0 | E8: 0 | F8: 0 | G8: 0
C9: K | D9: 200000 | E9: =SUM('0314 (입고)'!$K$43:$L$43) -> 42225 | F9: =SUM(E9)/D9 -> 0.211125 | G9: =SUM('0314 (입고)'!$N$43) -> 1295.3325
C10: D | D10: 500000 | E10: =SUM('0314 (입고)'!$K$44:$L$44) -> 372991 | F10: =SUM(E10)/D10 -> 0.745982 | G10: =SUM('0314 (입고)'!$N$44) -> 1614.5083
B13: 출고내역(K) | G13: [단위:리터/원] | J13: 출고내역(LD) | O13: [단위:리터/원]
B14: 유종 | C14: 일반매출(사내이관 포함) | J14: 유종 | K14: 일반매출(사내이관 포함)
C15: 거래처명 | D15: 수량 | E15: 출고단가 | F15: 재고단가 | G15: 단가차액 | H15: 이익 | K15: 거래처명 | L15: 수량 | M15: 출고단가 | N15: 재고단가 | O15: 단가차액 | P15: 이익
B16: 실내 등유 | F16: =IF(D16="","",(SUM($G$9))) | G16: =IF(D16="","",(SUM(E16)-F16)) | H16: =IF(D16="","",(D16*G16)) | J16: 경유 | N16: =IF(L16="","",($G$10)) | O16: =IF(L16="","",(SUM(M16)-N16)) | P16: =IF(L16="","",(L16*O16))
F17: =IF(D17="","",(SUM($G$9))) | G17: =IF(D17="","",(SUM(E17)-F17)) | H17: =IF(D17="","",(D17*G17)) | N17: =IF(L17="","",($G$10)) | O17: =IF(L17="","",(SUM(M17)-N17)) | P17: =IF(L17="","",(L17*O17))
F18: =IF(D18="","",(SUM($G$9))) | G18: =IF(D18="","",(SUM(E18)-F18)) | H18: =IF(D18="","",(D18*G18)) | N18: =IF(L18="","",($G$10)) | O18: =IF(L18="","",(SUM(M18)-N18)) | P18: =IF(L18="","",(L18*O18))
F19: =IF(D19="","",(SUM($G$9))) | G19: =IF(D19="","",(SUM(E19)-F19)) | H19: =IF(D19="","",(D19*G19)) | N19: =IF(L19="","",($G$10)) | O19: =IF(L19="","",(SUM(M19)-N19)) | P19: =IF(L19="","",(L19*O19))
F20: =IF(D20="","",(SUM($G$9))) | G20: =IF(D20="","",(SUM(E20)-F20)) | H20: =IF(D20="","",(D20*G20)) | N20: =IF(L20="","",($G$10)) | O20: =IF(L20="","",(SUM(M20)-N20)) | P20: =IF(L20="","",(L20*O20))
F21: =IF(D21="","",(SUM($G$9))) | G21: =IF(D21="","",(SUM(E21)-F21)) | H21: =IF(D21="","",(D21*G21)) | N21: =IF(L21="","",($G$10)) | O21: =IF(L21="","",(SUM(M21)-N21)) | P21: =IF(L21="","",(L21*O21))
F22: =IF(D22="","",(SUM($G$9))) | G22: =IF(D22="","",(SUM(E22)-F22)) | H22: =IF(D22="","",(D22*G22)) | N22: =IF(L22="","",($G$10)) | O22: =IF(L22="","",(SUM(M22)-N22)) | P22: =IF(L22="","",(L22*O22))
B23: 소 계 | D23: =SUM(D16:D22) -> 0 | H23: =SUM(H16:H22) -> 0 | J23: 소 계 | L23: =SUM(L16:L22) -> 0 | P23: =SUM(P16:P22) -> 0
B26: 마 감 재 고 | G26: [단위:리터/원] | J26: 입 고 내 역 | O26: [단위:리터/원]
B27: 유종 | C27: 수량 | E27: 단가 | G27: 환산금액 | J27: 유종 | K27: 수량 | M27: 사입단가 | O27: 환산금액
B28: G | C28: 0 | E28: 0 | G28: 0 | J28: G | K28: 0 | M28: 0 | O28: 0
B29: K | C29: =$E$9-$D$23 -> 42225 | E29: =$G$9 -> 1295.3325 | G29: =C29*E29 -> 54695413 | J29: K | O29: =K29*M29 -> 0
B30: D | C30: =$E$10-$L$23 -> 372991 | E30: =$G$10 -> 1614.5083 | G30: =C30*E30 -> 6.0219705e+08 | J30: D | O30: =K30*M30 -> 0
B33: 복 합 단 가
B34: 유종 | C34: 수량 | E34: 금액 | G34: 복 합 단 가
B35: G | C35: 0 | E35: 0 | G35: 0
B36: K | C36: =$C$29+$K$29 -> 42225 | E36: =$G$29+$O$29 -> 54695413 | G36: =E36/C36 -> 1295.3325 | R36: 46099
B37: D | C37: =$C$30+$K$30 -> 372991 | E37: =$G$30+$O$30 -> 6.0219705e+08 | G37: =E37/C37 -> 1614.5083 | R37: 감로화
R38: 32000
B39: 재 고 현 황 | O39: [단위:리터/원] | R39: 1대
C40: 전일 | F40: 금일 | N40: 복합단가 | O40: 증감
C41: 재고 | F41: 입고 | H41: 출고 | K41: 마 감 재 고 | M41: 재고율
B42: 휘발유
B43: 등 유 | C43: =SUM($E$9) -> 42225 | F43: =$K$29 -> 0 | H43: =$D$23 -> 0 | K43: =$C$43-$H$43+$F$43+$O$43 -> 42225 | M43: =SUM($K$43)/$D$9 -> 0.211125 | N43: =$G$36 -> 1295.3325
B44: 경 유 | C44: =SUM($E$10) -> 372991 | F44: =$K$30 -> 0 | H44: =$L$23 -> 0 | K44: =$C$44-$H$44+$F$44+$O$44 -> 372991 | M44: =SUM($K$44)/D10 -> 0.745982 | N44: =$G$37 -> 1614.5083
G45: 복합단가의 재고수량과 단가는 보관물량 제외니 참고해주세요!

Sheet 0319 (입고)
B1: ◈ KK저장소 복합단가 운영표 - 신도시저장소
B5: 이 월 재 고 | G5: [단위:리터/원]
B7: 유종 | D7: 탱크용량 | E7: 재고수량 | F7: 재고율 | G7: 단가
C8: G | D8: 0 | E8: 0 | F8: 0 | G8: 0
C9: K | D9: 200000 | E9: =SUM('0318'!$K$43:$L$43) -> 42225 | F9: =SUM(E9)/D9 -> 0.211125 | G9: =SUM('0318'!$N$43) -> 1295.3325
C10: D | D10: 500000 | E10: =SUM('0318'!$K$44:$L$44) -> 372991 | F10: =SUM(E10)/D10 -> 0.745982 | G10: =SUM('0318'!$N$44) -> 1614.5083
B13: 출고내역(K) | G13: [단위:리터/원] | J13: 출고내역(LD) | O13: [단위:리터/원]
B14: 유종 | C14: 일반매출(사내이관 포함) | J14: 유종 | K14: 일반매출(사내이관 포함)
C15: 거래처명 | D15: 수량 | E15: 출고단가 | F15: 재고단가 | G15: 단가차액 | H15: 이익 | K15: 거래처명 | L15: 수량 | M15: 출고단가 | N15: 재고단가 | O15: 단가차액 | P15: 이익
B16: 실내 등유 | F16: =IF(D16="","",(SUM($G$9))) | G16: =IF(D16="","",(SUM(E16)-F16)) | H16: =IF(D16="","",(D16*G16)) | J16: 경유 | N16: =IF(L16="","",($G$10)) | O16: =IF(L16="","",(SUM(M16)-N16)) | P16: =IF(L16="","",(L16*O16))
F17: =IF(D17="","",(SUM($G$9))) | G17: =IF(D17="","",(SUM(E17)-F17)) | H17: =IF(D17="","",(D17*G17)) | N17: =IF(L17="","",($G$10)) | O17: =IF(L17="","",(SUM(M17)-N17)) | P17: =IF(L17="","",(L17*O17))
F18: =IF(D18="","",(SUM($G$9))) | G18: =IF(D18="","",(SUM(E18)-F18)) | H18: =IF(D18="","",(D18*G18)) | N18: =IF(L18="","",($G$10)) | O18: =IF(L18="","",(SUM(M18)-N18)) | P18: =IF(L18="","",(L18*O18))
F19: =IF(D19="","",(SUM($G$9))) | G19: =IF(D19="","",(SUM(E19)-F19)) | H19: =IF(D19="","",(D19*G19)) | N19: =IF(L19="","",($G$10)) | O19: =IF(L19="","",(SUM(M19)-N19)) | P19: =IF(L19="","",(L19*O19))
F20: =IF(D20="","",(SUM($G$9))) | G20: =IF(D20="","",(SUM(E20)-F20)) | H20: =IF(D20="","",(D20*G20)) | N20: =IF(L20="","",($G$10)) | O20: =IF(L20="","",(SUM(M20)-N20)) | P20: =IF(L20="","",(L20*O20))
F21: =IF(D21="","",(SUM($G$9))) | G21: =IF(D21="","",(SUM(E21)-F21)) | H21: =IF(D21="","",(D21*G21)) | N21: =IF(L21="","",($G$10)) | O21: =IF(L21="","",(SUM(M21)-N21)) | P21: =IF(L21="","",(L21*O21))
F22: =IF(D22="","",(SUM($G$9))) | G22: =IF(D22="","",(SUM(E22)-F22)) | H22: =IF(D22="","",(D22*G22)) | N22: =IF(L22="","",($G$10)) | O22: =IF(L22="","",(SUM(M22)-N22)) | P22: =IF(L22="","",(L22*O22))
B23: 소 계 | D23: =SUM(D16:D22) -> 0 | H23: =SUM(H16:H22) -> 0 | J23: 소 계 | L23: =SUM(L16:L22) -> 0 | P23: =SUM(P16:P22) -> 0
B26: 마 감 재 고 | G26: [단위:리터/원] | J26: 입 고 내 역 | O26: [단위:리터/원]
B27: 유종 | C27: 수량 | E27: 단가 | G27: 환산금액 | J27: 유종 | K27: 수량 | M27: 사입단가 | O27: 환산금액
B28: G | C28: 0 | E28: 0 | G28: 0 | J28: G | K28: 0 | M28: 0 | O28: 0
B29: K | C29: =$E$9-$D$23 -> 42225 | E29: =$G$9 -> 1295.3325 | G29: =C29*E29 -> 54695413 | J29: K | K29: 40000 | M29: 1320 | O29: =K29*M29 -> 52800000
B30: D | C30: =$E$10-$L$23 -> 372991 | E30: =$G$10 -> 1614.5083 | G30: =C30*E30 -> 6.0219705e+08 | J30: D | O30: =K30*M30 -> 0
B33: 복 합 단 가
B34: 유종 | C34: 수량 | E34: 금액 | G34: 복 합 단 가
B35: G | C35: 0 | E35: 0 | G35: 0
B36: K | C36: =$C$29+$K$29 -> 82225 | E36: =$G$29+$O$29 -> 1.0749541e+08 | G36: =E36/C36 -> 1307.3325 | R36: 46099
B37: D | C37: =$C$30+$K$30 -> 372991 | E37: =$G$30+$O$30 -> 6.0219705e+08 | G37: =E37/C37 -> 1614.5083 | R37: 감로화
R38: 32000
B39: 재 고 현 황 | O39: [단위:리터/원] | R39: 1대
C40: 전일 | F40: 금일 | N40: 복합단가 | O40: 증감
C41: 재고 | F41: 입고 | H41: 출고 | K41: 마 감 재 고 | M41: 재고율
B42: 휘발유
B43: 등 유 | C43: =SUM($E$9) -> 42225 | F43: =$K$29 -> 40000 | H43: =$D$23 -> 0 | K43: =$C$43-$H$43+$F$43+$O$43 -> 82225 | M43: =SUM($K$43)/$D$9 -> 0.411125 | N43: =$G$36 -> 1307.3325
B44: 경 유 | C44: =SUM($E$10) -> 372991 | F44: =$K$30 -> 0 | H44: =$L$23 -> 0 | K44: =$C$44-$H$44+$F$44+$O$44 -> 372991 | M44: =SUM($K$44)/D10 -> 0.745982 | N44: =$G$37 -> 1614.5083
G45: 복합단가의 재고수량과 단가는 보관물량 제외니 참고해주세요!

Sheet 0319
B1: ◈ KK저장소 복합단가 운영표 - 신도시저장소
B5: 이 월 재 고 | G5: [단위:리터/원]
B7: 유종 | D7: 탱크용량 | E7: 재고수량 | F7: 재고율 | G7: 단가
C8: G | D8: 0 | E8: 0 | F8: 0 | G8: 0
C9: K | D9: 200000 | E9: =SUM('0319 (입고)'!$K$43:$L$43) -> 82225 | F9: =SUM(E9)/D9 -> 0.411125 | G9: =SUM('0319 (입고)'!$N$43) -> 1307.3325
C10: D | D10: 500000 | E10: =SUM('0319 (입고)'!$K$44:$L$44) -> 372991 | F10: =SUM(E10)/D10 -> 0.745982 | G10: =SUM('0319 (입고)'!$N$44) -> 1614.5083
B13: 출고내역(K) | G13: [단위:리터/원] | J13: 출고내역(LD) | O13: [단위:리터/원]
B14: 유종 | C14: 일반매출(사내이관 포함) | J14: 유종 | K14: 일반매출(사내이관 포함)
C15: 거래처명 | D15: 수량 | E15: 출고단가 | F15: 재고단가 | G15: 단가차액 | H15: 이익 | K15: 거래처명 | L15: 수량 | M15: 출고단가 | N15: 재고단가 | O15: 단가차액 | P15: 이익
B16: 실내 등유 | C16: 씨에스 | D16: 60000 | F16: =IF(D16="","",(SUM($G$9))) -> 1307.3325 | G16: =IF(D16="","",(SUM(E16)-F16)) -> -1307.3325 | H16: =IF(D16="","",(D16*G16)) -> -78439949 | J16: 경유 | K16: 감로화 | L16: 3000 | N16: =IF(L16="","",($G$10)) -> 1614.5083 | O16: =IF(L16="","",(SUM(M16)-N16)) -> -1614.5083 | P16: =IF(L16="","",(L16*O16)) -> -4843524.8
F17: =IF(D17="","",(SUM($G$9))) | G17: =IF(D17="","",(SUM(E17)-F17)) | H17: =IF(D17="","",(D17*G17)) | N17: =IF(L17="","",($G$10)) | O17: =IF(L17="","",(SUM(M17)-N17)) | P17: =IF(L17="","",(L17*O17))
F18: =IF(D18="","",(SUM($G$9))) | G18: =IF(D18="","",(SUM(E18)-F18)) | H18: =IF(D18="","",(D18*G18)) | N18: =IF(L18="","",($G$10)) | O18: =IF(L18="","",(SUM(M18)-N18)) | P18: =IF(L18="","",(L18*O18))
F19: =IF(D19="","",(SUM($G$9))) | G19: =IF(D19="","",(SUM(E19)-F19)) | H19: =IF(D19="","",(D19*G19)) | N19: =IF(L19="","",($G$10)) | O19: =IF(L19="","",(SUM(M19)-N19)) | P19: =IF(L19="","",(L19*O19))
F20: =IF(D20="","",(SUM($G$9))) | G20: =IF(D20="","",(SUM(E20)-F20)) | H20: =IF(D20="","",(D20*G20)) | N20: =IF(L20="","",($G$10)) | O20: =IF(L20="","",(SUM(M20)-N20)) | P20: =IF(L20="","",(L20*O20))
F21: =IF(D21="","",(SUM($G$9))) | G21: =IF(D21="","",(SUM(E21)-F21)) | H21: =IF(D21="","",(D21*G21)) | N21: =IF(L21="","",($G$10)) | O21: =IF(L21="","",(SUM(M21)-N21)) | P21: =IF(L21="","",(L21*O21))
F22: =IF(D22="","",(SUM($G$9))) | G22: =IF(D22="","",(SUM(E22)-F22)) | H22: =IF(D22="","",(D22*G22)) | N22: =IF(L22="","",($G$10)) | O22: =IF(L22="","",(SUM(M22)-N22)) | P22: =IF(L22="","",(L22*O22))
B23: 소 계 | D23: =SUM(D16:D22) -> 60000 | H23: =SUM(H16:H22) -> -78439949 | J23: 소 계 | L23: =SUM(L16:L22) -> 3000 | P23: =SUM(P16:P22) -> -4843524.8
B26: 마 감 재 고 | G26: [단위:리터/원] | J26: 입 고 내 역 | O26: [단위:리터/원]
B27: 유종 | C27: 수량 | E27: 단가 | G27: 환산금액 | J27: 유종 | K27: 수량 | M27: 사입단가 | O27: 환산금액
B28: G | C28: 0 | E28: 0 | G28: 0 | J28: G | K28: 0 | M28: 0 | O28: 0
B29: K | C29: =$E$9-$D$23 -> 22225 | E29: =$G$9 -> 1307.3325 | G29: =C29*E29 -> 29055464 | J29: K | O29: =K29*M29 -> 0
B30: D | C30: =$E$10-$L$23 -> 369991 | E30: =$G$10 -> 1614.5083 | G30: =C30*E30 -> 5.9735353e+08 | J30: D | O30: =K30*M30 -> 0
B33: 복 합 단 가
B34: 유종 | C34: 수량 | E34: 금액 | G34: 복 합 단 가
B35: G | C35: 0 | E35: 0 | G35: 0
B36: K | C36: =$C$29+$K$29 -> 22225 | E36: =$G$29+$O$29 -> 29055464 | G36: =E36/C36 -> 1307.3325 | R36: 46099
B37: D | C37: =$C$30+$K$30 -> 369991 | E37: =$G$30+$O$30 -> 5.9735353e+08 | G37: =E37/C37 -> 1614.5083 | R37: 감로화
R38: 32000
B39: 재 고 현 황 | O39: [단위:리터/원] | R39: 1대
C40: 전일 | F40: 금일 | N40: 복합단가 | O40: 증감
C41: 재고 | F41: 입고 | H41: 출고 | K41: 마 감 재 고 | M41: 재고율
B42: 휘발유
B43: 등 유 | C43: =SUM($E$9) -> 82225 | F43: =$K$29 -> 0 | H43: =$D$23 -> 60000 | K43: =$C$43-$H$43+$F$43+$O$43 -> 22225 | M43: =SUM($K$43)/$D$9 -> 0.111125 | N43: =$G$36 -> 1307.3325
B44: 경 유 | C44: =SUM($E$10) -> 372991 | F44: =$K$30 -> 0 | H44: =$L$23 -> 3000 | K44: =$C$44-$H$44+$F$44+$O$44 -> 369991 | M44: =SUM($K$44)/D10 -> 0.739982 | N44: =$G$37 -> 1614.5083
G45: 복합단가의 재고수량과 단가는 보관물량 제외니 참고해주세요!

Sheet 0320 (입고)
B1: ◈ KK저장소 복합단가 운영표 - 신도시저장소
B5: 이 월 재 고 | G5: [단위:리터/원]
B7: 유종 | D7: 탱크용량 | E7: 재고수량 | F7: 재고율 | G7: 단가
C8: G | D8: 0 | E8: 0 | F8: 0 | G8: 0
C9: K | D9: 200000 | E9: =SUM('0319'!$K$43:$L$43) -> 22225 | F9: =SUM(E9)/D9 -> 0.111125 | G9: =SUM('0319'!$N$43) -> 1307.3325
C10: D | D10: 500000 | E10: =SUM('0319'!$K$44:$L$44) -> 369991 | F10: =SUM(E10)/D10 -> 0.739982 | G10: =SUM('0319'!$N$44) -> 1614.5083
B13: 출고내역(K) | G13: [단위:리터/원] | J13: 출고내역(LD) | O13: [단위:리터/원]
B14: 유종 | C14: 일반매출(사내이관 포함) | J14: 유종 | K14: 일반매출(사내이관 포함)
C15: 거래처명 | D15: 수량 | E15: 출고단가 | F15: 재고단가 | G15: 단가차액 | H15: 이익 | K15: 거래처명 | L15: 수량 | M15: 출고단가 | N15: 재고단가 | O15: 단가차액 | P15: 이익
B16: 실내 등유 | F16: =IF(D16="","",(SUM($G$9))) | G16: =IF(D16="","",(SUM(E16)-F16)) | H16: =IF(D16="","",(D16*G16)) | J16: 경유 | N16: =IF(L16="","",($G$10)) | O16: =IF(L16="","",(SUM(M16)-N16)) | P16: =IF(L16="","",(L16*O16))
F17: =IF(D17="","",(SUM($G$9))) | G17: =IF(D17="","",(SUM(E17)-F17)) | H17: =IF(D17="","",(D17*G17)) | N17: =IF(L17="","",($G$10)) | O17: =IF(L17="","",(SUM(M17)-N17)) | P17: =IF(L17="","",(L17*O17))
F18: =IF(D18="","",(SUM($G$9))) | G18: =IF(D18="","",(SUM(E18)-F18)) | H18: =IF(D18="","",(D18*G18)) | N18: =IF(L18="","",($G$10)) | O18: =IF(L18="","",(SUM(M18)-N18)) | P18: =IF(L18="","",(L18*O18))
F19: =IF(D19="","",(SUM($G$9))) | G19: =IF(D19="","",(SUM(E19)-F19)) | H19: =IF(D19="","",(D19*G19)) | N19: =IF(L19="","",($G$10)) | O19: =IF(L19="","",(SUM(M19)-N19)) | P19: =IF(L19="","",(L19*O19))
F20: =IF(D20="","",(SUM($G$9))) | G20: =IF(D20="","",(SUM(E20)-F20)) | H20: =IF(D20="","",(D20*G20)) | N20: =IF(L20="","",($G$10)) | O20: =IF(L20="","",(SUM(M20)-N20)) | P20: =IF(L20="","",(L20*O20))
F21: =IF(D21="","",(SUM($G$9))) | G21: =IF(D21="","",(SUM(E21)-F21)) | H21: =IF(D21="","",(D21*G21)) | N21: =IF(L21="","",($G$10)) | O21: =IF(L21="","",(SUM(M21)-N21)) | P21: =IF(L21="","",(L21*O21))
F22: =IF(D22="","",(SUM($G$9))) | G22: =IF(D22="","",(SUM(E22)-F22)) | H22: =IF(D22="","",(D22*G22)) | N22: =IF(L22="","",($G$10)) | O22: =IF(L22="","",(SUM(M22)-N22)) | P22: =IF(L22="","",(L22*O22))
B23: 소 계 | D23: =SUM(D16:D22) -> 0 | H23: =SUM(H16:H22) -> 0 | J23: 소 계 | L23: =SUM(L16:L22) -> 0 | P23: =SUM(P16:P22) -> 0
B26: 마 감 재 고 | G26: [단위:리터/원] | J26: 입 고 내 역 | O26: [단위:리터/원]
B27: 유종 | C27: 수량 | E27: 단가 | G27: 환산금액 | J27: 유종 | K27: 수량 | M27: 사입단가 | O27: 환산금액
B28: G | C28: 0 | E28: 0 | G28: 0 | J28: G | K28: 0 | M28: 0 | O28: 0
B29: K | C29: =$E$9-$D$23 -> 22225 | E29: =$G$9 -> 1307.3325 | G29: =C29*E29 -> 29055464 | J29: K | K29: 64000 | M29: 1320 | O29: =K29*M29 -> 84480000
B30: D | C30: =$E$10-$L$23 -> 369991 | E30: =$G$10 -> 1614.5083 | G30: =C30*E30 -> 5.9735353e+08 | J30: D | O30: =K30*M30 -> 0
B33: 복 합 단 가
B34: 유종 | C34: 수량 | E34: 금액 | G34: 복 합 단 가
B35: G | C35: 0 | E35: 0 | G35: 0
B36: K | C36: =$C$29+$K$29 -> 86225 | E36: =$G$29+$O$29 -> 1.1353546e+08 | G36: =E36/C36 -> 1316.7349 | R36: 46099
B37: D | C37: =$C$30+$K$30 -> 369991 | E37: =$G$30+$O$30 -> 5.9735353e+08 | G37: =E37/C37 -> 1614.5083 | R37: 감로화
R38: 32000
B39: 재 고 현 황 | O39: [단위:리터/원] | R39: 1대
C40: 전일 | F40: 금일 | N40: 복합단가 | O40: 증감
C41: 재고 | F41: 입고 | H41: 출고 | K41: 마 감 재 고 | M41: 재고율
B42: 휘발유
B43: 등 유 | C43: =SUM($E$9) -> 22225 | F43: =$K$29 -> 64000 | H43: =$D$23 -> 0 | K43: =$C$43-$H$43+$F$43+$O$43 -> 86225 | M43: =SUM($K$43)/$D$9 -> 0.431125 | N43: =$G$36 -> 1316.7349
B44: 경 유 | C44: =SUM($E$10) -> 369991 | F44: =$K$30 -> 0 | H44: =$L$23 -> 0 | K44: =$C$44-$H$44+$F$44+$O$44 -> 369991 | M44: =SUM($K$44)/D10 -> 0.739982 | N44: =$G$37 -> 1614.5083
G45: 복합단가의 재고수량과 단가는 보관물량 제외니 참고해주세요!

Sheet 0320
B1: ◈ KK저장소 복합단가 운영표 - 신도시저장소
B5: 이 월 재 고 | G5: [단위:리터/원]
B7: 유종 | D7: 탱크용량 | E7: 재고수량 | F7: 재고율 | G7: 단가
C8: G | D8: 0 | E8: 0 | F8: 0 | G8: 0
C9: K | D9: 200000 | E9: =SUM('0320 (입고)'!$K$43:$L$43) -> 86225 | F9: =SUM(E9)/D9 -> 0.431125 | G9: =SUM('0320 (입고)'!$N$43) -> 1316.7349
C10: D | D10: 500000 | E10: =SUM('0320 (입고)'!$K$44:$L$44) -> 369991 | F10: =SUM(E10)/D10 -> 0.739982 | G10: =SUM('0320 (입고)'!$N$44) -> 1614.5083
B13: 출고내역(K) | G13: [단위:리터/원] | J13: 출고내역(LD) | O13: [단위:리터/원]
B14: 유종 | C14: 일반매출(사내이관 포함) | J14: 유종 | K14: 일반매출(사내이관 포함)
C15: 거래처명 | D15: 수량 | E15: 출고단가 | F15: 재고단가 | G15: 단가차액 | H15: 이익 | K15: 거래처명 | L15: 수량 | M15: 출고단가 | N15: 재고단가 | O15: 단가차액 | P15: 이익
B16: 실내 등유 | F16: =IF(D16="","",(SUM($G$9))) | G16: =IF(D16="","",(SUM(E16)-F16)) | H16: =IF(D16="","",(D16*G16)) | J16: 경유 | K16: 감로화 | L16: 3000 | N16: =IF(L16="","",($G$10)) -> 1614.5083 | O16: =IF(L16="","",(SUM(M16)-N16)) -> -1614.5083 | P16: =IF(L16="","",(L16*O16)) -> -4843524.8
F17: =IF(D17="","",(SUM($G$9))) | G17: =IF(D17="","",(SUM(E17)-F17)) | H17: =IF(D17="","",(D17*G17)) | N17: =IF(L17="","",($G$10)) | O17: =IF(L17="","",(SUM(M17)-N17)) | P17: =IF(L17="","",(L17*O17))
F18: =IF(D18="","",(SUM($G$9))) | G18: =IF(D18="","",(SUM(E18)-F18)) | H18: =IF(D18="","",(D18*G18)) | N18: =IF(L18="","",($G$10)) | O18: =IF(L18="","",(SUM(M18)-N18)) | P18: =IF(L18="","",(L18*O18))
F19: =IF(D19="","",(SUM($G$9))) | G19: =IF(D19="","",(SUM(E19)-F19)) | H19: =IF(D19="","",(D19*G19)) | N19: =IF(L19="","",($G$10)) | O19: =IF(L19="","",(SUM(M19)-N19)) | P19: =IF(L19="","",(L19*O19))
F20: =IF(D20="","",(SUM($G$9))) | G20: =IF(D20="","",(SUM(E20)-F20)) | H20: =IF(D20="","",(D20*G20)) | N20: =IF(L20="","",($G$10)) | O20: =IF(L20="","",(SUM(M20)-N20)) | P20: =IF(L20="","",(L20*O20))
F21: =IF(D21="","",(SUM($G$9))) | G21: =IF(D21="","",(SUM(E21)-F21)) | H21: =IF(D21="","",(D21*G21)) | N21: =IF(L21="","",($G$10)) | O21: =IF(L21="","",(SUM(M21)-N21)) | P21: =IF(L21="","",(L21*O21))
F22: =IF(D22="","",(SUM($G$9))) | G22: =IF(D22="","",(SUM(E22)-F22)) | H22: =IF(D22="","",(D22*G22)) | N22: =IF(L22="","",($G$10)) | O22: =IF(L22="","",(SUM(M22)-N22)) | P22: =IF(L22="","",(L22*O22))
B23: 소 계 | D23: =SUM(D16:D22) -> 0 | H23: =SUM(H16:H22) -> 0 | J23: 소 계 | L23: =SUM(L16:L22) -> 3000 | P23: =SUM(P16:P22) -> -4843524.8
B26: 마 감 재 고 | G26: [단위:리터/원] | J26: 입 고 내 역 | O26: [단위:리터/원]
B27: 유종 | C27: 수량 | E27: 단가 | G27: 환산금액 | J27: 유종 | K27: 수량 | M27: 사입단가 | O27: 환산금액
B28: G | C28: 0 | E28: 0 | G28: 0 | J28: G | K28: 0 | M28: 0 | O28: 0
B29: K | C29: =$E$9-$D$23 -> 86225 | E29: =$G$9 -> 1316.7349 | G29: =C29*E29 -> 1.1353546e+08 | J29: K | O29: =K29*M29 -> 0
B30: D | C30: =$E$10-$L$23 -> 366991 | E30: =$G$10 -> 1614.5083 | G30: =C30*E30 -> 5.9251e+08 | J30: D | O30: =K30*M30 -> 0
B33: 복 합 단 가
B34: 유종 | C34: 수량 | E34: 금액 | G34: 복 합 단 가
B35: G | C35: 0 | E35: 0 | G35: 0
B36: K | C36: =$C$29+$K$29 -> 86225 | E36: =$G$29+$O$29 -> 1.1353546e+08 | G36: =E36/C36 -> 1316.7349 | R36: 46099
B37: D | C37: =$C$30+$K$30 -> 366991 | E37: =$G$30+$O$30 -> 5.9251e+08 | G37: =E37/C37 -> 1614.5083 | R37: 감로화
R38: 32000
B39: 재 고 현 황 | O39: [단위:리터/원] | R39: 1대
C40: 전일 | F40: 금일 | N40: 복합단가 | O40: 증감
C41: 재고 | F41: 입고 | H41: 출고 | K41: 마 감 재 고 | M41: 재고율
B42: 휘발유
B43: 등 유 | C43: =SUM($E$9) -> 86225 | F43: =$K$29 -> 0 | H43: =$D$23 -> 0 | K43: =$C$43-$H$43+$F$43+$O$43 -> 86225 | M43: =SUM($K$43)/$D$9 -> 0.431125 | N43: =$G$36 -> 1316.7349
B44: 경 유 | C44: =SUM($E$10) -> 369991 | F44: =$K$30 -> 0 | H44: =$L$23 -> 3000 | K44: =$C$44-$H$44+$F$44+$O$44 -> 366991 | M44: =SUM($K$44)/D10 -> 0.733982 | N44: =$G$37 -> 1614.5083
G45: 복합단가의 재고수량과 단가는 보관물량 제외니 참고해주세요!

Sheet 0321 (입고)
B1: ◈ KK저장소 복합단가 운영표 - 신도시저장소
B5: 이 월 재 고 | G5: [단위:리터/원]
B7: 유종 | D7: 탱크용량 | E7: 재고수량 | F7: 재고율 | G7: 단가
C8: G | D8: 0 | E8: 0 | F8: 0 | G8: 0
C9: K | D9: 200000 | E9: =SUM('0320'!$K$43:$L$43) -> 86225 | F9: =SUM(E9)/D9 -> 0.431125 | G9: =SUM('0320'!$N$43) -> 1316.7349
C10: D | D10: 500000 | E10: =SUM('0320'!$K$44:$L$44) -> 366991 | F10: =SUM(E10)/D10 -> 0.733982 | G10: =SUM('0320'!$N$44) -> 1614.5083
B13: 출고내역(K) | G13: [단위:리터/원] | J13: 출고내역(LD) | O13: [단위:리터/원]
B14: 유종 | C14: 일반매출(사내이관 포함) | J14: 유종 | K14: 일반매출(사내이관 포함)
C15: 거래처명 | D15: 수량 | E15: 출고단가 | F15: 재고단가 | G15: 단가차액 | H15: 이익 | K15: 거래처명 | L15: 수량 | M15: 출고단가 | N15: 재고단가 | O15: 단가차액 | P15: 이익
B16: 실내 등유 | F16: =IF(D16="","",(SUM($G$9))) | G16: =IF(D16="","",(SUM(E16)-F16)) | H16: =IF(D16="","",(D16*G16)) | J16: 경유 | N16: =IF(L16="","",($G$10)) | O16: =IF(L16="","",(SUM(M16)-N16)) | P16: =IF(L16="","",(L16*O16))
F17: =IF(D17="","",(SUM($G$9))) | G17: =IF(D17="","",(SUM(E17)-F17)) | H17: =IF(D17="","",(D17*G17)) | N17: =IF(L17="","",($G$10)) | O17: =IF(L17="","",(SUM(M17)-N17)) | P17: =IF(L17="","",(L17*O17))
F18: =IF(D18="","",(SUM($G$9))) | G18: =IF(D18="","",(SUM(E18)-F18)) | H18: =IF(D18="","",(D18*G18)) | N18: =IF(L18="","",($G$10)) | O18: =IF(L18="","",(SUM(M18)-N18)) | P18: =IF(L18="","",(L18*O18))
F19: =IF(D19="","",(SUM($G$9))) | G19: =IF(D19="","",(SUM(E19)-F19)) | H19: =IF(D19="","",(D19*G19)) | N19: =IF(L19="","",($G$10)) | O19: =IF(L19="","",(SUM(M19)-N19)) | P19: =IF(L19="","",(L19*O19))
F20: =IF(D20="","",(SUM($G$9))) | G20: =IF(D20="","",(SUM(E20)-F20)) | H20: =IF(D20="","",(D20*G20)) | N20: =IF(L20="","",($G$10)) | O20: =IF(L20="","",(SUM(M20)-N20)) | P20: =IF(L20="","",(L20*O20))
F21: =IF(D21="","",(SUM($G$9))) | G21: =IF(D21="","",(SUM(E21)-F21)) | H21: =IF(D21="","",(D21*G21)) | N21: =IF(L21="","",($G$10)) | O21: =IF(L21="","",(SUM(M21)-N21)) | P21: =IF(L21="","",(L21*O21))
F22: =IF(D22="","",(SUM($G$9))) | G22: =IF(D22="","",(SUM(E22)-F22)) | H22: =IF(D22="","",(D22*G22)) | N22: =IF(L22="","",($G$10)) | O22: =IF(L22="","",(SUM(M22)-N22)) | P22: =IF(L22="","",(L22*O22))
B23: 소 계 | D23: =SUM(D16:D22) -> 0 | H23: =SUM(H16:H22) -> 0 | J23: 소 계 | L23: =SUM(L16:L22) -> 0 | P23: =SUM(P16:P22) -> 0
B26: 마 감 재 고 | G26: [단위:리터/원] | J26: 입 고 내 역 | O26: [단위:리터/원]
B27: 유종 | C27: 수량 | E27: 단가 | G27: 환산금액 | J27: 유종 | K27: 수량 | M27: 사입단가 | O27: 환산금액
B28: G | C28: 0 | E28: 0 | G28: 0 | J28: G | K28: 0 | M28: 0 | O28: 0
B29: K | C29: =$E$9-$D$23 -> 86225 | E29: =$G$9 -> 1316.7349 | G29: =C29*E29 -> 1.1353546e+08 | J29: K | O29: =K29*M29 -> 0
B30: D | C30: =$E$10-$L$23 -> 366991 | E30: =$G$10 -> 1614.5083 | G30: =C30*E30 -> 5.9251e+08 | J30: D | K30: 28000 | M30: 1713 | O30: =K30*M30 -> 47964000
B33: 복 합 단 가
B34: 유종 | C34: 수량 | E34: 금액 | G34: 복 합 단 가
B35: G | C35: 0 | E35: 0 | G35: 0
B36: K | C36: =$C$29+$K$29 -> 86225 | E36: =$G$29+$O$29 -> 1.1353546e+08 | G36: =E36/C36 -> 1316.7349 | R36: 46099
B37: D | C37: =$C$30+$K$30 -> 394991 | E37: =$G$30+$O$30 -> 6.40474e+08 | G37: =E37/C37 -> 1621.4901 | R37: 감로화
R38: 32000
B39: 재 고 현 황 | O39: [단위:리터/원] | R39: 1대
C40: 전일 | F40: 금일 | N40: 복합단가 | O40: 증감
C41: 재고 | F41: 입고 | H41: 출고 | K41: 마 감 재 고 | M41: 재고율
B42: 휘발유
B43: 등 유 | C43: =SUM($E$9) -> 86225 | F43: =$K$29 -> 0 | H43: =$D$23 -> 0 | K43: =$C$43-$H$43+$F$43+$O$43 -> 86225 | M43: =SUM($K$43)/$D$9 -> 0.431125 | N43: =$G$36 -> 1316.7349
B44: 경 유 | C44: =SUM($E$10) -> 366991 | F44: =$K$30 -> 28000 | H44: =$L$23 -> 0 | K44: =$C$44-$H$44+$F$44+$O$44 -> 394991 | M44: =SUM($K$44)/D10 -> 0.789982 | N44: =$G$37 -> 1621.4901
G45: 복합단가의 재고수량과 단가는 보관물량 제외니 참고해주세요!

Sheet 0321
B1: ◈ KK저장소 복합단가 운영표 - 신도시저장소
B5: 이 월 재 고 | G5: [단위:리터/원]
B7: 유종 | D7: 탱크용량 | E7: 재고수량 | F7: 재고율 | G7: 단가
C8: G | D8: 0 | E8: 0 | F8: 0 | G8: 0
C9: K | D9: 200000 | E9: =SUM('0321 (입고)'!$K$43:$L$43) -> 86225 | F9: =SUM(E9)/D9 -> 0.431125 | G9: =SUM('0321 (입고)'!$N$43) -> 1316.7349
C10: D | D10: 500000 | E10: =SUM('0321 (입고)'!$K$44:$L$44) -> 394991 | F10: =SUM(E10)/D10 -> 0.789982 | G10: =SUM('0321 (입고)'!$N$44) -> 1621.4901
B13: 출고내역(K) | G13: [단위:리터/원] | J13: 출고내역(LD) | O13: [단위:리터/원]
B14: 유종 | C14: 일반매출(사내이관 포함) | J14: 유종 | K14: 일반매출(사내이관 포함)
C15: 거래처명 | D15: 수량 | E15: 출고단가 | F15: 재고단가 | G15: 단가차액 | H15: 이익 | K15: 거래처명 | L15: 수량 | M15: 출고단가 | N15: 재고단가 | O15: 단가차액 | P15: 이익
B16: 실내 등유 | C16: 매일동광석유 | D16: 20000 | F16: =IF(D16="","",(SUM($G$9))) -> 1316.7349 | G16: =IF(D16="","",(SUM(E16)-F16)) -> -1316.7349 | H16: =IF(D16="","",(D16*G16)) -> -26334697 | J16: 경유 | N16: =IF(L16="","",($G$10)) | O16: =IF(L16="","",(SUM(M16)-N16)) | P16: =IF(L16="","",(L16*O16))
F17: =IF(D17="","",(SUM($G$9))) | G17: =IF(D17="","",(SUM(E17)-F17)) | H17: =IF(D17="","",(D17*G17)) | N17: =IF(L17="","",($G$10)) | O17: =IF(L17="","",(SUM(M17)-N17)) | P17: =IF(L17="","",(L17*O17))
F18: =IF(D18="","",(SUM($G$9))) | G18: =IF(D18="","",(SUM(E18)-F18)) | H18: =IF(D18="","",(D18*G18)) | N18: =IF(L18="","",($G$10)) | O18: =IF(L18="","",(SUM(M18)-N18)) | P18: =IF(L18="","",(L18*O18))
F19: =IF(D19="","",(SUM($G$9))) | G19: =IF(D19="","",(SUM(E19)-F19)) | H19: =IF(D19="","",(D19*G19)) | N19: =IF(L19="","",($G$10)) | O19: =IF(L19="","",(SUM(M19)-N19)) | P19: =IF(L19="","",(L19*O19))
F20: =IF(D20="","",(SUM($G$9))) | G20: =IF(D20="","",(SUM(E20)-F20)) | H20: =IF(D20="","",(D20*G20)) | N20: =IF(L20="","",($G$10)) | O20: =IF(L20="","",(SUM(M20)-N20)) | P20: =IF(L20="","",(L20*O20))
F21: =IF(D21="","",(SUM($G$9))) | G21: =IF(D21="","",(SUM(E21)-F21)) | H21: =IF(D21="","",(D21*G21)) | N21: =IF(L21="","",($G$10)) | O21: =IF(L21="","",(SUM(M21)-N21)) | P21: =IF(L21="","",(L21*O21))
F22: =IF(D22="","",(SUM($G$9))) | G22: =IF(D22="","",(SUM(E22)-F22)) | H22: =IF(D22="","",(D22*G22)) | N22: =IF(L22="","",($G$10)) | O22: =IF(L22="","",(SUM(M22)-N22)) | P22: =IF(L22="","",(L22*O22))
B23: 소 계 | D23: =SUM(D16:D22) -> 20000 | H23: =SUM(H16:H22) -> -26334697 | J23: 소 계 | L23: =SUM(L16:L22) -> 0 | P23: =SUM(P16:P22) -> 0
B26: 마 감 재 고 | G26: [단위:리터/원] | J26: 입 고 내 역 | O26: [단위:리터/원]
B27: 유종 | C27: 수량 | E27: 단가 | G27: 환산금액 | J27: 유종 | K27: 수량 | M27: 사입단가 | O27: 환산금액
B28: G | C28: 0 | E28: 0 | G28: 0 | J28: G | K28: 0 | M28: 0 | O28: 0
B29: K | C29: =$E$9-$D$23 -> 66225 | E29: =$G$9 -> 1316.7349 | G29: =C29*E29 -> 87200767 | J29: K | O29: =K29*M29 -> 0
B30: D | C30: =$E$10-$L$23 -> 394991 | E30: =$G$10 -> 1621.4901 | G30: =C30*E30 -> 6.40474e+08 | J30: D | O30: =K30*M30 -> 0
B33: 복 합 단 가
B34: 유종 | C34: 수량 | E34: 금액 | G34: 복 합 단 가
B35: G | C35: 0 | E35: 0 | G35: 0
B36: K | C36: =$C$29+$K$29 -> 66225 | E36: =$G$29+$O$29 -> 87200767 | G36: =E36/C36 -> 1316.7349 | R36: 46099
B37: D | C37: =$C$30+$K$30 -> 394991 | E37: =$G$30+$O$30 -> 6.40474e+08 | G37: =E37/C37 -> 1621.4901 | R37: 감로화
R38: 32000
B39: 재 고 현 황 | O39: [단위:리터/원] | R39: 1대
C40: 전일 | F40: 금일 | N40: 복합단가 | O40: 증감
C41: 재고 | F41: 입고 | H41: 출고 | K41: 마 감 재 고 | M41: 재고율
B42: 휘발유
B43: 등 유 | C43: =SUM($E$9) -> 86225 | F43: =$K$29 -> 0 | H43: =$D$23 -> 20000 | K43: =$C$43-$H$43+$F$43+$O$43 -> 66225 | M43: =SUM($K$43)/$D$9 -> 0.331125 | N43: =$G$36 -> 1316.7349
B44: 경 유 | C44: =SUM($E$10) -> 394991 | F44: =$K$30 -> 0 | H44: =$L$23 -> 0 | K44: =$C$44-$H$44+$F$44+$O$44 -> 394991 | M44: =SUM($K$44)/D10 -> 0.789982 | N44: =$G$37 -> 1621.4901
G45: 복합단가의 재고수량과 단가는 보관물량 제외니 참고해주세요!

Sheet 0323 (입고)
B1: ◈ KK저장소 복합단가 운영표 - 신도시저장소
B5: 이 월 재 고 | G5: [단위:리터/원]
B7: 유종 | D7: 탱크용량 | E7: 재고수량 | F7: 재고율 | G7: 단가
C8: G | D8: 0 | E8: 0 | F8: 0 | G8: 0
C9: K | D9: 200000 | E9: =SUM('0321'!$K$43:$L$43) -> 66225 | F9: =SUM(E9)/D9 -> 0.331125 | G9: =SUM('0321'!$N$43) -> 1316.7349
C10: D | D10: 500000 | E10: =SUM('0321'!$K$44:$L$44) -> 394991 | F10: =SUM(E10)/D10 -> 0.789982 | G10: =SUM('0321'!$N$44) -> 1621.4901
B13: 출고내역(K) | G13: [단위:리터/원] | J13: 출고내역(LD) | O13: [단위:리터/원]
B14: 유종 | C14: 일반매출(사내이관 포함) | J14: 유종 | K14: 일반매출(사내이관 포함)
C15: 거래처명 | D15: 수량 | E15: 출고단가 | F15: 재고단가 | G15: 단가차액 | H15: 이익 | K15: 거래처명 | L15: 수량 | M15: 출고단가 | N15: 재고단가 | O15: 단가차액 | P15: 이익
B16: 실내 등유 | F16: =IF(D16="","",(SUM($G$9))) | G16: =IF(D16="","",(SUM(E16)-F16)) | H16: =IF(D16="","",(D16*G16)) | J16: 경유 | N16: =IF(L16="","",($G$10)) | O16: =IF(L16="","",(SUM(M16)-N16)) | P16: =IF(L16="","",(L16*O16))
F17: =IF(D17="","",(SUM($G$9))) | G17: =IF(D17="","",(SUM(E17)-F17)) | H17: =IF(D17="","",(D17*G17)) | N17: =IF(L17="","",($G$10)) | O17: =IF(L17="","",(SUM(M17)-N17)) | P17: =IF(L17="","",(L17*O17))
F18: =IF(D18="","",(SUM($G$9))) | G18: =IF(D18="","",(SUM(E18)-F18)) | H18: =IF(D18="","",(D18*G18)) | N18: =IF(L18="","",($G$10)) | O18: =IF(L18="","",(SUM(M18)-N18)) | P18: =IF(L18="","",(L18*O18))
F19: =IF(D19="","",(SUM($G$9))) | G19: =IF(D19="","",(SUM(E19)-F19)) | H19: =IF(D19="","",(D19*G19)) | N19: =IF(L19="","",($G$10)) | O19: =IF(L19="","",(SUM(M19)-N19)) | P19: =IF(L19="","",(L19*O19))
F20: =IF(D20="","",(SUM($G$9))) | G20: =IF(D20="","",(SUM(E20)-F20)) | H20: =IF(D20="","",(D20*G20)) | N20: =IF(L20="","",($G$10)) | O20: =IF(L20="","",(SUM(M20)-N20)) | P20: =IF(L20="","",(L20*O20))
F21: =IF(D21="","",(SUM($G$9))) | G21: =IF(D21="","",(SUM(E21)-F21)) | H21: =IF(D21="","",(D21*G21)) | N21: =IF(L21="","",($G$10)) | O21: =IF(L21="","",(SUM(M21)-N21)) | P21: =IF(L21="","",(L21*O21))
F22: =IF(D22="","",(SUM($G$9))) | G22: =IF(D22="","",(SUM(E22)-F22)) | H22: =IF(D22="","",(D22*G22)) | N22: =IF(L22="","",($G$10)) | O22: =IF(L22="","",(SUM(M22)-N22)) | P22: =IF(L22="","",(L22*O22))
B23: 소 계 | D23: =SUM(D16:D22) -> 0 | H23: =SUM(H16:H22) -> 0 | J23: 소 계 | L23: =SUM(L16:L22) -> 0 | P23: =SUM(P16:P22) -> 0
B26: 마 감 재 고 | G26: [단위:리터/원] | J26: 입 고 내 역 | O26: [단위:리터/원]
B27: 유종 | C27: 수량 | E27: 단가 | G27: 환산금액 | J27: 유종 | K27: 수량 | M27: 사입단가 | O27: 환산금액
B28: G | C28: 0 | E28: 0 | G28: 0 | J28: G | K28: 0 | M28: 0 | O28: 0
B29: K | C29: =$E$9-$D$23 -> 66225 | E29: =$G$9 -> 1316.7349 | G29: =C29*E29 -> 87200767 | J29: K | O29: =K29*M29 -> 0
B30: D | C30: =$E$10-$L$23 -> 394991 | E30: =$G$10 -> 1621.4901 | G30: =C30*E30 -> 6.40474e+08 | J30: D | K30: 8000 | M30: 1713 | O30: =K30*M30 -> 13704000
B33: 복 합 단 가
B34: 유종 | C34: 수량 | E34: 금액 | G34: 복 합 단 가
B35: G | C35: 0 | E35: 0 | G35: 0
B36: K | C36: =$C$29+$K$29 -> 66225 | E36: =$G$29+$O$29 -> 87200767 | G36: =E36/C36 -> 1316.7349 | R36: 46099
B37: D | C37: =$C$30+$K$30 -> 402991 | E37: =$G$30+$O$30 -> 6.54178e+08 | G37: =E37/C37 -> 1623.3067 | R37: 감로화
R38: 32000
B39: 재 고 현 황 | O39: [단위:리터/원] | R39: 1대
C40: 전일 | F40: 금일 | N40: 복합단가 | O40: 증감
C41: 재고 | F41: 입고 | H41: 출고 | K41: 마 감 재 고 | M41: 재고율
B42: 휘발유
B43: 등 유 | C43: =SUM($E$9) -> 66225 | F43: =$K$29 -> 0 | H43: =$D$23 -> 0 | K43: =$C$43-$H$43+$F$43+$O$43 -> 66225 | M43: =SUM($K$43)/$D$9 -> 0.331125 | N43: =$G$36 -> 1316.7349
B44: 경 유 | C44: =SUM($E$10) -> 394991 | F44: =$K$30 -> 8000 | H44: =$L$23 -> 0 | K44: =$C$44-$H$44+$F$44+$O$44 -> 402991 | M44: =SUM($K$44)/D10 -> 0.805982 | N44: =$G$37 -> 1623.3067
G45: 복합단가의 재고수량과 단가는 보관물량 제외니 참고해주세요!

Sheet 0324
B1: ◈ KK저장소 복합단가 운영표 - 신도시저장소
B5: 이 월 재 고 | G5: [단위:리터/원]
B7: 유종 | D7: 탱크용량 | E7: 재고수량 | F7: 재고율 | G7: 단가
C8: G | D8: 0 | E8: 0 | F8: 0 | G8: 0
C9: K | D9: 200000 | E9: =SUM('0323 (입고)'!$K$43:$L$43) -> 66225 | F9: =SUM(E9)/D9 -> 0.331125 | G9: =SUM('0323 (입고)'!$N$43) -> 1316.7349
C10: D | D10: 500000 | E10: =SUM('0323 (입고)'!$K$44:$L$44) -> 402991 | F10: =SUM(E10)/D10 -> 0.805982 | G10: =SUM('0323 (입고)'!$N$44) -> 1623.3067
B13: 출고내역(K) | G13: [단위:리터/원] | J13: 출고내역(LD) | O13: [단위:리터/원]
B14: 유종 | C14: 일반매출(사내이관 포함) | J14: 유종 | K14: 일반매출(사내이관 포함)
C15: 거래처명 | D15: 수량 | E15: 출고단가 | F15: 재고단가 | G15: 단가차액 | H15: 이익 | K15: 거래처명 | L15: 수량 | M15: 출고단가 | N15: 재고단가 | O15: 단가차액 | P15: 이익
B16: 실내 등유 | C16: 감로화 | D16: 3000 | F16: =IF(D16="","",(SUM($G$9))) -> 1316.7349 | G16: =IF(D16="","",(SUM(E16)-F16)) -> -1316.7349 | H16: =IF(D16="","",(D16*G16)) -> -3950204.6 | J16: 경유 | N16: =IF(L16="","",($G$10)) | O16: =IF(L16="","",(SUM(M16)-N16)) | P16: =IF(L16="","",(L16*O16))
F17: =IF(D17="","",(SUM($G$9))) | G17: =IF(D17="","",(SUM(E17)-F17)) | H17: =IF(D17="","",(D17*G17)) | N17: =IF(L17="","",($G$10)) | O17: =IF(L17="","",(SUM(M17)-N17)) | P17: =IF(L17="","",(L17*O17))
F18: =IF(D18="","",(SUM($G$9))) | G18: =IF(D18="","",(SUM(E18)-F18)) | H18: =IF(D18="","",(D18*G18)) | N18: =IF(L18="","",($G$10)) | O18: =IF(L18="","",(SUM(M18)-N18)) | P18: =IF(L18="","",(L18*O18))
F19: =IF(D19="","",(SUM($G$9))) | G19: =IF(D19="","",(SUM(E19)-F19)) | H19: =IF(D19="","",(D19*G19)) | N19: =IF(L19="","",($G$10)) | O19: =IF(L19="","",(SUM(M19)-N19)) | P19: =IF(L19="","",(L19*O19))
F20: =IF(D20="","",(SUM($G$9))) | G20: =IF(D20="","",(SUM(E20)-F20)) | H20: =IF(D20="","",(D20*G20)) | N20: =IF(L20="","",($G$10)) | O20: =IF(L20="","",(SUM(M20)-N20)) | P20: =IF(L20="","",(L20*O20))
F21: =IF(D21="","",(SUM($G$9))) | G21: =IF(D21="","",(SUM(E21)-F21)) | H21: =IF(D21="","",(D21*G21)) | N21: =IF(L21="","",($G$10)) | O21: =IF(L21="","",(SUM(M21)-N21)) | P21: =IF(L21="","",(L21*O21))
F22: =IF(D22="","",(SUM($G$9))) | G22: =IF(D22="","",(SUM(E22)-F22)) | H22: =IF(D22="","",(D22*G22)) | N22: =IF(L22="","",($G$10)) | O22: =IF(L22="","",(SUM(M22)-N22)) | P22: =IF(L22="","",(L22*O22))
B23: 소 계 | D23: =SUM(D16:D22) -> 3000 | H23: =SUM(H16:H22) -> -3950204.6 | J23: 소 계 | L23: =SUM(L16:L22) -> 0 | P23: =SUM(P16:P22) -> 0
B26: 마 감 재 고 | G26: [단위:리터/원] | J26: 입 고 내 역 | O26: [단위:리터/원]
B27: 유종 | C27: 수량 | E27: 단가 | G27: 환산금액 | J27: 유종 | K27: 수량 | M27: 사입단가 | O27: 환산금액
B28: G | C28: 0 | E28: 0 | G28: 0 | J28: G | K28: 0 | M28: 0 | O28: 0
B29: K | C29: =$E$9-$D$23 -> 63225 | E29: =$G$9 -> 1316.7349 | G29: =C29*E29 -> 83250562 | J29: K | O29: =K29*M29 -> 0
B30: D | C30: =$E$10-$L$23 -> 402991 | E30: =$G$10 -> 1623.3067 | G30: =C30*E30 -> 6.54178e+08 | J30: D | O30: =K30*M30 -> 0
B33: 복 합 단 가
B34: 유종 | C34: 수량 | E34: 금액 | G34: 복 합 단 가
B35: G | C35: 0 | E35: 0 | G35: 0
B36: K | C36: =$C$29+$K$29 -> 63225 | E36: =$G$29+$O$29 -> 83250562 | G36: =E36/C36 -> 1316.7349 | R36: 46099
B37: D | C37: =$C$30+$K$30 -> 402991 | E37: =$G$30+$O$30 -> 6.54178e+08 | G37: =E37/C37 -> 1623.3067 | R37: 감로화
R38: 32000
B39: 재 고 현 황 | O39: [단위:리터/원] | R39: 1대
C40: 전일 | F40: 금일 | N40: 복합단가 | O40: 증감
C41: 재고 | F41: 입고 | H41: 출고 | K41: 마 감 재 고 | M41: 재고율
B42: 휘발유
B43: 등 유 | C43: =SUM($E$9) -> 66225 | F43: =$K$29 -> 0 | H43: =$D$23 -> 3000 | K43: =$C$43-$H$43+$F$43+$O$43 -> 63225 | M43: =SUM($K$43)/$D$9 -> 0.316125 | N43: =$G$36 -> 1316.7349
B44: 경 유 | C44: =SUM($E$10) -> 402991 | F44: =$K$30 -> 0 | H44: =$L$23 -> 0 | K44: =$C$44-$H$44+$F$44+$O$44 -> 402991 | M44: =SUM($K$44)/D10 -> 0.805982 | N44: =$G$37 -> 1623.3067
G45: 복합단가의 재고수량과 단가는 보관물량 제외니 참고해주세요!

Sheet 0325 (입고)
B1: ◈ KK저장소 복합단가 운영표 - 신도시저장소
B5: 이 월 재 고 | G5: [단위:리터/원]
B7: 유종 | D7: 탱크용량 | E7: 재고수량 | F7: 재고율 | G7: 단가
C8: G | D8: 0 | E8: 0 | F8: 0 | G8: 0
C9: K | D9: 200000 | E9: =SUM('0324'!$K$43:$L$43) -> 63225 | F9: =SUM(E9)/D9 -> 0.316125 | G9: =SUM('0324'!$N$43) -> 1316.7349
C10: D | D10: 500000 | E10: =SUM('0324'!$K$44:$L$44) -> 402991 | F10: =SUM(E10)/D10 -> 0.805982 | G10: =SUM('0324'!$N$44) -> 1623.3067
B13: 출고내역(K) | G13: [단위:리터/원] | J13: 출고내역(LD) | O13: [단위:리터/원]
B14: 유종 | C14: 일반매출(사내이관 포함) | J14: 유종 | K14: 일반매출(사내이관 포함)
C15: 거래처명 | D15: 수량 | E15: 출고단가 | F15: 재고단가 | G15: 단가차액 | H15: 이익 | K15: 거래처명 | L15: 수량 | M15: 출고단가 | N15: 재고단가 | O15: 단가차액 | P15: 이익
B16: 실내 등유 | F16: =IF(D16="","",(SUM($G$9))) | G16: =IF(D16="","",(SUM(E16)-F16)) | H16: =IF(D16="","",(D16*G16)) | J16: 경유 | N16: =IF(L16="","",($G$10)) | O16: =IF(L16="","",(SUM(M16)-N16)) | P16: =IF(L16="","",(L16*O16))
F17: =IF(D17="","",(SUM($G$9))) | G17: =IF(D17="","",(SUM(E17)-F17)) | H17: =IF(D17="","",(D17*G17)) | N17: =IF(L17="","",($G$10)) | O17: =IF(L17="","",(SUM(M17)-N17)) | P17: =IF(L17="","",(L17*O17))
F18: =IF(D18="","",(SUM($G$9))) | G18: =IF(D18="","",(SUM(E18)-F18)) | H18: =IF(D18="","",(D18*G18)) | N18: =IF(L18="","",($G$10)) | O18: =IF(L18="","",(SUM(M18)-N18)) | P18: =IF(L18="","",(L18*O18))
F19: =IF(D19="","",(SUM($G$9))) | G19: =IF(D19="","",(SUM(E19)-F19)) | H19: =IF(D19="","",(D19*G19)) | N19: =IF(L19="","",($G$10)) | O19: =IF(L19="","",(SUM(M19)-N19)) | P19: =IF(L19="","",(L19*O19))
F20: =IF(D20="","",(SUM($G$9))) | G20: =IF(D20="","",(SUM(E20)-F20)) | H20: =IF(D20="","",(D20*G20)) | N20: =IF(L20="","",($G$10)) | O20: =IF(L20="","",(SUM(M20)-N20)) | P20: =IF(L20="","",(L20*O20))
F21: =IF(D21="","",(SUM($G$9))) | G21: =IF(D21="","",(SUM(E21)-F21)) | H21: =IF(D21="","",(D21*G21)) | N21: =IF(L21="","",($G$10)) | O21: =IF(L21="","",(SUM(M21)-N21)) | P21: =IF(L21="","",(L21*O21))
F22: =IF(D22="","",(SUM($G$9))) | G22: =IF(D22="","",(SUM(E22)-F22)) | H22: =IF(D22="","",(D22*G22)) | N22: =IF(L22="","",($G$10)) | O22: =IF(L22="","",(SUM(M22)-N22)) | P22: =IF(L22="","",(L22*O22))
B23: 소 계 | D23: =SUM(D16:D22) -> 0 | H23: =SUM(H16:H22) -> 0 | J23: 소 계 | L23: =SUM(L16:L22) -> 0 | P23: =SUM(P16:P22) -> 0
B26: 마 감 재 고 | G26: [단위:리터/원] | J26: 입 고 내 역 | O26: [단위:리터/원]
B27: 유종 | C27: 수량 | E27: 단가 | G27: 환산금액 | J27: 유종 | K27: 수량 | M27: 사입단가 | O27: 환산금액
B28: G | C28: 0 | E28: 0 | G28: 0 | J28: G | K28: 0 | M28: 0 | O28: 0
B29: K | C29: =$E$9-$D$23 -> 63225 | E29: =$G$9 -> 1316.7349 | G29: =C29*E29 -> 83250562 | J29: K | K29: 58000 | M29: 1320 | O29: =K29*M29 -> 76560000
B30: D | C30: =$E$10-$L$23 -> 402991 | E30: =$G$10 -> 1623.3067 | G30: =C30*E30 -> 6.54178e+08 | J30: D | K30: 96000 | M30: 1713 | O30: =K30*M30 -> 164448000
B33: 복 합 단 가
B34: 유종 | C34: 수량 | E34: 금액 | G34: 복 합 단 가
B35: G | C35: 0 | E35: 0 | G35: 0
B36: K | C36: =$C$29+$K$29 -> 121225 | E36: =$G$29+$O$29 -> 1.5981056e+08 | G36: =E36/C36 -> 1318.2971 | R36: 46099
B37: D | C37: =$C$30+$K$30 -> 498991 | E37: =$G$30+$O$30 -> 8.18626e+08 | G37: =E37/C37 -> 1640.5627 | R37: 감로화
R38: 32000
B39: 재 고 현 황 | O39: [단위:리터/원] | R39: 1대
C40: 전일 | F40: 금일 | N40: 복합단가 | O40: 증감
C41: 재고 | F41: 입고 | H41: 출고 | K41: 마 감 재 고 | M41: 재고율
B42: 휘발유
B43: 등 유 | C43: =SUM($E$9) -> 63225 | F43: =$K$29 -> 58000 | H43: =$D$23 -> 0 | K43: =$C$43-$H$43+$F$43+$O$43 -> 121225 | M43: =SUM($K$43)/$D$9 -> 0.606125 | N43: =$G$36 -> 1318.2971
B44: 경 유 | C44: =SUM($E$10) -> 402991 | F44: =$K$30 -> 96000 | H44: =$L$23 -> 0 | K44: =$C$44-$H$44+$F$44+$O$44 -> 498991 | M44: =SUM($K$44)/D10 -> 0.997982 | N44: =$G$37 -> 1640.5627
G45: 복합단가의 재고수량과 단가는 보관물량 제외니 참고해주세요!

Sheet 0325
B1: ◈ KK저장소 복합단가 운영표 - 신도시저장소
B5: 이 월 재 고 | G5: [단위:리터/원]
B7: 유종 | D7: 탱크용량 | E7: 재고수량 | F7: 재고율 | G7: 단가
C8: G | D8: 0 | E8: 0 | F8: 0 | G8: 0
C9: K | D9: 200000 | E9: =SUM('0325 (입고)'!$K$43:$L$43) -> 121225 | F9: =SUM(E9)/D9 -> 0.606125 | G9: =SUM('0325 (입고)'!$N$43) -> 1318.2971
C10: D | D10: 500000 | E10: =SUM('0325 (입고)'!$K$44:$L$44) -> 498991 | F10: =SUM(E10)/D10 -> 0.997982 | G10: =SUM('0325 (입고)'!$N$44) -> 1640.5627
B13: 출고내역(K) | G13: [단위:리터/원] | J13: 출고내역(LD) | O13: [단위:리터/원]
B14: 유종 | C14: 일반매출(사내이관 포함) | J14: 유종 | K14: 일반매출(사내이관 포함)
C15: 거래처명 | D15: 수량 | E15: 출고단가 | F15: 재고단가 | G15: 단가차액 | H15: 이익 | K15: 거래처명 | L15: 수량 | M15: 출고단가 | N15: 재고단가 | O15: 단가차액 | P15: 이익
B16: 실내 등유 | C16: 씨에스E | D16: 28000 | F16: =IF(D16="","",(SUM($G$9))) -> 1318.2971 | G16: =IF(D16="","",(SUM(E16)-F16)) -> -1318.2971 | H16: =IF(D16="","",(D16*G16)) -> -36912318 | J16: 경유 | K16: 세아아스콘 | L16: 12000 | N16: =IF(L16="","",($G$10)) -> 1640.5627 | O16: =IF(L16="","",(SUM(M16)-N16)) -> -1640.5627 | P16: =IF(L16="","",(L16*O16)) -> -19686752
F17: =IF(D17="","",(SUM($G$9))) | G17: =IF(D17="","",(SUM(E17)-F17)) | H17: =IF(D17="","",(D17*G17)) | K17: 감로화 | L17: 20000 | N17: =IF(L17="","",($G$10)) -> 1640.5627 | O17: =IF(L17="","",(SUM(M17)-N17)) -> -1640.5627 | P17: =IF(L17="","",(L17*O17)) -> -32811253
F18: =IF(D18="","",(SUM($G$9))) | G18: =IF(D18="","",(SUM(E18)-F18)) | H18: =IF(D18="","",(D18*G18)) | K18: 푸른 | L18: 32000 | N18: =IF(L18="","",($G$10)) -> 1640.5627 | O18: =IF(L18="","",(SUM(M18)-N18)) -> -1640.5627 | P18: =IF(L18="","",(L18*O18)) -> -52498005
F19: =IF(D19="","",(SUM($G$9))) | G19: =IF(D19="","",(SUM(E19)-F19)) | H19: =IF(D19="","",(D19*G19)) | K19: 반가운 | L19: 32000 | N19: =IF(L19="","",($G$10)) -> 1640.5627 | O19: =IF(L19="","",(SUM(M19)-N19)) -> -1640.5627 | P19: =IF(L19="","",(L19*O19)) -> -52498005
F20: =IF(D20="","",(SUM($G$9))) | G20: =IF(D20="","",(SUM(E20)-F20)) | H20: =IF(D20="","",(D20*G20)) | N20: =IF(L20="","",($G$10)) | O20: =IF(L20="","",(SUM(M20)-N20)) | P20: =IF(L20="","",(L20*O20))
F21: =IF(D21="","",(SUM($G$9))) | G21: =IF(D21="","",(SUM(E21)-F21)) | H21: =IF(D21="","",(D21*G21)) | N21: =IF(L21="","",($G$10)) | O21: =IF(L21="","",(SUM(M21)-N21)) | P21: =IF(L21="","",(L21*O21))
F22: =IF(D22="","",(SUM($G$9))) | G22: =IF(D22="","",(SUM(E22)-F22)) | H22: =IF(D22="","",(D22*G22)) | N22: =IF(L22="","",($G$10)) | O22: =IF(L22="","",(SUM(M22)-N22)) | P22: =IF(L22="","",(L22*O22))
B23: 소 계 | D23: =SUM(D16:D22) -> 28000 | H23: =SUM(H16:H22) -> -36912318 | J23: 소 계 | L23: =SUM(L16:L22) -> 96000 | P23: =SUM(P16:P22) -> -1.5749401e+08
B26: 마 감 재 고 | G26: [단위:리터/원] | J26: 입 고 내 역 | O26: [단위:리터/원]
B27: 유종 | C27: 수량 | E27: 단가 | G27: 환산금액 | J27: 유종 | K27: 수량 | M27: 사입단가 | O27: 환산금액
B28: G | C28: 0 | E28: 0 | G28: 0 | J28: G | K28: 0 | M28: 0 | O28: 0
B29: K | C29: =$E$9-$D$23 -> 93225 | E29: =$G$9 -> 1318.2971 | G29: =C29*E29 -> 1.2289824e+08 | J29: K | O29: =K29*M29 -> 0
B30: D | C30: =$E$10-$L$23 -> 402991 | E30: =$G$10 -> 1640.5627 | G30: =C30*E30 -> 6.6113199e+08 | J30: D | O30: =K30*M30 -> 0
B33: 복 합 단 가
B34: 유종 | C34: 수량 | E34: 금액 | G34: 복 합 단 가
B35: G | C35: 0 | E35: 0 | G35: 0
B36: K | C36: =$C$29+$K$29 -> 93225 | E36: =$G$29+$O$29 -> 1.2289824e+08 | G36: =E36/C36 -> 1318.2971 | R36: 46099
B37: D | C37: =$C$30+$K$30 -> 402991 | E37: =$G$30+$O$30 -> 6.6113199e+08 | G37: =E37/C37 -> 1640.5627 | R37: 감로화
R38: 32000
B39: 재 고 현 황 | O39: [단위:리터/원] | R39: 1대
C40: 전일 | F40: 금일 | N40: 복합단가 | O40: 증감
C41: 재고 | F41: 입고 | H41: 출고 | K41: 마 감 재 고 | M41: 재고율
B42: 휘발유
B43: 등 유 | C43: =SUM($E$9) -> 121225 | F43: =$K$29 -> 0 | H43: =$D$23 -> 28000 | K43: =$C$43-$H$43+$F$43+$O$43 -> 93225 | M43: =SUM($K$43)/$D$9 -> 0.466125 | N43: =$G$36 -> 1318.2971
B44: 경 유 | C44: =SUM($E$10) -> 498991 | F44: =$K$30 -> 0 | H44: =$L$23 -> 96000 | K44: =$C$44-$H$44+$F$44+$O$44 -> 402991 | M44: =SUM($K$44)/D10 -> 0.805982 | N44: =$G$37 -> 1640.5627
G45: 복합단가의 재고수량과 단가는 보관물량 제외니 참고해주세요!

Sheet 0326 (입고)
B1: ◈ KK저장소 복합단가 운영표 - 신도시저장소
B5: 이 월 재 고 | G5: [단위:리터/원]
B7: 유종 | D7: 탱크용량 | E7: 재고수량 | F7: 재고율 | G7: 단가
C8: G | D8: 0 | E8: 0 | F8: 0 | G8: 0
C9: K | D9: 200000 | E9: =SUM('0325'!$K$43:$L$43) -> 93225 | F9: =SUM(E9)/D9 -> 0.466125 | G9: =SUM('0325'!$N$43) -> 1318.2971
C10: D | D10: 500000 | E10: =SUM('0325'!$K$44:$L$44) -> 402991 | F10: =SUM(E10)/D10 -> 0.805982 | G10: =SUM('0325'!$N$44) -> 1640.5627
B13: 출고내역(K) | G13: [단위:리터/원] | J13: 출고내역(LD) | O13: [단위:리터/원]
B14: 유종 | C14: 일반매출(사내이관 포함) | J14: 유종 | K14: 일반매출(사내이관 포함)
C15: 거래처명 | D15: 수량 | E15: 출고단가 | F15: 재고단가 | G15: 단가차액 | H15: 이익 | K15: 거래처명 | L15: 수량 | M15: 출고단가 | N15: 재고단가 | O15: 단가차액 | P15: 이익
B16: 실내 등유 | F16: =IF(D16="","",(SUM($G$9))) | G16: =IF(D16="","",(SUM(E16)-F16)) | H16: =IF(D16="","",(D16*G16)) | J16: 경유 | N16: =IF(L16="","",($G$10)) | O16: =IF(L16="","",(SUM(M16)-N16)) | P16: =IF(L16="","",(L16*O16))
F17: =IF(D17="","",(SUM($G$9))) | G17: =IF(D17="","",(SUM(E17)-F17)) | H17: =IF(D17="","",(D17*G17)) | N17: =IF(L17="","",($G$10)) | O17: =IF(L17="","",(SUM(M17)-N17)) | P17: =IF(L17="","",(L17*O17))
F18: =IF(D18="","",(SUM($G$9))) | G18: =IF(D18="","",(SUM(E18)-F18)) | H18: =IF(D18="","",(D18*G18)) | N18: =IF(L18="","",($G$10)) | O18: =IF(L18="","",(SUM(M18)-N18)) | P18: =IF(L18="","",(L18*O18))
F19: =IF(D19="","",(SUM($G$9))) | G19: =IF(D19="","",(SUM(E19)-F19)) | H19: =IF(D19="","",(D19*G19)) | N19: =IF(L19="","",($G$10)) | O19: =IF(L19="","",(SUM(M19)-N19)) | P19: =IF(L19="","",(L19*O19))
F20: =IF(D20="","",(SUM($G$9))) | G20: =IF(D20="","",(SUM(E20)-F20)) | H20: =IF(D20="","",(D20*G20)) | N20: =IF(L20="","",($G$10)) | O20: =IF(L20="","",(SUM(M20)-N20)) | P20: =IF(L20="","",(L20*O20))
F21: =IF(D21="","",(SUM($G$9))) | G21: =IF(D21="","",(SUM(E21)-F21)) | H21: =IF(D21="","",(D21*G21)) | N21: =IF(L21="","",($G$10)) | O21: =IF(L21="","",(SUM(M21)-N21)) | P21: =IF(L21="","",(L21*O21))
F22: =IF(D22="","",(SUM($G$9))) | G22: =IF(D22="","",(SUM(E22)-F22)) | H22: =IF(D22="","",(D22*G22)) | N22: =IF(L22="","",($G$10)) | O22: =IF(L22="","",(SUM(M22)-N22)) | P22: =IF(L22="","",(L22*O22))
B23: 소 계 | D23: =SUM(D16:D22) -> 0 | H23: =SUM(H16:H22) -> 0 | J23: 소 계 | L23: =SUM(L16:L22) -> 0 | P23: =SUM(P16:P22) -> 0
B26: 마 감 재 고 | G26: [단위:리터/원] | J26: 입 고 내 역 | O26: [단위:리터/원]
B27: 유종 | C27: 수량 | E27: 단가 | G27: 환산금액 | J27: 유종 | K27: 수량 | M27: 사입단가 | O27: 환산금액
B28: G | C28: 0 | E28: 0 | G28: 0 | J28: G | K28: 0 | M28: 0 | O28: 0
B29: K | C29: =$E$9-$D$23 -> 93225 | E29: =$G$9 -> 1318.2971 | G29: =C29*E29 -> 1.2289824e+08 | J29: K | O29: =K29*M29 -> 0
B30: D | C30: =$E$10-$L$23 -> 402991 | E30: =$G$10 -> 1640.5627 | G30: =C30*E30 -> 6.6113199e+08 | J30: D | K30: 84056 | M30: 1713 | O30: =K30*M30 -> 143987928
B33: 복 합 단 가
B34: 유종 | C34: 수량 | E34: 금액 | G34: 복 합 단 가
B35: G | C35: 0 | E35: 0 | G35: 0
B36: K | C36: =$C$29+$K$29 -> 93225 | E36: =$G$29+$O$29 -> 1.2289824e+08 | G36: =E36/C36 -> 1318.2971 | R36: 46099
B37: D | C37: =$C$30+$K$30 -> 487047 | E37: =$G$30+$O$30 -> 8.0511991e+08 | G37: =E37/C37 -> 1653.0641 | R37: 감로화
R38: 32000
B39: 재 고 현 황 | O39: [단위:리터/원] | R39: 1대
C40: 전일 | F40: 금일 | N40: 복합단가 | O40: 증감
C41: 재고 | F41: 입고 | H41: 출고 | K41: 마 감 재 고 | M41: 재고율
B42: 휘발유
B43: 등 유 | C43: =SUM($E$9) -> 93225 | F43: =$K$29 -> 0 | H43: =$D$23 -> 0 | K43: =$C$43-$H$43+$F$43+$O$43 -> 93225 | M43: =SUM($K$43)/$D$9 -> 0.466125 | N43: =$G$36 -> 1318.2971
B44: 경 유 | C44: =SUM($E$10) -> 402991 | F44: =$K$30 -> 84056 | H44: =$L$23 -> 0 | K44: =$C$44-$H$44+$F$44+$O$44 -> 487047 | M44: =SUM($K$44)/D10 -> 0.974094 | N44: =$G$37 -> 1653.0641
G45: 복합단가의 재고수량과 단가는 보관물량 제외니 참고해주세요!

Sheet 0326
B1: ◈ KK저장소 복합단가 운영표 - 신도시저장소
B5: 이 월 재 고 | G5: [단위:리터/원]
B7: 유종 | D7: 탱크용량 | E7: 재고수량 | F7: 재고율 | G7: 단가
C8: G | D8: 0 | E8: 0 | F8: 0 | G8: 0
C9: K | D9: 200000 | E9: =SUM('0326 (입고)'!$K$43:$L$43) -> 93225 | F9: =SUM(E9)/D9 -> 0.466125 | G9: =SUM('0326 (입고)'!$N$43) -> 1318.2971
C10: D | D10: 500000 | E10: =SUM('0326 (입고)'!$K$44:$L$44) -> 487047 | F10: =SUM(E10)/D10 -> 0.974094 | G10: =SUM('0326 (입고)'!$N$44) -> 1653.0641
B13: 출고내역(K) | G13: [단위:리터/원] | J13: 출고내역(LD) | O13: [단위:리터/원]
B14: 유종 | C14: 일반매출(사내이관 포함) | J14: 유종 | K14: 일반매출(사내이관 포함)
C15: 거래처명 | D15: 수량 | E15: 출고단가 | F15: 재고단가 | G15: 단가차액 | H15: 이익 | K15: 거래처명 | L15: 수량 | M15: 출고단가 | N15: 재고단가 | O15: 단가차액 | P15: 이익
B16: 실내 등유 | F16: =IF(D16="","",(SUM($G$9))) | G16: =IF(D16="","",(SUM(E16)-F16)) | H16: =IF(D16="","",(D16*G16)) | J16: 경유 | K16: 강나루 | L16: 32000 | N16: =IF(L16="","",($G$10)) -> 1653.0641 | O16: =IF(L16="","",(SUM(M16)-N16)) -> -1653.0641 | P16: =IF(L16="","",(L16*O16)) -> -52898051
F17: =IF(D17="","",(SUM($G$9))) | G17: =IF(D17="","",(SUM(E17)-F17)) | H17: =IF(D17="","",(D17*G17)) | K17: 미소가득 | L17: 32000 | N17: =IF(L17="","",($G$10)) -> 1653.0641 | O17: =IF(L17="","",(SUM(M17)-N17)) -> -1653.0641 | P17: =IF(L17="","",(L17*O17)) -> -52898051
F18: =IF(D18="","",(SUM($G$9))) | G18: =IF(D18="","",(SUM(E18)-F18)) | H18: =IF(D18="","",(D18*G18)) | N18: =IF(L18="","",($G$10)) | O18: =IF(L18="","",(SUM(M18)-N18)) | P18: =IF(L18="","",(L18*O18))
F19: =IF(D19="","",(SUM($G$9))) | G19: =IF(D19="","",(SUM(E19)-F19)) | H19: =IF(D19="","",(D19*G19)) | N19: =IF(L19="","",($G$10)) | O19: =IF(L19="","",(SUM(M19)-N19)) | P19: =IF(L19="","",(L19*O19))
F20: =IF(D20="","",(SUM($G$9))) | G20: =IF(D20="","",(SUM(E20)-F20)) | H20: =IF(D20="","",(D20*G20)) | N20: =IF(L20="","",($G$10)) | O20: =IF(L20="","",(SUM(M20)-N20)) | P20: =IF(L20="","",(L20*O20))
F21: =IF(D21="","",(SUM($G$9))) | G21: =IF(D21="","",(SUM(E21)-F21)) | H21: =IF(D21="","",(D21*G21)) | N21: =IF(L21="","",($G$10)) | O21: =IF(L21="","",(SUM(M21)-N21)) | P21: =IF(L21="","",(L21*O21))
F22: =IF(D22="","",(SUM($G$9))) | G22: =IF(D22="","",(SUM(E22)-F22)) | H22: =IF(D22="","",(D22*G22)) | N22: =IF(L22="","",($G$10)) | O22: =IF(L22="","",(SUM(M22)-N22)) | P22: =IF(L22="","",(L22*O22))
B23: 소 계 | D23: =SUM(D16:D22) -> 0 | H23: =SUM(H16:H22) -> 0 | J23: 소 계 | L23: =SUM(L16:L22) -> 64000 | P23: =SUM(P16:P22) -> -1.057961e+08
B26: 마 감 재 고 | G26: [단위:리터/원] | J26: 입 고 내 역 | O26: [단위:리터/원]
B27: 유종 | C27: 수량 | E27: 단가 | G27: 환산금액 | J27: 유종 | K27: 수량 | M27: 사입단가 | O27: 환산금액
B28: G | C28: 0 | E28: 0 | G28: 0 | J28: G | K28: 0 | M28: 0 | O28: 0
B29: K | C29: =$E$9-$D$23 -> 93225 | E29: =$G$9 -> 1318.2971 | G29: =C29*E29 -> 1.2289824e+08 | J29: K | O29: =K29*M29 -> 0
B30: D | C30: =$E$10-$L$23 -> 423047 | E30: =$G$10 -> 1653.0641 | G30: =C30*E30 -> 6.9932381e+08 | J30: D | O30: =K30*M30 -> 0
B33: 복 합 단 가
B34: 유종 | C34: 수량 | E34: 금액 | G34: 복 합 단 가
B35: G | C35: 0 | E35: 0 | G35: 0
B36: K | C36: =$C$29+$K$29 -> 93225 | E36: =$G$29+$O$29 -> 1.2289824e+08 | G36: =E36/C36 -> 1318.2971 | R36: 46099
B37: D | C37: =$C$30+$K$30 -> 423047 | E37: =$G$30+$O$30 -> 6.9932381e+08 | G37: =E37/C37 -> 1653.0641 | R37: 감로화
R38: 32000
B39: 재 고 현 황 | O39: [단위:리터/원] | R39: 1대
C40: 전일 | F40: 금일 | N40: 복합단가 | O40: 증감
C41: 재고 | F41: 입고 | H41: 출고 | K41: 마 감 재 고 | M41: 재고율
B42: 휘발유
B43: 등 유 | C43: =SUM($E$9) -> 93225 | F43: =$K$29 -> 0 | H43: =$D$23 -> 0 | K43: =$C$43-$H$43+$F$43+$O$43 -> 93225 | M43: =SUM($K$43)/$D$9 -> 0.466125 | N43: =$G$36 -> 1318.2971
B44: 경 유 | C44: =SUM($E$10) -> 487047 | F44: =$K$30 -> 0 | H44: =$L$23 -> 64000 | K44: =$C$44-$H$44+$F$44+$O$44 -> 423047 | M44: =SUM($K$44)/D10 -> 0.846094 | N44: =$G$37 -> 1653.0641
G45: 복합단가의 재고수량과 단가는 보관물량 제외니 참고해주세요!

Sheet 0327
B1: ◈ KK저장소 복합단가 운영표 - 신도시저장소
B5: 이 월 재 고 | G5: [단위:리터/원]
B7: 유종 | D7: 탱크용량 | E7: 재고수량 | F7: 재고율 | G7: 단가
C8: G | D8: 0 | E8: 0 | F8: 0 | G8: 0
C9: K | D9: 200000 | E9: =SUM('0326'!$K$43:$L$43) -> 93225 | F9: =SUM(E9)/D9 -> 0.466125 | G9: =SUM('0326'!$N$43) -> 1318.2971
C10: D | D10: 500000 | E10: =SUM('0326'!$K$44:$L$44) -> 423047 | F10: =SUM(E10)/D10 -> 0.846094 | G10: =SUM('0326'!$N$44) -> 1653.0641
B13: 출고내역(K) | G13: [단위:리터/원] | J13: 출고내역(LD) | O13: [단위:리터/원]
B14: 유종 | C14: 일반매출(사내이관 포함) | J14: 유종 | K14: 일반매출(사내이관 포함)
C15: 거래처명 | D15: 수량 | E15: 출고단가 | F15: 재고단가 | G15: 단가차액 | H15: 이익 | K15: 거래처명 | L15: 수량 | M15: 출고단가 | N15: 재고단가 | O15: 단가차액 | P15: 이익
B16: 실내 등유 | C16: 농민 | D16: 12000 | F16: =IF(D16="","",(SUM($G$9))) -> 1318.2971 | G16: =IF(D16="","",(SUM(E16)-F16)) -> -1318.2971 | H16: =IF(D16="","",(D16*G16)) -> -15819565 | J16: 경유 | K16: 경천 | L16: 20000 | N16: =IF(L16="","",($G$10)) -> 1653.0641 | O16: =IF(L16="","",(SUM(M16)-N16)) -> -1653.0641 | P16: =IF(L16="","",(L16*O16)) -> -33061282
F17: =IF(D17="","",(SUM($G$9))) | G17: =IF(D17="","",(SUM(E17)-F17)) | H17: =IF(D17="","",(D17*G17)) | N17: =IF(L17="","",($G$10)) | O17: =IF(L17="","",(SUM(M17)-N17)) | P17: =IF(L17="","",(L17*O17))
F18: =IF(D18="","",(SUM($G$9))) | G18: =IF(D18="","",(SUM(E18)-F18)) | H18: =IF(D18="","",(D18*G18)) | N18: =IF(L18="","",($G$10)) | O18: =IF(L18="","",(SUM(M18)-N18)) | P18: =IF(L18="","",(L18*O18))
F19: =IF(D19="","",(SUM($G$9))) | G19: =IF(D19="","",(SUM(E19)-F19)) | H19: =IF(D19="","",(D19*G19)) | N19: =IF(L19="","",($G$10)) | O19: =IF(L19="","",(SUM(M19)-N19)) | P19: =IF(L19="","",(L19*O19))
F20: =IF(D20="","",(SUM($G$9))) | G20: =IF(D20="","",(SUM(E20)-F20)) | H20: =IF(D20="","",(D20*G20)) | N20: =IF(L20="","",($G$10)) | O20: =IF(L20="","",(SUM(M20)-N20)) | P20: =IF(L20="","",(L20*O20))
F21: =IF(D21="","",(SUM($G$9))) | G21: =IF(D21="","",(SUM(E21)-F21)) | H21: =IF(D21="","",(D21*G21)) | N21: =IF(L21="","",($G$10)) | O21: =IF(L21="","",(SUM(M21)-N21)) | P21: =IF(L21="","",(L21*O21))
F22: =IF(D22="","",(SUM($G$9))) | G22: =IF(D22="","",(SUM(E22)-F22)) | H22: =IF(D22="","",(D22*G22)) | N22: =IF(L22="","",($G$10)) | O22: =IF(L22="","",(SUM(M22)-N22)) | P22: =IF(L22="","",(L22*O22))
B23: 소 계 | D23: =SUM(D16:D22) -> 12000 | H23: =SUM(H16:H22) -> -15819565 | J23: 소 계 | L23: =SUM(L16:L22) -> 20000 | P23: =SUM(P16:P22) -> -33061282
B26: 마 감 재 고 | G26: [단위:리터/원] | J26: 입 고 내 역 | O26: [단위:리터/원]
B27: 유종 | C27: 수량 | E27: 단가 | G27: 환산금액 | J27: 유종 | K27: 수량 | M27: 사입단가 | O27: 환산금액
B28: G | C28: 0 | E28: 0 | G28: 0 | J28: G | K28: 0 | M28: 0 | O28: 0
B29: K | C29: =$E$9-$D$23 -> 81225 | E29: =$G$9 -> 1318.2971 | G29: =C29*E29 -> 1.0707868e+08 | J29: K | O29: =K29*M29 -> 0
B30: D | C30: =$E$10-$L$23 -> 403047 | E30: =$G$10 -> 1653.0641 | G30: =C30*E30 -> 6.6626253e+08 | J30: D | O30: =K30*M30 -> 0
B33: 복 합 단 가
B34: 유종 | C34: 수량 | E34: 금액 | G34: 복 합 단 가
B35: G | C35: 0 | E35: 0 | G35: 0
B36: K | C36: =$C$29+$K$29 -> 81225 | E36: =$G$29+$O$29 -> 1.0707868e+08 | G36: =E36/C36 -> 1318.2971 | R36: 46099
B37: D | C37: =$C$30+$K$30 -> 403047 | E37: =$G$30+$O$30 -> 6.6626253e+08 | G37: =E37/C37 -> 1653.0641 | R37: 감로화
R38: 32000
B39: 재 고 현 황 | O39: [단위:리터/원] | R39: 1대
C40: 전일 | F40: 금일 | N40: 복합단가 | O40: 증감
C41: 재고 | F41: 입고 | H41: 출고 | K41: 마 감 재 고 | M41: 재고율
B42: 휘발유
B43: 등 유 | C43: =SUM($E$9) -> 93225 | F43: =$K$29 -> 0 | H43: =$D$23 -> 12000 | K43: =$C$43-$H$43+$F$43+$O$43 -> 81225 | M43: =SUM($K$43)/$D$9 -> 0.406125 | N43: =$G$36 -> 1318.2971
B44: 경 유 | C44: =SUM($E$10) -> 423047 | F44: =$K$30 -> 0 | H44: =$L$23 -> 20000 | K44: =$C$44-$H$44+$F$44+$O$44 -> 403047 | M44: =SUM($K$44)/D10 -> 0.806094 | N44: =$G$37 -> 1653.0641
G45: 복합단가의 재고수량과 단가는 보관물량 제외니 참고해주세요!

Sheet 0329
B1: ◈ KK저장소 복합단가 운영표 - 신도시저장소
B5: 이 월 재 고 | G5: [단위:리터/원]
B7: 유종 | D7: 탱크용량 | E7: 재고수량 | F7: 재고율 | G7: 단가
C8: G | D8: 0 | E8: 0 | F8: 0 | G8: 0
C9: K | D9: 200000 | E9: =SUM('0327'!$K$43:$L$43) -> 81225 | F9: =SUM(E9)/D9 -> 0.406125 | G9: =SUM('0327'!$N$43) -> 1318.2971
C10: D | D10: 500000 | E10: =SUM('0327'!$K$44:$L$44) -> 403047 | F10: =SUM(E10)/D10 -> 0.806094 | G10: =SUM('0327'!$N$44) -> 1653.0641
B13: 출고내역(K) | G13: [단위:리터/원] | J13: 출고내역(LD) | O13: [단위:리터/원]
B14: 유종 | C14: 일반매출(사내이관 포함) | J14: 유종 | K14: 일반매출(사내이관 포함)
C15: 거래처명 | D15: 수량 | E15: 출고단가 | F15: 재고단가 | G15: 단가차액 | H15: 이익 | K15: 거래처명 | L15: 수량 | M15: 출고단가 | N15: 재고단가 | O15: 단가차액 | P15: 이익
B16: 실내 등유 | C16: 감로화 | D16: 6000 | F16: =IF(D16="","",(SUM($G$9))) -> 1318.2971 | G16: =IF(D16="","",(SUM(E16)-F16)) -> -1318.2971 | H16: =IF(D16="","",(D16*G16)) -> -7909782.4 | J16: 경유 | N16: =IF(L16="","",($G$10)) | O16: =IF(L16="","",(SUM(M16)-N16)) | P16: =IF(L16="","",(L16*O16))
F17: =IF(D17="","",(SUM($G$9))) | G17: =IF(D17="","",(SUM(E17)-F17)) | H17: =IF(D17="","",(D17*G17)) | N17: =IF(L17="","",($G$10)) | O17: =IF(L17="","",(SUM(M17)-N17)) | P17: =IF(L17="","",(L17*O17))
F18: =IF(D18="","",(SUM($G$9))) | G18: =IF(D18="","",(SUM(E18)-F18)) | H18: =IF(D18="","",(D18*G18)) | N18: =IF(L18="","",($G$10)) | O18: =IF(L18="","",(SUM(M18)-N18)) | P18: =IF(L18="","",(L18*O18))
F19: =IF(D19="","",(SUM($G$9))) | G19: =IF(D19="","",(SUM(E19)-F19)) | H19: =IF(D19="","",(D19*G19)) | N19: =IF(L19="","",($G$10)) | O19: =IF(L19="","",(SUM(M19)-N19)) | P19: =IF(L19="","",(L19*O19))
F20: =IF(D20="","",(SUM($G$9))) | G20: =IF(D20="","",(SUM(E20)-F20)) | H20: =IF(D20="","",(D20*G20)) | N20: =IF(L20="","",($G$10)) | O20: =IF(L20="","",(SUM(M20)-N20)) | P20: =IF(L20="","",(L20*O20))
F21: =IF(D21="","",(SUM($G$9))) | G21: =IF(D21="","",(SUM(E21)-F21)) | H21: =IF(D21="","",(D21*G21)) | N21: =IF(L21="","",($G$10)) | O21: =IF(L21="","",(SUM(M21)-N21)) | P21: =IF(L21="","",(L21*O21))
F22: =IF(D22="","",(SUM($G$9))) | G22: =IF(D22="","",(SUM(E22)-F22)) | H22: =IF(D22="","",(D22*G22)) | N22: =IF(L22="","",($G$10)) | O22: =IF(L22="","",(SUM(M22)-N22)) | P22: =IF(L22="","",(L22*O22))
B23: 소 계 | D23: =SUM(D16:D22) -> 6000 | H23: =SUM(H16:H22) -> -7909782.4 | J23: 소 계 | L23: =SUM(L16:L22) -> 0 | P23: =SUM(P16:P22) -> 0
B26: 마 감 재 고 | G26: [단위:리터/원] | J26: 입 고 내 역 | O26: [단위:리터/원]
B27: 유종 | C27: 수량 | E27: 단가 | G27: 환산금액 | J27: 유종 | K27: 수량 | M27: 사입단가 | O27: 환산금액
B28: G | C28: 0 | E28: 0 | G28: 0 | J28: G | K28: 0 | M28: 0 | O28: 0
B29: K | C29: =$E$9-$D$23 -> 75225 | E29: =$G$9 -> 1318.2971 | G29: =C29*E29 -> 99168897 | J29: K | O29: =K29*M29 -> 0
B30: D | C30: =$E$10-$L$23 -> 403047 | E30: =$G$10 -> 1653.0641 | G30: =C30*E30 -> 6.6626253e+08 | J30: D | O30: =K30*M30 -> 0
B33: 복 합 단 가
B34: 유종 | C34: 수량 | E34: 금액 | G34: 복 합 단 가
B35: G | C35: 0 | E35: 0 | G35: 0
B36: K | C36: =$C$29+$K$29 -> 75225 | E36: =$G$29+$O$29 -> 99168897 | G36: =E36/C36 -> 1318.2971 | R36: 46099
B37: D | C37: =$C$30+$K$30 -> 403047 | E37: =$G$30+$O$30 -> 6.6626253e+08 | G37: =E37/C37 -> 1653.0641 | R37: 감로화
R38: 32000
B39: 재 고 현 황 | O39: [단위:리터/원] | R39: 1대
C40: 전일 | F40: 금일 | N40: 복합단가 | O40: 증감
C41: 재고 | F41: 입고 | H41: 출고 | K41: 마 감 재 고 | M41: 재고율
B42: 휘발유
B43: 등 유 | C43: =SUM($E$9) -> 81225 | F43: =$K$29 -> 0 | H43: =$D$23 -> 6000 | K43: =$C$43-$H$43+$F$43+$O$43 -> 75225 | M43: =SUM($K$43)/$D$9 -> 0.376125 | N43: =$G$36 -> 1318.2971
B44: 경 유 | C44: =SUM($E$10) -> 403047 | F44: =$K$30 -> 0 | H44: =$L$23 -> 0 | K44: =$C$44-$H$44+$F$44+$O$44 -> 403047 | M44: =SUM($K$44)/D10 -> 0.806094 | N44: =$G$37 -> 1653.0641
G45: 복합단가의 재고수량과 단가는 보관물량 제외니 참고해주세요!

Sheet 0331 (입고)
B1: ◈ KK저장소 복합단가 운영표 - 신도시저장소
B5: 이 월 재 고 | G5: [단위:리터/원]
B7: 유종 | D7: 탱크용량 | E7: 재고수량 | F7: 재고율 | G7: 단가
C8: G | D8: 0 | E8: 0 | F8: 0 | G8: 0
C9: K | D9: 200000 | E9: =SUM('0329'!$K$43:$L$43) -> 75225 | F9: =SUM(E9)/D9 -> 0.376125 | G9: =SUM('0329'!$N$43) -> 1318.2971
C10: D | D10: 500000 | E10: =SUM('0329'!$K$44:$L$44) -> 403047 | F10: =SUM(E10)/D10 -> 0.806094 | G10: =SUM('0329'!$N$44) -> 1653.0641
B13: 출고내역(K) | G13: [단위:리터/원] | J13: 출고내역(LD) | O13: [단위:리터/원]
B14: 유종 | C14: 일반매출(사내이관 포함) | J14: 유종 | K14: 일반매출(사내이관 포함)
C15: 거래처명 | D15: 수량 | E15: 출고단가 | F15: 재고단가 | G15: 단가차액 | H15: 이익 | K15: 거래처명 | L15: 수량 | M15: 출고단가 | N15: 재고단가 | O15: 단가차액 | P15: 이익
B16: 실내 등유 | F16: =IF(D16="","",(SUM($G$9))) | G16: =IF(D16="","",(SUM(E16)-F16)) | H16: =IF(D16="","",(D16*G16)) | J16: 경유 | N16: =IF(L16="","",($G$10)) | O16: =IF(L16="","",(SUM(M16)-N16)) | P16: =IF(L16="","",(L16*O16))
F17: =IF(D17="","",(SUM($G$9))) | G17: =IF(D17="","",(SUM(E17)-F17)) | H17: =IF(D17="","",(D17*G17)) | N17: =IF(L17="","",($G$10)) | O17: =IF(L17="","",(SUM(M17)-N17)) | P17: =IF(L17="","",(L17*O17))
F18: =IF(D18="","",(SUM($G$9))) | G18: =IF(D18="","",(SUM(E18)-F18)) | H18: =IF(D18="","",(D18*G18)) | N18: =IF(L18="","",($G$10)) | O18: =IF(L18="","",(SUM(M18)-N18)) | P18: =IF(L18="","",(L18*O18))
F19: =IF(D19="","",(SUM($G$9))) | G19: =IF(D19="","",(SUM(E19)-F19)) | H19: =IF(D19="","",(D19*G19)) | N19: =IF(L19="","",($G$10)) | O19: =IF(L19="","",(SUM(M19)-N19)) | P19: =IF(L19="","",(L19*O19))
F20: =IF(D20="","",(SUM($G$9))) | G20: =IF(D20="","",(SUM(E20)-F20)) | H20: =IF(D20="","",(D20*G20)) | N20: =IF(L20="","",($G$10)) | O20: =IF(L20="","",(SUM(M20)-N20)) | P20: =IF(L20="","",(L20*O20))
F21: =IF(D21="","",(SUM($G$9))) | G21: =IF(D21="","",(SUM(E21)-F21)) | H21: =IF(D21="","",(D21*G21)) | N21: =IF(L21="","",($G$10)) | O21: =IF(L21="","",(SUM(M21)-N21)) | P21: =IF(L21="","",(L21*O21))
F22: =IF(D22="","",(SUM($G$9))) | G22: =IF(D22="","",(SUM(E22)-F22)) | H22: =IF(D22="","",(D22*G22)) | N22: =IF(L22="","",($G$10)) | O22: =IF(L22="","",(SUM(M22)-N22)) | P22: =IF(L22="","",(L22*O22))
B23: 소 계 | D23: =SUM(D16:D22) -> 0 | H23: =SUM(H16:H22) -> 0 | J23: 소 계 | L23: =SUM(L16:L22) -> 0 | P23: =SUM(P16:P22) -> 0
B26: 마 감 재 고 | G26: [단위:리터/원] | J26: 입 고 내 역 | O26: [단위:리터/원]
B27: 유종 | C27: 수량 | E27: 단가 | G27: 환산금액 | J27: 유종 | K27: 수량 | M27: 사입단가 | O27: 환산금액
B28: G | C28: 0 | E28: 0 | G28: 0 | J28: G | K28: 0 | M28: 0 | O28: 0
B29: K | C29: =$E$9-$D$23 -> 75225 | E29: =$G$9 -> 1318.2971 | G29: =C29*E29 -> 99168897 | J29: K | K29: 12000 | M29: 1530 | O29: =K29*M29 -> 18360000
B30: D | C30: =$E$10-$L$23 -> 403047 | E30: =$G$10 -> 1653.0641 | G30: =C30*E30 -> 6.6626253e+08 | J30: D | K30: 16030 | M30: 1923 | O30: =K30*M30 -> 30825690
B33: 복 합 단 가
B34: 유종 | C34: 수량 | E34: 금액 | G34: 복 합 단 가
B35: G | C35: 0 | E35: 0 | G35: 0
B36: K | C36: =$C$29+$K$29 -> 87225 | E36: =$G$29+$O$29 -> 1.175289e+08 | G36: =E36/C36 -> 1347.4222 | R36: 46099
B37: D | C37: =$C$30+$K$30 -> 419077 | E37: =$G$30+$O$30 -> 6.9708822e+08 | G37: =E37/C37 -> 1663.3893 | R37: 감로화
R38: 32000
B39: 재 고 현 황 | O39: [단위:리터/원] | R39: 1대
C40: 전일 | F40: 금일 | N40: 복합단가 | O40: 증감
C41: 재고 | F41: 입고 | H41: 출고 | K41: 마 감 재 고 | M41: 재고율
B42: 휘발유
B43: 등 유 | C43: =SUM($E$9) -> 75225 | F43: =$K$29 -> 12000 | H43: =$D$23 -> 0 | K43: =$C$43-$H$43+$F$43+$O$43 -> 87225 | M43: =SUM($K$43)/$D$9 -> 0.436125 | N43: =$G$36 -> 1347.4222
B44: 경 유 | C44: =SUM($E$10) -> 403047 | F44: =$K$30 -> 16030 | H44: =$L$23 -> 0 | K44: =$C$44-$H$44+$F$44+$O$44 -> 419077 | M44: =SUM($K$44)/D10 -> 0.838154 | N44: =$G$37 -> 1663.3893
G45: 복합단가의 재고수량과 단가는 보관물량 제외니 참고해주세요!

Sheet 0331
B1: ◈ KK저장소 복합단가 운영표 - 신도시저장소
B5: 이 월 재 고 | G5: [단위:리터/원]
B7: 유종 | D7: 탱크용량 | E7: 재고수량 | F7: 재고율 | G7: 단가
C8: G | D8: 0 | E8: 0 | F8: 0 | G8: 0
C9: K | D9: 200000 | E9: =SUM('0331 (입고)'!$K$43:$L$43) -> 87225 | F9: =SUM(E9)/D9 -> 0.436125 | G9: =SUM('0331 (입고)'!$N$43) -> 1347.4222
C10: D | D10: 500000 | E10: =SUM('0331 (입고)'!$K$44:$L$44) -> 419077 | F10: =SUM(E10)/D10 -> 0.838154 | G10: =SUM('0331 (입고)'!$N$44) -> 1663.3893
B13: 출고내역(K) | G13: [단위:리터/원] | J13: 출고내역(LD) | O13: [단위:리터/원]
B14: 유종 | C14: 일반매출(사내이관 포함) | J14: 유종 | K14: 일반매출(사내이관 포함)
C15: 거래처명 | D15: 수량 | E15: 출고단가 | F15: 재고단가 | G15: 단가차액 | H15: 이익 | K15: 거래처명 | L15: 수량 | M15: 출고단가 | N15: 재고단가 | O15: 단가차액 | P15: 이익
B16: 실내 등유 | C16: 독도사랑31 | D16: 4000 | F16: =IF(D16="","",(SUM($G$9))) -> 1347.4222 | G16: =IF(D16="","",(SUM(E16)-F16)) -> -1347.4222 | H16: =IF(D16="","",(D16*G16)) -> -5389688.6 | J16: 경유 | K16: 독도사랑31 | L16: 16000 | N16: =IF(L16="","",($G$10)) -> 1663.3893 | O16: =IF(L16="","",(SUM(M16)-N16)) -> -1663.3893 | P16: =IF(L16="","",(L16*O16)) -> -26614230
F17: =IF(D17="","",(SUM($G$9))) | G17: =IF(D17="","",(SUM(E17)-F17)) | H17: =IF(D17="","",(D17*G17)) | N17: =IF(L17="","",($G$10)) | O17: =IF(L17="","",(SUM(M17)-N17)) | P17: =IF(L17="","",(L17*O17))
F18: =IF(D18="","",(SUM($G$9))) | G18: =IF(D18="","",(SUM(E18)-F18)) | H18: =IF(D18="","",(D18*G18)) | N18: =IF(L18="","",($G$10)) | O18: =IF(L18="","",(SUM(M18)-N18)) | P18: =IF(L18="","",(L18*O18))
F19: =IF(D19="","",(SUM($G$9))) | G19: =IF(D19="","",(SUM(E19)-F19)) | H19: =IF(D19="","",(D19*G19)) | N19: =IF(L19="","",($G$10)) | O19: =IF(L19="","",(SUM(M19)-N19)) | P19: =IF(L19="","",(L19*O19))
F20: =IF(D20="","",(SUM($G$9))) | G20: =IF(D20="","",(SUM(E20)-F20)) | H20: =IF(D20="","",(D20*G20)) | N20: =IF(L20="","",($G$10)) | O20: =IF(L20="","",(SUM(M20)-N20)) | P20: =IF(L20="","",(L20*O20))
F21: =IF(D21="","",(SUM($G$9))) | G21: =IF(D21="","",(SUM(E21)-F21)) | H21: =IF(D21="","",(D21*G21)) | N21: =IF(L21="","",($G$10)) | O21: =IF(L21="","",(SUM(M21)-N21)) | P21: =IF(L21="","",(L21*O21))
F22: =IF(D22="","",(SUM($G$9))) | G22: =IF(D22="","",(SUM(E22)-F22)) | H22: =IF(D22="","",(D22*G22)) | N22: =IF(L22="","",($G$10)) | O22: =IF(L22="","",(SUM(M22)-N22)) | P22: =IF(L22="","",(L22*O22))
B23: 소 계 | D23: =SUM(D16:D22) -> 4000 | H23: =SUM(H16:H22) -> -5389688.6 | J23: 소 계 | L23: =SUM(L16:L22) -> 16000 | P23: =SUM(P16:P22) -> -26614230
B26: 마 감 재 고 | G26: [단위:리터/원] | J26: 입 고 내 역 | O26: [단위:리터/원]
B27: 유종 | C27: 수량 | E27: 단가 | G27: 환산금액 | J27: 유종 | K27: 수량 | M27: 사입단가 | O27: 환산금액
B28: G | C28: 0 | E28: 0 | G28: 0 | J28: G | K28: 0 | M28: 0 | O28: 0
B29: K | C29: =$E$9-$D$23 -> 83225 | E29: =$G$9 -> 1347.4222 | G29: =C29*E29 -> 1.1213921e+08 | J29: K | O29: =K29*M29 -> 0
B30: D | C30: =$E$10-$L$23 -> 403077 | E30: =$G$10 -> 1663.3893 | G30: =C30*E30 -> 6.7047399e+08 | J30: D | O30: =K30*M30 -> 0
